instrument_group,symbol,instrument_name_fa,ins_code,market,source,retrieval_date
mortgage_certificates,تسه1403,امتیاز تسهیلات مسکن سال1403,67245068099249026,بازار فرابورس,TSETMC,2026-07-22
mortgage_certificates,تسه1404,امتیاز تسهیلات مسکن سال1404,17805801742135377,بازار فرابورس,TSETMC,2026-07-22
mortgage_certificates,تسه1405,امتیاز تسهیلات مسکن سال1405,50652509974768380,بازار فرابورس,TSETMC,2026-07-22
mortgage_certificates,تسه8907,امتیاز تسهیلات مسکن مهرماه89,57731325451718490,بازار فرابورس,TSETMC,2026-07-22
mortgage_certificates,تسه8908,امتیاز تسهیلات مسکن آبان ماه89,50026314345467725,بازار فرابورس,TSETMC,2026-07-22
mortgage_certificates,تسه8909,امتیاز تسهیلات مسکن آذرماه89,43638198413087069,بازار فرابورس,TSETMC,2026-07-22
mortgage_certificates,تسه8910,امتیاز تسهیلات مسکن دی ماه 89,28849950336645207,بازار فرابورس,TSETMC,2026-07-22
mortgage_certificates,تسه8911,امتیاز تسهیلات مسکن بهمن ماه89,59463449825542330,بازار فرابورس,TSETMC,2026-07-22
mortgage_certificates,تسه8912,امتیاز تسهیلات مسکن اسفند 89,46305227678799659,بازار فرابورس,TSETMC,2026-07-22
mortgage_certificates,تسه9001,امتیاز تسهیلات مسکن فروردین 90,52620240501253486,بازار فرابورس,TSETMC,2026-07-22
mortgage_certificates,تسه9004,امتیاز تسهیلات مسکن تیرماه 90,30592968583865547,بازار فرابورس,TSETMC,2026-07-22
mortgage_certificates,تسه9008,امتیاز تسهیلات مسکن آبان 90,69569067443305938,بازار فرابورس,TSETMC,2026-07-22
mortgage_certificates,تسه9009,امتیاز تسهیلات مسکن آذر90,33400647129589624,بازار فرابورس,TSETMC,2026-07-22
mortgage_certificates,تسه9010,امتیاز تسهیلات مسکن دی ماه90,39348926601774626,بازار فرابورس,TSETMC,2026-07-22
mortgage_certificates,تسه9011,امتیاز تسهیلات مسکن بهمن ماه90,12364611634133528,بازار فرابورس,TSETMC,2026-07-22
mortgage_certificates,تسه9012,امتیاز تسهیلات مسکن اسفندماه90,163301738200990,بازار فرابورس,TSETMC,2026-07-22
mortgage_certificates,تسه9101,امتیاز تسهیلات مسکن فروردین 91,14098803458396918,بازار فرابورس,TSETMC,2026-07-22
mortgage_certificates,تسه9102,امتیاز تسهیلات مسکن اردیبهشت91,68995806996389257,بازار فرابورس,TSETMC,2026-07-22
mortgage_certificates,تسه9103,امتیاز تسهیلات مسکن خرداد 91,48393054214913539,بازار فرابورس,TSETMC,2026-07-22
mortgage_certificates,تسه9104,امتیاز تسهیلات مسکن تیرماه91,9097515773407564,بازار فرابورس,TSETMC,2026-07-22
mortgage_certificates,تسه9105,امتیاز تسهیلات مسکن مردادماه91,60767592882123239,بازار فرابورس,TSETMC,2026-07-22
mortgage_certificates,تسه9203,امتیاز تسهیلات مسکن خرداد 92,64749875350678762,بازار فرابورس,TSETMC,2026-07-22
mortgage_certificates,تسه9204,امتیاز تسهیلات مسکن تیرماه 92,17828928229984367,بازار فرابورس,TSETMC,2026-07-22
mortgage_certificates,تسه9205,امتیاز تسهیلات مسکن مرداد 92,42070382870377817,بازار فرابورس,TSETMC,2026-07-22
mortgage_certificates,تسه9206,امتیاز تسهیلات مسکن شهریور 92,69465793209205703,بازار فرابورس,TSETMC,2026-07-22
mortgage_certificates,تسه9207,امتیاز تسهیلات مسکن مهرماه 92,1359959101711313,بازار فرابورس,TSETMC,2026-07-22
mortgage_certificates,تسه9210,امتیاز تسهیلات مسکن دی ماه 92,13313496265135255,بازار فرابورس,TSETMC,2026-07-22
mortgage_certificates,تسه9211,امتیاز تسهیلات مسکن بهمنماه 92,39337083665364092,بازار فرابورس,TSETMC,2026-07-22
mortgage_certificates,تسه9212,امتیاز تسهیلات مسکن اسفندماه92,55910871837550367,بازار فرابورس,TSETMC,2026-07-22
mortgage_certificates,تسه9301,امتیاز تسهیلات مسکن فروردین 93,40756737536879408,بازار فرابورس,TSETMC,2026-07-22
mortgage_certificates,تسه9302,امتیاز تسهیلات مسکن اردیبهشت93,5412524775617700,بازار فرابورس,TSETMC,2026-07-22
mortgage_certificates,تسه9303,امتیاز تسهیلات مسکن خردادماه93,41852737992150281,بازار فرابورس,TSETMC,2026-07-22
mortgage_certificates,تسه9304,امتیاز تسهیلات مسکن تیرماه93,11783645702846141,بازار فرابورس,TSETMC,2026-07-22
mortgage_certificates,تسه9305,امتیاز تسهیلات مسکن مردادماه93,25485128449538632,بازار فرابورس,TSETMC,2026-07-22
mortgage_certificates,تسه9310,امتیاز تسهیلات مسکن دی ماه93,37946483689401180,بازار فرابورس,TSETMC,2026-07-22
mortgage_certificates,تسه9311,امتیاز تسهیلات مسکن بهمنماه 93,51818283624304658,بازار فرابورس,TSETMC,2026-07-22
mortgage_certificates,تسه9312,امتیاز تسهیلات مسکن اسفند 93,28689570019072302,بازار فرابورس,TSETMC,2026-07-22
mortgage_certificates,تسه9401,امتیاز تسهیلات مسکن فروردین94,65407584641468680,بازار فرابورس,TSETMC,2026-07-22
mortgage_certificates,تسه9402,امتیاز تسهیلات مسکن اردیبهشت94,18807759244885028,بازار فرابورس,TSETMC,2026-07-22
mortgage_certificates,تسه9403,امتیاز تسهیلات مسکن خرداد 94,63299563441010676,بازار فرابورس,TSETMC,2026-07-22
mortgage_certificates,تسه9404,امتیاز تسهیلات مسکن تیر94,49618574076860446,بازار فرابورس,TSETMC,2026-07-22
mortgage_certificates,تسه9405,امتیاز تسهیلات مسکن مرداد94,49199087305126682,بازار فرابورس,TSETMC,2026-07-22
mortgage_certificates,تسه9406,امتیاز تسهیلات مسکن شهریور94,33431647616303833,بازار فرابورس,TSETMC,2026-07-22
mortgage_certificates,تسه9407,امتیاز تسهیلات مسکن مهرماه 94,43957999447199101,بازار فرابورس,TSETMC,2026-07-22
mortgage_certificates,تسه9501,امتیاز تسهیلات مسکن فروردین95,58432687994606328,بازار فرابورس,TSETMC,2026-07-22
mortgage_certificates,تسه9502,امتیاز تسهیلات مسکن اردیبهشت95,24095835622675205,بازار فرابورس,TSETMC,2026-07-22
mortgage_certificates,تسه9503,امتیاز تسهیلات مسکن خرداد 95,5019865278498569,بازار فرابورس,TSETMC,2026-07-22
mortgage_certificates,تسه9504,امتیاز تسهیلات مسکن تیر ماه 95,17217689629682758,بازار فرابورس,TSETMC,2026-07-22
mortgage_certificates,تسه9505,امتیاز تسهیلات مسکن مردادماه95,7420013136569528,بازار فرابورس,TSETMC,2026-07-22
mortgage_certificates,تسه9506,امتیاز تسهیلات مسکن شهریور 95,8817369445940242,بازار فرابورس,TSETMC,2026-07-22
mortgage_certificates,تسه9507,امتیاز تسهیلات مسکن مهر 95,27157296306913953,بازار فرابورس,TSETMC,2026-07-22
mortgage_certificates,تسه9508,امتیاز تسهیلات مسکن آبانماه 95,14825024264732797,بازار فرابورس,TSETMC,2026-07-22
mortgage_certificates,تسه9509,امتیاز تسهیلات مسکن آذرماه 95,37219684915629654,بازار فرابورس,TSETMC,2026-07-22
mortgage_certificates,تسه9510,امتیاز تسهیلات مسکن دی ماه 95,31723276281575803,بازار فرابورس,TSETMC,2026-07-22
mortgage_certificates,تسه9511,امتیاز تسهیلات مسکن بهمن ماه95,21350214000597969,بازار فرابورس,TSETMC,2026-07-22
mortgage_certificates,تسه9512,امتیاز تسهیلات مسکن اسفندماه95,30038978589192551,بازار فرابورس,TSETMC,2026-07-22
mortgage_certificates,تسه9601,امتیاز تسهیلات مسکن فروردین96,68151613203549690,بازار فرابورس,TSETMC,2026-07-22
mortgage_certificates,تسه9602,امتیاز تسهیلات مسکن اردیبهشت96,47245955682789926,بازار فرابورس,TSETMC,2026-07-22
mortgage_certificates,تسه9603,امتیاز تسهیلات مسکن خرداد 96,16725382720692568,بازار فرابورس,TSETMC,2026-07-22
mortgage_certificates,تسه9604,امتیاز تسهیلات مسکن تیر96,21851863906501460,بازار فرابورس,TSETMC,2026-07-22
mortgage_certificates,تسه9605,امتیاز تسهیلات مسکن مرداد 96,40346507120206669,بازار فرابورس,TSETMC,2026-07-22
mortgage_certificates,تسه9606,امتیاز تسهیلات مسکن شهریور 96,61978257933030834,بازار فرابورس,TSETMC,2026-07-22
mortgage_certificates,تسه9607,امتیاز تسهیلات مسکن مهر96,37998178264888078,بازار فرابورس,TSETMC,2026-07-22
mortgage_certificates,تسه9608,امتیاز تسهیلات مسکن آبان96,10831551130410639,بازار فرابورس,TSETMC,2026-07-22
mortgage_certificates,تسه9609,امتیاز تسهیلات مسکن آذر96,24794536744903047,بازار فرابورس,TSETMC,2026-07-22
mortgage_certificates,تسه9610,امتیاز تسهیلات مسکن دی96,19920168236103182,بازار فرابورس,TSETMC,2026-07-22
mortgage_certificates,تسه9611,امتیاز تسهیلات مسکن بهمن96,55848849021200650,بازار فرابورس,TSETMC,2026-07-22
mortgage_certificates,تسه9612,امتیاز تسهیلات مسکن اسفند96,48338606859106961,بازار فرابورس,TSETMC,2026-07-22
mortgage_certificates,تسه9701,امتیاز تسهیلات مسکن فروردین97,11332953223903902,بازار فرابورس,TSETMC,2026-07-22
mortgage_certificates,تسه9702,امتیاز تسهیلات مسکن اردیبهشت97,39604494485558197,بازار فرابورس,TSETMC,2026-07-22
mortgage_certificates,تسه9703,امتیاز تسهیلات مسکن خرداد97,62001406407337461,بازار فرابورس,TSETMC,2026-07-22
mortgage_certificates,تسه9704,امتیاز تسهیلات مسکن تیر97,34776415527452961,بازار فرابورس,TSETMC,2026-07-22
mortgage_certificates,تسه9705,امتیاز تسهیلات مسکن مرداد97,350097973599097,بازار فرابورس,TSETMC,2026-07-22
mortgage_certificates,تسه9706,امتیاز تسهیلات مسکن شهریور97,38066740861554557,بازار فرابورس,TSETMC,2026-07-22
mortgage_certificates,تسه9707,امتیاز تسهیلات مسکن مهر97,61062392807810466,بازار فرابورس,TSETMC,2026-07-22
mortgage_certificates,تسه9708,امتیاز تسهیلات مسکن آبان97,38166945723865485,بازار فرابورس,TSETMC,2026-07-22
mortgage_certificates,تسه9709,امتیاز تسهیلات مسکن آذر97,20393717141867821,بازار فرابورس,TSETMC,2026-07-22
mortgage_certificates,تسه9710,امتیاز تسهیلات مسکن دی 97,10574526790623372,بازار فرابورس,TSETMC,2026-07-22
mortgage_certificates,تسه9711,امتیاز تسهیلات مسکن بهمن 97,35188369797280638,بازار فرابورس,TSETMC,2026-07-22
mortgage_certificates,تسه9712,امتیاز تسهیلات مسکن اسفند97,61355897526163116,بازار فرابورس,TSETMC,2026-07-22
mortgage_certificates,تسه9801,امتیاز تسهیلات مسکن فروردین98,15221664222769132,بازار فرابورس,TSETMC,2026-07-22
mortgage_certificates,تسه9802,امتیاز تسهیلات مسکن اردیبهشت98,5657981336716226,بازار فرابورس,TSETMC,2026-07-22
mortgage_certificates,تسه9803,امتیاز تسهیلات مسکن خرداد98,1831214548277647,بازار فرابورس,TSETMC,2026-07-22
mortgage_certificates,تسه9804,امتیاز تسهیلات مسکن تیر98,66017397299787592,بازار فرابورس,TSETMC,2026-07-22
mortgage_certificates,تسه9805,امتیاز تسهیلات مسکن مرداد98,6710089299473179,بازار فرابورس,TSETMC,2026-07-22
mortgage_certificates,تسه9806,امتیاز تسهیلات مسکن شهریور98,19422860143693289,بازار فرابورس,TSETMC,2026-07-22
mortgage_certificates,تسه9807,امتیاز تسهیلات مسکن مهر98,38436612777305077,بازار فرابورس,TSETMC,2026-07-22
mortgage_certificates,تسه9808,امتیاز تسهیلات مسکن آبان98,12089903491411130,بازار فرابورس,TSETMC,2026-07-22
mortgage_certificates,تسه9809,امتیاز تسهیلات مسکن آذر98,52011547716040734,بازار فرابورس,TSETMC,2026-07-22
mortgage_certificates,تسه9810,امتیاز تسهیلات مسکن دی98,52699075188861283,بازار فرابورس,TSETMC,2026-07-22
mortgage_certificates,تسه9811,امتیاز تسهیلات مسکن بهمن98,3370493881245014,بازار فرابورس,TSETMC,2026-07-22
mortgage_certificates,تسه9812,امتیاز تسهیلات مسکن اسفند98,40907790180697910,بازار فرابورس,TSETMC,2026-07-22
mortgage_certificates,تسه9901,امتیاز تسهیلات مسکن فروردین99,68404094821755424,بازار فرابورس,TSETMC,2026-07-22
mortgage_certificates,تسه9902,امتیاز تسهیلات مسکن اردیبهشت99,16406868012951979,بازار فرابورس,TSETMC,2026-07-22
mortgage_certificates,تسه9903,امتیاز تسهیلات مسکن خرداد99,40118769556907353,بازار فرابورس,TSETMC,2026-07-22
mortgage_certificates,تسه9904,امتیاز تسهیلات مسکن تیر99,32051979696170482,بازار فرابورس,TSETMC,2026-07-22
mortgage_certificates,تسه9905,امتیاز تسهیلات مسکن مرداد99,49856142659693686,بازار فرابورس,TSETMC,2026-07-22
mortgage_certificates,تسه9906,امتیاز تسهیلات مسکن شهریور99,14027767200567014,بازار فرابورس,TSETMC,2026-07-22
mortgage_certificates,تسه9907,امتیاز تسهیلات مسکن مهر99,43700005955291201,بازار فرابورس,TSETMC,2026-07-22
mortgage_certificates,تسه9908,امتیاز تسهیلات مسکن آبان99,4901886287361309,بازار فرابورس,TSETMC,2026-07-22
mortgage_certificates,تسه9909,امتیاز تسهیلات مسکن آذر99,12950089213578221,بازار فرابورس,TSETMC,2026-07-22
mortgage_certificates,تسه9910,امتیاز تسهیلات مسکن دی99,69882333653254165,بازار فرابورس,TSETMC,2026-07-22
mortgage_certificates,تسه9911,امتیاز تسهیلات مسکن بهمن99,33407851615887009,بازار فرابورس,TSETMC,2026-07-22
mortgage_certificates,تسه9912,امتیاز تسهیلات مسکن اسفند99,16164451491521441,بازار فرابورس,TSETMC,2026-07-22
real_estate_developers,ثاخت,بین المللی توسعه ساختمان,17800036702302776,TSETMC real-estate sector constituent,TSETMC,2026-07-22
real_estate_developers,ثامان,سامان گستراصفهان,66456062140680461,TSETMC real-estate sector constituent,TSETMC,2026-07-22
real_estate_developers,ثامید,توسعه و عمران امید,18568733593280948,TSETMC real-estate sector constituent,TSETMC,2026-07-22
real_estate_developers,ثبهساز,بهساز کاشانه تهران,14744445176220774,TSETMC real-estate sector constituent,TSETMC,2026-07-22
real_estate_developers,ثشاهد,سرمایه گذاری شاهد,63481599728522324,TSETMC real-estate sector constituent,TSETMC,2026-07-22
real_estate_developers,ثشرق,سرمایه گذاری مسکن شمال شرق,6043384171800349,TSETMC real-estate sector constituent,TSETMC,2026-07-22
real_estate_developers,ثفارس,عمران وتوسعه فارس,30852391633490755,TSETMC real-estate sector constituent,TSETMC,2026-07-22
real_estate_developers,ثمسکن,سرمایه گذاری مسکن,3863538898378476,TSETMC real-estate sector constituent,TSETMC,2026-07-22
real_estate_developers,ثنوسا,نوسازی وساختمان تهران,32845891587040106,TSETMC real-estate sector constituent,TSETMC,2026-07-22
real_estate_developers,ثپهران,توسعه ساختمان سپهر تهران,4545713647225984,TSETMC real-estate sector constituent,TSETMC,2026-07-22
real_estate_developers,وآذر,سرمایه گذاری توسعه آذربایجان,1358190916156744,TSETMC real-estate sector constituent,TSETMC,2026-07-22
real_estate_developers,وتوس,توسعه شهری توس گستر,68117765376081366,TSETMC real-estate sector constituent,TSETMC,2026-07-22
real_estate_developers,وساخت,سرمایه گذاری ساختمان ایران,25514780181345713,TSETMC real-estate sector constituent,TSETMC,2026-07-22
real_estate_funds,ارزش مسکن,ص.س.املاک ومستغلات ارزش مسکن,71945594172117613,بازار فرابورس,TSETMC,2026-07-22
real_estate_funds,امین شهر,ص.س. املاک و مستغلات امین شهر,70814244102598215,بازار فرابورس,TSETMC,2026-07-22
real_estate_funds,دانیک,ص.س.املاک ومستغلات نیک رای,67717913151786055,بازار فرابورس,TSETMC,2026-07-22
real_estate_funds,عمارت دی,صندوق س دی-املاک,41480981133648877,بازار بورس,TSETMC,2026-07-22
real_estate_funds,مالک آتیه,ص.س.املاک و مستغلات مالک آتیه,37118058361762279,بازار فرابورس,TSETMC,2026-07-22
real_estate_funds,کاخ,صندوق س کاخ-املاک,71595553356620707,بازار بورس,TSETMC,2026-07-22
real_estate_funds,کلید,صندوق س خانه آگاه-املاک,45292762906823004,بازار بورس,TSETMC,2026-07-22
