cleaning_id,dataset_id,date,input_path,output_path,script,transformation,reason,rows_before,rows_after,columns_before,columns_after,performed_by,review_status,notes
clean_cbi_hsg_private_investment_new_buildings_q,cbi_hsg_private_investment_new_buildings_q,2026-07-22,data/raw/housing/cbi_tsd_14050431/TSD-Rep-14050431 (3).xlsx; data/raw/housing/cbi_tsd_14050431/TSD-Rep-14050431 (2).xlsx,data/cleaned/housing/cbi_urban_tehran_pairs/cbi_hsg_private_investment_new_buildings_q.csv,src/common/process_cbi_tsd_exports.py,"Extracted source columns; paired urban and Tehran by normalized Solar Hijri quarter; retained years >=1370; preserved values, units, missingness, and preliminary flags.",User-requested standardization,138,138,2,8,Codex,completed,"No imputation, aggregation, or unit conversion."
clean_cbi_hsg_started_buildings_count_q,cbi_hsg_started_buildings_count_q,2026-07-22,data/raw/housing/cbi_tsd_14050431/TSD-Rep-14050431 (6).xlsx; data/raw/housing/cbi_tsd_14050431/TSD-Rep-14050431 (5).xlsx,data/cleaned/housing/cbi_urban_tehran_pairs/cbi_hsg_started_buildings_count_q.csv,src/common/process_cbi_tsd_exports.py,"Extracted source columns; paired urban and Tehran by normalized Solar Hijri quarter; retained years >=1370; preserved values, units, missingness, and preliminary flags.",User-requested standardization,132,132,2,8,Codex,completed,"No imputation, aggregation, or unit conversion."
clean_cbi_hsg_started_buildings_floor_area_q,cbi_hsg_started_buildings_floor_area_q,2026-07-22,data/raw/housing/cbi_tsd_14050431/TSD-Rep-14050431 (8).xlsx; data/raw/housing/cbi_tsd_14050431/TSD-Rep-14050431 (7).xlsx,data/cleaned/housing/cbi_urban_tehran_pairs/cbi_hsg_started_buildings_floor_area_q.csv,src/common/process_cbi_tsd_exports.py,"Extracted source columns; paired urban and Tehran by normalized Solar Hijri quarter; retained years >=1370; preserved values, units, missingness, and preliminary flags.",User-requested standardization,132,132,2,8,Codex,completed,"No imputation, aggregation, or unit conversion."
clean_cbi_hsg_started_buildings_cost_per_sqm_q,cbi_hsg_started_buildings_cost_per_sqm_q,2026-07-22,data/raw/housing/cbi_tsd_14050431/TSD-Rep-14050431 (9).xlsx; data/raw/housing/cbi_tsd_14050431/TSD-Rep-14050431 (9).xlsx,data/cleaned/housing/cbi_urban_tehran_pairs/cbi_hsg_started_buildings_cost_per_sqm_q.csv,src/common/process_cbi_tsd_exports.py,"Extracted source columns; paired urban and Tehran by normalized Solar Hijri quarter; retained years >=1370; preserved values, units, missingness, and preliminary flags.",User-requested standardization,132,132,2,8,Codex,completed,"No imputation, aggregation, or unit conversion."
clean_cbi_hsg_started_buildings_land_value_per_sqm_q,cbi_hsg_started_buildings_land_value_per_sqm_q,2026-07-22,data/raw/housing/cbi_tsd_14050431/TSD-Rep-14050431 (10).xlsx; data/raw/housing/cbi_tsd_14050431/TSD-Rep-14050431 (10).xlsx,data/cleaned/housing/cbi_urban_tehran_pairs/cbi_hsg_started_buildings_land_value_per_sqm_q.csv,src/common/process_cbi_tsd_exports.py,"Extracted source columns; paired urban and Tehran by normalized Solar Hijri quarter; retained years >=1370; preserved values, units, missingness, and preliminary flags.",User-requested standardization,78,78,2,8,Codex,completed,"No imputation, aggregation, or unit conversion."
clean_cbi_hsg_completed_buildings_land_value_per_sqm_q,cbi_hsg_completed_buildings_land_value_per_sqm_q,2026-07-22,data/raw/housing/cbi_tsd_14050431/TSD-Rep-14050431 (10).xlsx; data/raw/housing/cbi_tsd_14050431/TSD-Rep-14050431 (10).xlsx,data/cleaned/housing/cbi_urban_tehran_pairs/cbi_hsg_completed_buildings_land_value_per_sqm_q.csv,src/common/process_cbi_tsd_exports.py,"Extracted source columns; paired urban and Tehran by normalized Solar Hijri quarter; retained years >=1370; preserved values, units, missingness, and preliminary flags.",User-requested standardization,78,78,2,8,Codex,completed,"No imputation, aggregation, or unit conversion."
clean_cbi_hsg_completed_buildings_floor_area_q,cbi_hsg_completed_buildings_floor_area_q,2026-07-22,data/raw/housing/cbi_tsd_14050431/TSD-Rep-14050431 (11).xlsx; data/raw/housing/cbi_tsd_14050431/TSD-Rep-14050431 (11).xlsx,data/cleaned/housing/cbi_urban_tehran_pairs/cbi_hsg_completed_buildings_floor_area_q.csv,src/common/process_cbi_tsd_exports.py,"Extracted source columns; paired urban and Tehran by normalized Solar Hijri quarter; retained years >=1370; preserved values, units, missingness, and preliminary flags.",User-requested standardization,132,132,2,8,Codex,completed,"No imputation, aggregation, or unit conversion."
clean_cbi_hsg_completed_buildings_cost_per_sqm_q,cbi_hsg_completed_buildings_cost_per_sqm_q,2026-07-22,data/raw/housing/cbi_tsd_14050431/TSD-Rep-14050431 (11).xlsx; data/raw/housing/cbi_tsd_14050431/TSD-Rep-14050431 (11).xlsx,data/cleaned/housing/cbi_urban_tehran_pairs/cbi_hsg_completed_buildings_cost_per_sqm_q.csv,src/common/process_cbi_tsd_exports.py,"Extracted source columns; paired urban and Tehran by normalized Solar Hijri quarter; retained years >=1370; preserved values, units, missingness, and preliminary flags.",User-requested standardization,132,132,2,8,Codex,completed,"No imputation, aggregation, or unit conversion."
clean_cbi_hsg_completed_buildings_count_q,cbi_hsg_completed_buildings_count_q,2026-07-22,data/raw/housing/cbi_tsd_14050431/TSD-Rep-14050431 (12).xlsx; data/raw/housing/cbi_tsd_14050431/TSD-Rep-14050431 (12).xlsx,data/cleaned/housing/cbi_urban_tehran_pairs/cbi_hsg_completed_buildings_count_q.csv,src/common/process_cbi_tsd_exports.py,"Extracted source columns; paired urban and Tehran by normalized Solar Hijri quarter; retained years >=1370; preserved values, units, missingness, and preliminary flags.",User-requested standardization,132,132,2,8,Codex,completed,"No imputation, aggregation, or unit conversion."
clean_cbi_hsg_building_permits_count_q,cbi_hsg_building_permits_count_q,2026-07-22,data/raw/housing/cbi_tsd_14050431/TSD-Rep-14050431 (14).xlsx; data/raw/housing/cbi_tsd_14050431/TSD-Rep-14050431 (14).xlsx,data/cleaned/housing/cbi_urban_tehran_pairs/cbi_hsg_building_permits_count_q.csv,src/common/process_cbi_tsd_exports.py,"Extracted source columns; paired urban and Tehran by normalized Solar Hijri quarter; retained years >=1370; preserved values, units, missingness, and preliminary flags.",User-requested standardization,134,134,2,8,Codex,completed,"No imputation, aggregation, or unit conversion."
clean_cbi_hsg_rent_index_q,cbi_hsg_rent_index_q,2026-07-22,data/raw/housing/cbi_tsd_14050431/TSD-Rep-14050431 (15).xlsx; data/raw/housing/cbi_tsd_14050431/TSD-Rep-14050431 (15).xlsx,data/cleaned/housing/cbi_urban_tehran_pairs/cbi_hsg_rent_index_q.csv,src/common/process_cbi_tsd_exports.py,"Extracted source columns; paired urban and Tehran by normalized Solar Hijri quarter; retained years >=1370; preserved values, units, missingness, and preliminary flags.",User-requested standardization,138,138,2,8,Codex,completed,"No imputation, aggregation, or unit conversion."
clean_cbi_hsg_land_price_index_q,cbi_hsg_land_price_index_q,2026-07-22,data/raw/housing/cbi_tsd_14050431/TSD-Rep-14050431 (15).xlsx; data/raw/housing/cbi_tsd_14050431/TSD-Rep-14050431 (15).xlsx,data/cleaned/housing/cbi_urban_tehran_pairs/cbi_hsg_land_price_index_q.csv,src/common/process_cbi_tsd_exports.py,"Extracted source columns; paired urban and Tehran by normalized Solar Hijri quarter; retained years >=1370; preserved values, units, missingness, and preliminary flags.",User-requested standardization,110,110,2,8,Codex,completed,"No imputation, aggregation, or unit conversion."
clean_cbi_hsg_building_permits_floor_area_q,cbi_hsg_building_permits_floor_area_q,2026-07-22,data/raw/housing/cbi_tsd_14050431/TSD-Rep-14050431 (16).xlsx; data/raw/housing/cbi_tsd_14050431/TSD-Rep-14050431 (16).xlsx,data/cleaned/housing/cbi_urban_tehran_pairs/cbi_hsg_building_permits_floor_area_q.csv,src/common/process_cbi_tsd_exports.py,"Extracted source columns; paired urban and Tehran by normalized Solar Hijri quarter; retained years >=1370; preserved values, units, missingness, and preliminary flags.",User-requested standardization,134,134,2,8,Codex,completed,"No imputation, aggregation, or unit conversion."
clean_cbi_hsg_private_sector_credit_q,cbi_hsg_private_sector_credit_q,2026-07-22,data/raw/housing/cbi_tsd_14050431/TSD-Rep-14050431 (1).xlsx,data/cleaned/housing/cbi_non_geographic/cbi_hsg_private_sector_credit_q.csv,src/common/process_cbi_tsd_exports.py,"Extracted source series; normalized Solar Hijri period; retained years >=1370; preserved values, missingness, source units, and preliminary flags.",User-requested standardization,79,79,1,5,Codex,completed,No geographic counterpart existed in the supplied files; none was fabricated.
clean_cbi_hsg_private_investment_total_q,cbi_hsg_private_investment_total_q,2026-07-22,data/raw/housing/cbi_tsd_14050431/TSD-Rep-14050431 (4).xlsx,data/cleaned/housing/cbi_non_geographic/cbi_hsg_private_investment_total_q.csv,src/common/process_cbi_tsd_exports.py,"Extracted source series; normalized Solar Hijri period; retained years >=1370; preserved values, missingness, source units, and preliminary flags.",User-requested standardization,134,134,1,5,Codex,completed,No geographic counterpart existed in the supplied files; none was fabricated.
clean_cbi_hsg_completed_residential_units_floor_area_q,cbi_hsg_completed_residential_units_floor_area_q,2026-07-22,data/raw/housing/cbi_tsd_14050431/TSD-Rep-14050431 (13).xlsx,data/cleaned/housing/cbi_non_geographic/cbi_hsg_completed_residential_units_floor_area_q.csv,src/common/process_cbi_tsd_exports.py,"Extracted source series; normalized Solar Hijri period; retained years >=1370; preserved values, missingness, source units, and preliminary flags.",User-requested standardization,134,134,1,5,Codex,completed,No geographic counterpart existed in the supplied files; none was fabricated.
clean_cbi_hsg_completed_residential_units_average_area_q,cbi_hsg_completed_residential_units_average_area_q,2026-07-22,data/raw/housing/cbi_tsd_14050431/TSD-Rep-14050431 (13).xlsx,data/cleaned/housing/cbi_non_geographic/cbi_hsg_completed_residential_units_average_area_q.csv,src/common/process_cbi_tsd_exports.py,"Extracted source series; normalized Solar Hijri period; retained years >=1370; preserved values, missingness, source units, and preliminary flags.",User-requested standardization,134,134,1,5,Codex,completed,No geographic counterpart existed in the supplied files; none was fabricated.
clean_cbi_hsg_completed_residential_units_count_q,cbi_hsg_completed_residential_units_count_q,2026-07-22,data/raw/housing/cbi_tsd_14050431/TSD-Rep-14050431 (14).xlsx,data/cleaned/housing/cbi_non_geographic/cbi_hsg_completed_residential_units_count_q.csv,src/common/process_cbi_tsd_exports.py,"Extracted source series; normalized Solar Hijri period; retained years >=1370; preserved values, missingness, source units, and preliminary flags.",User-requested standardization,134,134,1,5,Codex,completed,No geographic counterpart existed in the supplied files; none was fabricated.
clean_cbi_hsg_rent_index_by_city_size_q,cbi_hsg_rent_index_by_city_size_q,2026-07-22,data/raw/housing/cbi_tsd_14050431/TSD-Rep-14050431 (15).xlsx; data/raw/housing/cbi_tsd_14050431/TSD-Rep-14050431 (15).xlsx; data/raw/housing/cbi_tsd_14050431/TSD-Rep-14050431 (15).xlsx,data/cleaned/housing/cbi_non_geographic/cbi_hsg_rent_index_by_city_size_q.csv,src/common/process_cbi_tsd_exports.py,"Extracted source series; normalized Solar Hijri period; retained years >=1370; preserved values, missingness, source units, and preliminary flags.",User-requested standardization,138,138,3,9,Codex,completed,No geographic counterpart existed in the supplied files; none was fabricated.
clean_cbi_hsg_bank_maskan_loans_a,cbi_hsg_bank_maskan_loans_a,2026-07-22,data/raw/housing/cbi_tsd_14050431/TSD-Rep-14050431 (17).xlsx; data/raw/housing/cbi_tsd_14050431/TSD-Rep-14050431 (17).xlsx,data/cleaned/housing/cbi_non_geographic/cbi_hsg_bank_maskan_loans_a.csv,src/common/process_cbi_tsd_exports.py,"Extracted source series; normalized Solar Hijri period; retained years >=1370; preserved values, missingness, source units, and preliminary flags.",User-requested standardization,33,33,2,6,Codex,completed,No geographic counterpart existed in the supplied files; none was fabricated.
clean_cbi_macro_liquidity_q,cbi_macro_liquidity_q,2026-07-22,data/raw/macro/cbi_tsd_14050431/TSD-Rep-14050431.xlsx,data/cleaned/macro/money_and_credit/cbi_macro_liquidity_q.csv,src/common/process_cbi_tsd_exports.py,"Extracted source series; normalized Solar Hijri period; retained years >=1370; preserved values, missingness, source units, and preliminary flags.",User-requested standardization,101,101,1,5,Codex,completed,No geographic counterpart existed in the supplied files; none was fabricated.
clean_cbi_macro_urban_unemployment_rate_q,cbi_macro_urban_unemployment_rate_q,2026-07-22,data/raw/housing/cbi_tsd_14050431/TSD-Rep-14050431 (15).xlsx,data/cleaned/macro/labor_market/cbi_macro_urban_unemployment_rate_q.csv,src/common/process_cbi_tsd_exports.py,"Extracted source series; normalized Solar Hijri period; retained years >=1370; preserved values, missingness, source units, and preliminary flags.",User-requested standardization,95,95,1,5,Codex,completed,No geographic counterpart existed in the supplied files; none was fabricated.
register_macro_iran_cpi_inflation_monthly_1399_1404,macro_iran_cpi_inflation_monthly_1399_1404,2026-07-22,data/raw/macro/external_data_analysis_20260722/iran_cpi_inflation_monthly_1399_1404.csv,data/cleaned/macro/prices_and_inflation/iran_cpi_inflation_monthly_1399_1404.csv,src/macro/register_standardized_macro_csvs.py,"Validated and copied byte-for-byte; no value, field, date, unit, or missing-value transformation.",User requested integration and standardization; received files already conformed to the project CSV standard.,72,72,7,7,Codex,completed,Upstream processing and limitations are documented in the catalog and methodology notes.
register_macro_iran_usd_free_market_daily_1399_1405,macro_iran_usd_free_market_daily_1399_1405,2026-07-22,data/raw/macro/external_data_analysis_20260722/iran_daily_usd_free_market_rate_1399_1405.csv,data/cleaned/macro/exchange_rates/iran_daily_usd_free_market_rate_1399_1405.csv,src/macro/register_standardized_macro_csvs.py,"Validated and copied byte-for-byte; no value, field, date, unit, or missing-value transformation.",User requested integration and standardization; received files already conformed to the project CSV standard.,1815,1815,7,7,Codex,completed,Upstream processing and limitations are documented in the catalog and methodology notes.
register_macro_iran_gdp_quarterly_nominal_real_1399_1404,macro_iran_gdp_quarterly_nominal_real_1399_1404,2026-07-22,data/raw/macro/external_data_analysis_20260722/iran_gdp_quarterly_nominal_real_1399_1404.csv,data/cleaned/macro/national_accounts/iran_gdp_quarterly_nominal_real_1399_1404.csv,src/macro/register_standardized_macro_csvs.py,"Validated and copied byte-for-byte; no value, field, date, unit, or missing-value transformation.",User requested integration and standardization; received files already conformed to the project CSV standard.,24,24,5,5,Codex,completed,Upstream processing and limitations are documented in the catalog and methodology notes.
register_macro_iran_ikhza_risk_free_monthly_1399_1404,macro_iran_ikhza_risk_free_monthly_1399_1404,2026-07-22,data/raw/macro/external_data_analysis_20260722/iran_risk_free_rate_ikhza_monthly_jalali_1399_1404.csv,data/cleaned/macro/interest_rates/domestic/iran_risk_free_rate_ikhza_monthly_jalali_1399_1404.csv,src/macro/register_standardized_macro_csvs.py,"Validated and copied byte-for-byte; no value, field, date, unit, or missing-value transformation.",User requested integration and standardization; received files already conformed to the project CSV standard.,72,72,10,10,Codex,completed,Upstream processing and limitations are documented in the catalog and methodology notes.
register_macro_us_federal_funds_effective_monthly_jalali_1399_1404,macro_us_federal_funds_effective_monthly_jalali_1399_1404,2026-07-22,data/raw/macro/external_data_analysis_20260722/us_federal_funds_effective_rate_monthly_jalali_1399_1404.csv,data/cleaned/macro/interest_rates/international/us_federal_funds_effective_rate_monthly_jalali_1399_1404.csv,src/macro/register_standardized_macro_csvs.py,"Validated and copied byte-for-byte; no value, field, date, unit, or missing-value transformation.",User requested integration and standardization; received files already conformed to the project CSV standard.,72,72,6,6,Codex,completed,Upstream processing and limitations are documented in the catalog and methodology notes.
