dataset_id,dataset_name,topic,category,subcategory,category_status,description,source_organization,source_url,collection_method,date_collected,original_filename,stored_filename,raw_path,cleaned_path,derived_path,file_format,sheet_names,time_coverage_start,time_coverage_end,frequency,geographic_coverage,unit,language,access_status,cleaning_status,validation_status,current_use,related_task,confidentiality,checksum_sha256,notes
cbi_hsg_private_investment_new_buildings_q,بخش ساختمان و مسکن/ سرمايه گذاري بخش خصوصي در ساختمان هاي جديد مناطق شهري/ سرمايه گذاري بر حسب مناطق شهري,Central Bank of Iran time-series data,housing,construction_investment,confirmed,بخش ساختمان و مسکن/ سرمايه گذاري بخش خصوصي در ساختمان هاي جديد مناطق شهري/ سرمايه گذاري بر حسب مناطق شهري,Central Bank of the Islamic Republic of Iran,https://tsdview.cis.cbi.ir/single-data,manual Excel export,2026-07-22,TSD-Rep-14050431 (2).xlsx; TSD-Rep-14050431 (3).xlsx,TSD-Rep-14050431 (2).xlsx; TSD-Rep-14050431 (3).xlsx,data/raw/housing/cbi_tsd_14050431/TSD-Rep-14050431 (2).xlsx; data/raw/housing/cbi_tsd_14050431/TSD-Rep-14050431 (3).xlsx,data/cleaned/housing/cbi_urban_tehran_pairs/cbi_hsg_private_investment_new_buildings_q.csv,,CSV,فصلي,1370-Q1,1404-Q2,quarterly,all urban areas and Tehran,ميليارد ريال,Persian source; English standardized fields,public website,completed,automated structural checks completed; substantive review recommended,available,cbi_tsd_bulk_standardization_20260722,public,2a9e8dc45fb0fb14f3999e60eb2cced19a09651485773d7cc343de972e9fc1a0,نام و واحد مستقیماً از فایل اکسل حفظ شده‌اند. برچسب‌ها: urban=کليه مناطق شهري; Tehran=تهران. Urban and Tehran values are paired by period; no interpolation; blanks represent unavailable counterparts.
cbi_hsg_started_buildings_count_q,بخش ساختمان و مسکن/ ساختمان هاي شروع شده توسط بخش خصوصي در مناطق شهري/ تعداد,Central Bank of Iran time-series data,housing,construction_starts,confirmed,بخش ساختمان و مسکن/ ساختمان هاي شروع شده توسط بخش خصوصي در مناطق شهري/ تعداد,Central Bank of the Islamic Republic of Iran,https://tsdview.cis.cbi.ir/single-data,manual Excel export,2026-07-22,TSD-Rep-14050431 (5).xlsx; TSD-Rep-14050431 (6).xlsx,TSD-Rep-14050431 (5).xlsx; TSD-Rep-14050431 (6).xlsx,data/raw/housing/cbi_tsd_14050431/TSD-Rep-14050431 (5).xlsx; data/raw/housing/cbi_tsd_14050431/TSD-Rep-14050431 (6).xlsx,data/cleaned/housing/cbi_urban_tehran_pairs/cbi_hsg_started_buildings_count_q.csv,,CSV,فصلي,1370-Q3,1404-Q2,quarterly,all urban areas and Tehran,دستگاه,Persian source; English standardized fields,public website,completed,automated structural checks completed; substantive review recommended,available,cbi_tsd_bulk_standardization_20260722,public,69969ee10b7e8266701aa1ee2ab95e0c8fddb540b1392687878061e39b1ed935,نام و واحد مستقیماً از فایل اکسل حفظ شده‌اند. برچسب‌ها: urban=کليه مناطق شهري; Tehran=تهران. Urban and Tehran values are paired by period; no interpolation; blanks represent unavailable counterparts.
cbi_hsg_started_buildings_floor_area_q,بخش ساختمان و مسکن/ ساختمان هاي شروع شده توسط بخش خصوصي در مناطق شهري/ سطح کل زيربناي ساختمان‌ ها,Central Bank of Iran time-series data,housing,construction_starts,confirmed,بخش ساختمان و مسکن/ ساختمان هاي شروع شده توسط بخش خصوصي در مناطق شهري/ سطح کل زيربناي ساختمان‌ ها,Central Bank of the Islamic Republic of Iran,https://tsdview.cis.cbi.ir/single-data,manual Excel export,2026-07-22,TSD-Rep-14050431 (7).xlsx; TSD-Rep-14050431 (8).xlsx,TSD-Rep-14050431 (7).xlsx; TSD-Rep-14050431 (8).xlsx,data/raw/housing/cbi_tsd_14050431/TSD-Rep-14050431 (7).xlsx; data/raw/housing/cbi_tsd_14050431/TSD-Rep-14050431 (8).xlsx,data/cleaned/housing/cbi_urban_tehran_pairs/cbi_hsg_started_buildings_floor_area_q.csv,,CSV,فصلي,1370-Q3,1404-Q2,quarterly,all urban areas and Tehran,هزار مترمربع,Persian source; English standardized fields,public website,completed,automated structural checks completed; substantive review recommended,available,cbi_tsd_bulk_standardization_20260722,public,33dc9df590c1948b76d53f0a47e9d5d1a9f22928c19e49367c4fa867419c7c6f,نام و واحد مستقیماً از فایل اکسل حفظ شده‌اند. برچسب‌ها: urban=کليه مناطق شهري; Tehran=تهران. Urban and Tehran values are paired by period; no interpolation; blanks represent unavailable counterparts.
cbi_hsg_started_buildings_cost_per_sqm_q,بخش ساختمان و مسکن/ ساختمان هاي شروع شده توسط بخش خصوصي در مناطق شهري/ برآورد متوسط هزينه يک متر مربع بنا,Central Bank of Iran time-series data,housing,construction_cost,confirmed,بخش ساختمان و مسکن/ ساختمان هاي شروع شده توسط بخش خصوصي در مناطق شهري/ برآورد متوسط هزينه يک متر مربع بنا,Central Bank of the Islamic Republic of Iran,https://tsdview.cis.cbi.ir/single-data,manual Excel export,2026-07-22,TSD-Rep-14050431 (9).xlsx,TSD-Rep-14050431 (9).xlsx,data/raw/housing/cbi_tsd_14050431/TSD-Rep-14050431 (9).xlsx,data/cleaned/housing/cbi_urban_tehran_pairs/cbi_hsg_started_buildings_cost_per_sqm_q.csv,,CSV,فصلي,1370-Q3,1404-Q2,quarterly,all urban areas and Tehran,هزار ريال,Persian source; English standardized fields,public website,completed,automated structural checks completed; substantive review recommended,available,cbi_tsd_bulk_standardization_20260722,public,7203cdf7690cc52735562fec4121d89170b5563b4471f8b48fd569e2f172c3be,نام و واحد مستقیماً از فایل اکسل حفظ شده‌اند. برچسب‌ها: urban=کليه مناطق شهري; Tehran=تهران. Urban and Tehran values are paired by period; no interpolation; blanks represent unavailable counterparts.
cbi_hsg_started_buildings_land_value_per_sqm_q,بخش ساختمان و مسکن/ ساختمان هاي شروع شده توسط بخش خصوصي در مناطق شهري/ ارزش يک متر مربع زمين,Central Bank of Iran time-series data,housing,land_value,confirmed,بخش ساختمان و مسکن/ ساختمان هاي شروع شده توسط بخش خصوصي در مناطق شهري/ ارزش يک متر مربع زمين,Central Bank of the Islamic Republic of Iran,https://tsdview.cis.cbi.ir/single-data,manual Excel export,2026-07-22,TSD-Rep-14050431 (10).xlsx,TSD-Rep-14050431 (10).xlsx,data/raw/housing/cbi_tsd_14050431/TSD-Rep-14050431 (10).xlsx,data/cleaned/housing/cbi_urban_tehran_pairs/cbi_hsg_started_buildings_land_value_per_sqm_q.csv,,CSV,فصلي,1385-Q1,1404-Q2,quarterly,all urban areas and Tehran,هزار ريال,Persian source; English standardized fields,public website,completed,automated structural checks completed; substantive review recommended,available,cbi_tsd_bulk_standardization_20260722,public,ff6071afa1fb21fb410627dfd7b4483a45b11cf052e7431a719c625fbbbdbf63,نام و واحد مستقیماً از فایل اکسل حفظ شده‌اند. برچسب‌ها: urban=کليه مناطق شهري; Tehran=تهران. Urban and Tehran values are paired by period; no interpolation; blanks represent unavailable counterparts.
cbi_hsg_completed_buildings_land_value_per_sqm_q,بخش ساختمان و مسکن/ ساختمان هاي تکميل شده توسط بخش خصوصي در مناطق شهري/ ارزش يک متر مربع زمين,Central Bank of Iran time-series data,housing,land_value,confirmed,بخش ساختمان و مسکن/ ساختمان هاي تکميل شده توسط بخش خصوصي در مناطق شهري/ ارزش يک متر مربع زمين,Central Bank of the Islamic Republic of Iran,https://tsdview.cis.cbi.ir/single-data,manual Excel export,2026-07-22,TSD-Rep-14050431 (10).xlsx,TSD-Rep-14050431 (10).xlsx,data/raw/housing/cbi_tsd_14050431/TSD-Rep-14050431 (10).xlsx,data/cleaned/housing/cbi_urban_tehran_pairs/cbi_hsg_completed_buildings_land_value_per_sqm_q.csv,,CSV,فصلي,1385-Q1,1404-Q2,quarterly,all urban areas and Tehran,هزار ريال,Persian source; English standardized fields,public website,completed,automated structural checks completed; substantive review recommended,available,cbi_tsd_bulk_standardization_20260722,public,0a754d6307ce502659e1c1e99e67fc1ed11836336f4a6ee0f3a8250a2e5775cf,نام و واحد مستقیماً از فایل اکسل حفظ شده‌اند. برچسب‌ها: urban=کليه مناطق شهري; Tehran=تهران. Urban and Tehran values are paired by period; no interpolation; blanks represent unavailable counterparts.
cbi_hsg_completed_buildings_floor_area_q,بخش ساختمان و مسکن/ ساختمان هاي تکميل شده توسط بخش خصوصي در مناطق شهري/ سطح کل زيربناي ساختمان‌ها,Central Bank of Iran time-series data,housing,construction_completions,confirmed,بخش ساختمان و مسکن/ ساختمان هاي تکميل شده توسط بخش خصوصي در مناطق شهري/ سطح کل زيربناي ساختمان‌ها,Central Bank of the Islamic Republic of Iran,https://tsdview.cis.cbi.ir/single-data,manual Excel export,2026-07-22,TSD-Rep-14050431 (11).xlsx,TSD-Rep-14050431 (11).xlsx,data/raw/housing/cbi_tsd_14050431/TSD-Rep-14050431 (11).xlsx,data/cleaned/housing/cbi_urban_tehran_pairs/cbi_hsg_completed_buildings_floor_area_q.csv,,CSV,فصلي,1370-Q3,1404-Q2,quarterly,all urban areas and Tehran,هزار مترمربع,Persian source; English standardized fields,public website,completed,automated structural checks completed; substantive review recommended,available,cbi_tsd_bulk_standardization_20260722,public,e8506f8eda1354e8bb9509d9a1b023e91e164010fd48419a6023747f4d715d20,نام و واحد مستقیماً از فایل اکسل حفظ شده‌اند. برچسب‌ها: urban=کليه مناطق شهري; Tehran=تهران. Urban and Tehran values are paired by period; no interpolation; blanks represent unavailable counterparts.
cbi_hsg_completed_buildings_cost_per_sqm_q,بخش ساختمان و مسکن/ ساختمان هاي تکميل شده توسط بخش خصوصي در مناطق شهري/ برآورد متوسط هزينه يک متر مربع بنا,Central Bank of Iran time-series data,housing,construction_cost,confirmed,بخش ساختمان و مسکن/ ساختمان هاي تکميل شده توسط بخش خصوصي در مناطق شهري/ برآورد متوسط هزينه يک متر مربع بنا,Central Bank of the Islamic Republic of Iran,https://tsdview.cis.cbi.ir/single-data,manual Excel export,2026-07-22,TSD-Rep-14050431 (11).xlsx,TSD-Rep-14050431 (11).xlsx,data/raw/housing/cbi_tsd_14050431/TSD-Rep-14050431 (11).xlsx,data/cleaned/housing/cbi_urban_tehran_pairs/cbi_hsg_completed_buildings_cost_per_sqm_q.csv,,CSV,فصلي,1370-Q3,1404-Q2,quarterly,all urban areas and Tehran,هزار ريال,Persian source; English standardized fields,public website,completed,automated structural checks completed; substantive review recommended,available,cbi_tsd_bulk_standardization_20260722,public,ba22fcb27eee229f48664a2b48506e5b682fe547d63c96f86512e824903dd4d0,نام و واحد مستقیماً از فایل اکسل حفظ شده‌اند. برچسب‌ها: urban=کليه مناطق شهري; Tehran=تهران. Urban and Tehran values are paired by period; no interpolation; blanks represent unavailable counterparts.
cbi_hsg_completed_buildings_count_q,بخش ساختمان و مسکن/ ساختمان هاي تکميل شده توسط بخش خصوصي در مناطق شهري/ تعداد,Central Bank of Iran time-series data,housing,construction_completions,confirmed,بخش ساختمان و مسکن/ ساختمان هاي تکميل شده توسط بخش خصوصي در مناطق شهري/ تعداد,Central Bank of the Islamic Republic of Iran,https://tsdview.cis.cbi.ir/single-data,manual Excel export,2026-07-22,TSD-Rep-14050431 (12).xlsx,TSD-Rep-14050431 (12).xlsx,data/raw/housing/cbi_tsd_14050431/TSD-Rep-14050431 (12).xlsx,data/cleaned/housing/cbi_urban_tehran_pairs/cbi_hsg_completed_buildings_count_q.csv,,CSV,فصلي,1370-Q3,1404-Q2,quarterly,all urban areas and Tehran,دستگاه,Persian source; English standardized fields,public website,completed,automated structural checks completed; substantive review recommended,available,cbi_tsd_bulk_standardization_20260722,public,37dda89463b3f5baff9e1895b62c0a0dff304241ca0f06a721248ecf901d1e7b,نام و واحد مستقیماً از فایل اکسل حفظ شده‌اند. برچسب‌ها: urban=کليه مناطق شهري; Tehran=تهران. Urban and Tehran values are paired by period; no interpolation; blanks represent unavailable counterparts.
cbi_hsg_building_permits_count_q,بخش ساختمان و مسکن/ پروانه هاي ساختماني صادر شده توسط شهرداري هاي مناطق شهري کشور/ تعداد,Central Bank of Iran time-series data,housing,construction_permits,confirmed,بخش ساختمان و مسکن/ پروانه هاي ساختماني صادر شده توسط شهرداري هاي مناطق شهري کشور/ تعداد,Central Bank of the Islamic Republic of Iran,https://tsdview.cis.cbi.ir/single-data,manual Excel export,2026-07-22,TSD-Rep-14050431 (14).xlsx,TSD-Rep-14050431 (14).xlsx,data/raw/housing/cbi_tsd_14050431/TSD-Rep-14050431 (14).xlsx,data/cleaned/housing/cbi_urban_tehran_pairs/cbi_hsg_building_permits_count_q.csv,,CSV,فصلي,1370-Q1,1404-Q2,quarterly,all urban areas and Tehran,فقره,Persian source; English standardized fields,public website,completed,automated structural checks completed; substantive review recommended,available,cbi_tsd_bulk_standardization_20260722,public,8a7921add2efefcd237f5e65ab819fb2b7bc52cfa8c2d80ea0445e719edc8e9c,نام و واحد مستقیماً از فایل اکسل حفظ شده‌اند. برچسب‌ها: urban=کليه مناطق شهري; Tehran=تهران. Urban and Tehran values are paired by period; no interpolation; blanks represent unavailable counterparts.
cbi_hsg_rent_index_q,بخش ساختمان و مسکن/ شاخص کرايه مسکن اجاره اي,Central Bank of Iran time-series data,housing,rent,confirmed,بخش ساختمان و مسکن/ شاخص کرايه مسکن اجاره اي,Central Bank of the Islamic Republic of Iran,https://tsdview.cis.cbi.ir/single-data,manual Excel export,2026-07-22,TSD-Rep-14050431 (15).xlsx,TSD-Rep-14050431 (15).xlsx,data/raw/housing/cbi_tsd_14050431/TSD-Rep-14050431 (15).xlsx,data/cleaned/housing/cbi_urban_tehran_pairs/cbi_hsg_rent_index_q.csv,,CSV,فصلي,1370-Q1,1404-Q2,quarterly,all urban areas and Tehran,بدون واحد,Persian source; English standardized fields,public website,completed,automated structural checks completed; substantive review recommended,available,cbi_tsd_bulk_standardization_20260722,public,2a4ee1915a9f6b2778bcf6d9f5caad2c35c2c352eb6c5778027ea235b35b590a,نام و واحد مستقیماً از فایل اکسل حفظ شده‌اند. برچسب‌ها: urban=کليه مناطق شهري; Tehran=تهران. Urban and Tehran values are paired by period; no interpolation; blanks represent unavailable counterparts.
cbi_hsg_land_price_index_q,بخش ساختمان و مسکن/ شاخص قيمت زمين,Central Bank of Iran time-series data,housing,land_price,confirmed,بخش ساختمان و مسکن/ شاخص قيمت زمين,Central Bank of the Islamic Republic of Iran,https://tsdview.cis.cbi.ir/single-data,manual Excel export,2026-07-22,TSD-Rep-14050431 (15).xlsx,TSD-Rep-14050431 (15).xlsx,data/raw/housing/cbi_tsd_14050431/TSD-Rep-14050431 (15).xlsx,data/cleaned/housing/cbi_urban_tehran_pairs/cbi_hsg_land_price_index_q.csv,,CSV,فصلي,1377-Q1,1404-Q2,quarterly,all urban areas and Tehran,بدون واحد,Persian source; English standardized fields,public website,completed,automated structural checks completed; substantive review recommended,available,cbi_tsd_bulk_standardization_20260722,public,a523820e9dc597d4b3136d9940ecd67693a8d376003dfd4eb4f02659964dfa5f,نام و واحد مستقیماً از فایل اکسل حفظ شده‌اند. برچسب‌ها: urban=کليه مناطق شهري; Tehran=تهران. Urban and Tehran values are paired by period; no interpolation; blanks represent unavailable counterparts.
cbi_hsg_building_permits_floor_area_q,بخش ساختمان و مسکن/ پروانه هاي ساختماني صادر شده توسط شهرداري هاي مناطق شهري کشور/ برآورد سطح زيربناي طبقات,Central Bank of Iran time-series data,housing,construction_permits,confirmed,بخش ساختمان و مسکن/ پروانه هاي ساختماني صادر شده توسط شهرداري هاي مناطق شهري کشور/ برآورد سطح زيربناي طبقات,Central Bank of the Islamic Republic of Iran,https://tsdview.cis.cbi.ir/single-data,manual Excel export,2026-07-22,TSD-Rep-14050431 (16).xlsx,TSD-Rep-14050431 (16).xlsx,data/raw/housing/cbi_tsd_14050431/TSD-Rep-14050431 (16).xlsx,data/cleaned/housing/cbi_urban_tehran_pairs/cbi_hsg_building_permits_floor_area_q.csv,,CSV,فصلي,1370-Q1,1404-Q2,quarterly,all urban areas and Tehran,هزار مترمربع,Persian source; English standardized fields,public website,completed,automated structural checks completed; substantive review recommended,available,cbi_tsd_bulk_standardization_20260722,public,0bcd904e387eb7026ccc70df06dfc7997a7e653b30eda228e41e36575e603ae4,نام و واحد مستقیماً از فایل اکسل حفظ شده‌اند. برچسب‌ها: urban=کليه مناطق شهري; Tehran=تهران. Urban and Tehran values are paired by period; no interpolation; blanks represent unavailable counterparts.
cbi_hsg_private_sector_credit_q,متغيرهاي پولي و اعتباري/ مانده تسهيلات بانکهاوموسسات اعتباري به بخش غيردولتي حسب بخشهاي مختلف اقتصاد,Central Bank of Iran time-series data,housing,housing_credit,confirmed,متغيرهاي پولي و اعتباري/ مانده تسهيلات بانکهاوموسسات اعتباري به بخش غيردولتي حسب بخشهاي مختلف اقتصاد,Central Bank of the Islamic Republic of Iran,https://tsdview.cis.cbi.ir/single-data,manual Excel export,2026-07-22,TSD-Rep-14050431 (1).xlsx,TSD-Rep-14050431 (1).xlsx,data/raw/housing/cbi_tsd_14050431/TSD-Rep-14050431 (1).xlsx,data/cleaned/housing/cbi_non_geographic/cbi_hsg_private_sector_credit_q.csv,,CSV,فصلي,1370-Q4,1395-Q3,quarterly,as labeled by CBI; see notes,هزار ميليارد ريال,Persian source; English standardized fields,public website,completed,automated structural checks completed; substantive review recommended,available,cbi_tsd_bulk_standardization_20260722,public,f44d567bdde374eed0e2b5ae86b9eb944dd2df682d893db50f345a6f1ddcee4f,نام‌ها، برچسب‌ها و واحدها مستقیماً از فایل اکسل حفظ شده‌اند. This source series is not an urban–Tehran geographic pair and no counterpart was invented. Source labels: ساختمان و مسکن
cbi_hsg_private_investment_total_q,بخش ساختمان و مسکن/ سرمايه گذاري بخش خصوصي در ساختمان هاي جديد مناطق شهري/ سرمايه گذاري برحسب مراحل ساخت,Central Bank of Iran time-series data,housing,construction_investment,confirmed,بخش ساختمان و مسکن/ سرمايه گذاري بخش خصوصي در ساختمان هاي جديد مناطق شهري/ سرمايه گذاري برحسب مراحل ساخت,Central Bank of the Islamic Republic of Iran,https://tsdview.cis.cbi.ir/single-data,manual Excel export,2026-07-22,TSD-Rep-14050431 (4).xlsx,TSD-Rep-14050431 (4).xlsx,data/raw/housing/cbi_tsd_14050431/TSD-Rep-14050431 (4).xlsx,data/cleaned/housing/cbi_non_geographic/cbi_hsg_private_investment_total_q.csv,,CSV,فصلي,1371-Q1,1404-Q2,quarterly,as labeled by CBI; see notes,ميليارد ريال,Persian source; English standardized fields,public website,completed,automated structural checks completed; substantive review recommended,available,cbi_tsd_bulk_standardization_20260722,public,a3939bb12de5f4588b42ed52381647fcc469b5998f50b53f6d990b053a9295b5,نام‌ها، برچسب‌ها و واحدها مستقیماً از فایل اکسل حفظ شده‌اند. This source series is not an urban–Tehran geographic pair and no counterpart was invented. Source labels: کل سرمايه گذاري
cbi_hsg_completed_residential_units_floor_area_q,بخش ساختمان و مسکن/ واحدهاي مسکوني تکميل شده توسط بخش خصوصي در مناطق شهري,Central Bank of Iran time-series data,housing,construction_completions,confirmed,بخش ساختمان و مسکن/ واحدهاي مسکوني تکميل شده توسط بخش خصوصي در مناطق شهري,Central Bank of the Islamic Republic of Iran,https://tsdview.cis.cbi.ir/single-data,manual Excel export,2026-07-22,TSD-Rep-14050431 (13).xlsx,TSD-Rep-14050431 (13).xlsx,data/raw/housing/cbi_tsd_14050431/TSD-Rep-14050431 (13).xlsx,data/cleaned/housing/cbi_non_geographic/cbi_hsg_completed_residential_units_floor_area_q.csv,,CSV,فصلي,1371-Q1,1404-Q2,quarterly,as labeled by CBI; see notes,هزار مترمربع,Persian source; English standardized fields,public website,completed,automated structural checks completed; substantive review recommended,available,cbi_tsd_bulk_standardization_20260722,public,dd06a791fde6b825852eecec0cb0d723765a37b825dee41c7b1f637f4e72f4f3,نام‌ها، برچسب‌ها و واحدها مستقیماً از فایل اکسل حفظ شده‌اند. This source series is not an urban–Tehran geographic pair and no counterpart was invented. Source labels: سطح کل زيربناي طبقات
cbi_hsg_completed_residential_units_average_area_q,بخش ساختمان و مسکن/ واحدهاي مسکوني تکميل شده توسط بخش خصوصي در مناطق شهري,Central Bank of Iran time-series data,housing,construction_completions,confirmed,بخش ساختمان و مسکن/ واحدهاي مسکوني تکميل شده توسط بخش خصوصي در مناطق شهري,Central Bank of the Islamic Republic of Iran,https://tsdview.cis.cbi.ir/single-data,manual Excel export,2026-07-22,TSD-Rep-14050431 (13).xlsx,TSD-Rep-14050431 (13).xlsx,data/raw/housing/cbi_tsd_14050431/TSD-Rep-14050431 (13).xlsx,data/cleaned/housing/cbi_non_geographic/cbi_hsg_completed_residential_units_average_area_q.csv,,CSV,فصلي,1371-Q1,1404-Q2,quarterly,as labeled by CBI; see notes,مترمربع,Persian source; English standardized fields,public website,completed,automated structural checks completed; substantive review recommended,available,cbi_tsd_bulk_standardization_20260722,public,c12a4840bbe36bfc003c4252bcb1479c29f8a25aa88e92313fafd3ff8163eb75,نام‌ها، برچسب‌ها و واحدها مستقیماً از فایل اکسل حفظ شده‌اند. This source series is not an urban–Tehran geographic pair and no counterpart was invented. Source labels: متوسط سطح زيربنا
cbi_hsg_completed_residential_units_count_q,بخش ساختمان و مسکن/ واحدهاي مسکوني تکميل شده توسط بخش خصوصي در مناطق شهري,Central Bank of Iran time-series data,housing,construction_completions,confirmed,بخش ساختمان و مسکن/ واحدهاي مسکوني تکميل شده توسط بخش خصوصي در مناطق شهري,Central Bank of the Islamic Republic of Iran,https://tsdview.cis.cbi.ir/single-data,manual Excel export,2026-07-22,TSD-Rep-14050431 (14).xlsx,TSD-Rep-14050431 (14).xlsx,data/raw/housing/cbi_tsd_14050431/TSD-Rep-14050431 (14).xlsx,data/cleaned/housing/cbi_non_geographic/cbi_hsg_completed_residential_units_count_q.csv,,CSV,فصلي,1371-Q1,1404-Q2,quarterly,as labeled by CBI; see notes,دستگاه,Persian source; English standardized fields,public website,completed,automated structural checks completed; substantive review recommended,available,cbi_tsd_bulk_standardization_20260722,public,dc73429bf2426792dfd4398630c35f58e90897418dae6dc6ae261d60ee2672c3,نام‌ها، برچسب‌ها و واحدها مستقیماً از فایل اکسل حفظ شده‌اند. This source series is not an urban–Tehran geographic pair and no counterpart was invented. Source labels: تعداد
cbi_hsg_rent_index_by_city_size_q,بخش ساختمان و مسکن/ شاخص کرايه مسکن اجاره اي,Central Bank of Iran time-series data,housing,rent,confirmed,بخش ساختمان و مسکن/ شاخص کرايه مسکن اجاره اي,Central Bank of the Islamic Republic of Iran,https://tsdview.cis.cbi.ir/single-data,manual Excel export,2026-07-22,TSD-Rep-14050431 (15).xlsx,TSD-Rep-14050431 (15).xlsx,data/raw/housing/cbi_tsd_14050431/TSD-Rep-14050431 (15).xlsx,data/cleaned/housing/cbi_non_geographic/cbi_hsg_rent_index_by_city_size_q.csv,,CSV,فصلي,1370-Q1,1404-Q2,quarterly,as labeled by CBI; see notes,بدون واحد,Persian source; English standardized fields,public website,completed,automated structural checks completed; substantive review recommended,available,cbi_tsd_bulk_standardization_20260722,public,d6b75613360045bc017c4904f04ee988a01598bd121239eabfe7813e035e6b82,نام‌ها، برچسب‌ها و واحدها مستقیماً از فایل اکسل حفظ شده‌اند. This source series is not an urban–Tehran geographic pair and no counterpart was invented. Source labels: شهرهاي بزرگ; شهرهاي متوسط; شهرهاي کوچک
cbi_hsg_bank_maskan_loans_a,بخش ساختمان و مسکن/ تسهيلات پرداختي بانک مسکن,Central Bank of Iran time-series data,housing,mortgage_credit,confirmed,بخش ساختمان و مسکن/ تسهيلات پرداختي بانک مسکن,Central Bank of the Islamic Republic of Iran,https://tsdview.cis.cbi.ir/single-data,manual Excel export,2026-07-22,TSD-Rep-14050431 (17).xlsx,TSD-Rep-14050431 (17).xlsx,data/raw/housing/cbi_tsd_14050431/TSD-Rep-14050431 (17).xlsx,data/cleaned/housing/cbi_non_geographic/cbi_hsg_bank_maskan_loans_a.csv,,CSV,سالانه,1370,1402,annual,as labeled by CBI; see notes,هزار فقره | ميليارد ريال,Persian source; English standardized fields,public website,completed,automated structural checks completed; substantive review recommended,available,cbi_tsd_bulk_standardization_20260722,public,77147ff0c947cde74ce4ec1198bb2c0420f3373e3023b9d99b569ae19828cbef,نام‌ها، برچسب‌ها و واحدها مستقیماً از فایل اکسل حفظ شده‌اند. This source series is not an urban–Tehran geographic pair and no counterpart was invented. Source labels: تعداد; مبلغ
cbi_macro_liquidity_q,متغيرهاي پولي و اعتباري/ نقدينگي,Central Bank of Iran time-series data,macro,liquidity,confirmed,متغيرهاي پولي و اعتباري/ نقدينگي,Central Bank of the Islamic Republic of Iran,https://tsdview.cis.cbi.ir/single-data,manual Excel export,2026-07-22,TSD-Rep-14050431.xlsx,TSD-Rep-14050431.xlsx,data/raw/macro/cbi_tsd_14050431/TSD-Rep-14050431.xlsx,data/cleaned/macro/money_and_credit/cbi_macro_liquidity_q.csv,,CSV,فصلي,1379-Q1,1404-Q1,quarterly,as labeled by CBI; see notes,هزار ميليارد ريال,Persian source; English standardized fields,public website,completed,automated structural checks completed; substantive review recommended,available,cbi_tsd_bulk_standardization_20260722,public,6016fe88d949dcbcf677bc6f031b581d61f184881601811be4d0fa6311d4da6c,نام‌ها، برچسب‌ها و واحدها مستقیماً از فایل اکسل حفظ شده‌اند. This source series is not an urban–Tehran geographic pair and no counterpart was invented. Source labels: نقدينگي بر حسب اجزاي تشکيل دهنده آن
cbi_macro_urban_unemployment_rate_q,نيروي انساني و اشتغال/ جمعيت و اشتغال/ نرخ بيکاري,Central Bank of Iran time-series data,macro,employment,confirmed,نيروي انساني و اشتغال/ جمعيت و اشتغال/ نرخ بيکاري,Central Bank of the Islamic Republic of Iran,https://tsdview.cis.cbi.ir/single-data,manual Excel export,2026-07-22,TSD-Rep-14050431 (15).xlsx,TSD-Rep-14050431 (15).xlsx,data/raw/housing/cbi_tsd_14050431/TSD-Rep-14050431 (15).xlsx,data/cleaned/macro/labor_market/cbi_macro_urban_unemployment_rate_q.csv,,CSV,فصلي,1380-Q1,1404-Q1,quarterly,as labeled by CBI; see notes,درصد,Persian source; English standardized fields,public website,completed,automated structural checks completed; substantive review recommended,available,cbi_tsd_bulk_standardization_20260722,public,0b0a2c07ccc04fbc89f9f6b2192bdd6572c4abe1e4ec45fc36e3871b4147d2df,نام‌ها، برچسب‌ها و واحدها مستقیماً از فایل اکسل حفظ شده‌اند. This source series is not an urban–Tehran geographic pair and no counterpart was invented. Source labels: مناطق شهري
macro_iran_cpi_inflation_monthly_1399_1404,Iran total CPI and published inflation measures,Macroeconomic data,macro,inflation,confirmed,Iran total CPI and published inflation measures,Statistical Center of Iran,https://amar.org.ir/statistical-information/statid/28579,imported standardized CSV from another user project,2026-07-22,iran_cpi_inflation_monthly_1399_1404.csv,iran_cpi_inflation_monthly_1399_1404.csv,data/raw/macro/external_data_analysis_20260722/iran_cpi_inflation_monthly_1399_1404.csv,data/cleaned/macro/prices_and_inflation/iran_cpi_inflation_monthly_1399_1404.csv,,CSV,,1399-01,1404-12,monthly,Iran; all households,CPI index (1400=100); inflation in percent,English field names; Persian content where applicable,received from user's other project,completed,"schema, encoding, coverage, keys, missingness, numeric fields, and byte identity validated",available,import_standardized_macro_20260722,not marked confidential,31fbd229e6044af9f6bba745ce0efc4f9c33c42e562554418d6e7fb151285b2b,Already standardized upstream. Official table identity and individual values remain pending independent verification; no observation was changed here.
macro_iran_usd_free_market_daily_1399_1405,Iran free-market USD exchange rate,Macroeconomic data,macro,exchange_rate,confirmed,Iran free-market USD exchange rate,D-Learn archive; underlying record label TGJU,https://d-learn.ir/p/usd-price/,imported standardized CSV from another user project,2026-07-22,iran_daily_usd_free_market_rate_1399_1405.csv,iran_daily_usd_free_market_rate_1399_1405.csv,data/raw/macro/external_data_analysis_20260722/iran_daily_usd_free_market_rate_1399_1405.csv,data/cleaned/macro/exchange_rates/iran_daily_usd_free_market_rate_1399_1405.csv,,CSV,,1399/01/05,1405/04/21,daily,Iran free market,Iranian rial per US dollar,English field names; Persian content where applicable,received from user's other project,completed,"schema, encoding, coverage, keys, missingness, numeric fields, and byte identity validated",available,import_standardized_macro_20260722,not marked confidential,a3b33b79635be871faac6133ce943a0b087b09225eea67ee8c573af5c7aa4e5d,Received file is an upstream-cleaned subset of USD2Rials-1.csv: 1 exact duplicate had been removed and dates/number formatting standardized. Original upstream download is not present here.
macro_iran_gdp_quarterly_nominal_real_1399_1404,Iran quarterly real and nominal GDP at basic prices,Macroeconomic data,macro,gdp,confirmed,Iran quarterly real and nominal GDP at basic prices,Statistical Center of Iran,https://amar.org.ir/economic-accounts,imported standardized CSV from another user project,2026-07-22,iran_gdp_quarterly_nominal_real_1399_1404.csv,iran_gdp_quarterly_nominal_real_1399_1404.csv,data/raw/macro/external_data_analysis_20260722/iran_gdp_quarterly_nominal_real_1399_1404.csv,data/cleaned/macro/national_accounts/iran_gdp_quarterly_nominal_real_1399_1404.csv,,CSV,,1399-Q1,1404-Q4,quarterly,Iran,billion Iranian rial; real base year 1400,English field names; Persian content where applicable,received from user's other project,completed,"schema, encoding, coverage, keys, missingness, numeric fields, and byte identity validated",available,import_standardized_macro_20260722,not marked confidential,7112c9c45995fc89ad649af7c94e3b39c71bb63d05f12fe699e7b037c6c794b0,Already standardized upstream from user-reported SCI Table 3 (real) and Table 1 (nominal). Table identities and values remain pending independent verification; levels are not seasonally adjusted.
macro_iran_ikhza_risk_free_monthly_1399_1404,Iran اخزا annualized risk-free-rate proxy,Macroeconomic data,macro,interest_rate,confirmed,Iran اخزا annualized risk-free-rate proxy,Tehran Securities Exchange Technology Management Co. (TSETMC),https://www.tsetmc.com/,imported standardized CSV from another user project,2026-07-22,iran_risk_free_rate_ikhza_monthly_jalali_1399_1404.csv,iran_risk_free_rate_ikhza_monthly_jalali_1399_1404.csv,data/raw/macro/external_data_analysis_20260722/iran_risk_free_rate_ikhza_monthly_jalali_1399_1404.csv,data/cleaned/macro/interest_rates/domestic/iran_risk_free_rate_ikhza_monthly_jalali_1399_1404.csv,,CSV,,1399-01,1404-12,monthly,Iran government debt market,annualized percent reported monthly,English field names; Persian content where applicable,received from user's other project,completed,"schema, encoding, coverage, keys, missingness, numeric fields, and byte identity validated",available,import_standardized_macro_20260722,not marked confidential,1b4ac80ac72c86bc944e9a9acdd2ed56dd4373bd797a5bc461678e890b4dcee8,Monthly median of daily transaction-value-weighted annualized zero-coupon YTM. Upstream raw API responses and instrument-level files were not retained; future reconstruction requires new retrieval from documented endpoints.
macro_us_federal_funds_effective_monthly_jalali_1399_1404,US Federal Funds Effective Rate aligned to Jalali months,Macroeconomic data,macro,interest_rate,confirmed,US Federal Funds Effective Rate aligned to Jalali months,Board of Governors of the Federal Reserve System via FRED,https://fred.stlouisfed.org/series/FEDFUNDS,imported standardized CSV from another user project,2026-07-22,us_federal_funds_effective_rate_monthly_jalali_1399_1404.csv,us_federal_funds_effective_rate_monthly_jalali_1399_1404.csv,data/raw/macro/external_data_analysis_20260722/us_federal_funds_effective_rate_monthly_jalali_1399_1404.csv,data/cleaned/macro/interest_rates/international/us_federal_funds_effective_rate_monthly_jalali_1399_1404.csv,,CSV,,1399-01,1404-12,monthly,United States,percent; not seasonally adjusted,English field names; Persian content where applicable,received from user's other project,completed,"schema, encoding, coverage, keys, missingness, numeric fields, and byte identity validated",available,import_standardized_macro_20260722,not marked confidential,ed43df83d4f89cd601b787627c6369e27e3e8a9ff9c2bd5e1fd2172142be6658,Approximate Jalali-month rate calculated upstream by day-overlap weighting Gregorian monthly FEDFUNDS averages. Exact Jalali averages would require daily EFFR; the original FRED download is not present here.
