source_file,sheet_name,report_title_fa,report_date_solar_hijri,reported_range_fa,frequency_fa,column_number,source_label_fa,source_dataset_name_fa,source_unit_fa,observation_count,first_source_period,last_source_period,preliminary_observation_count,status
TSD-Rep-14050431 (1).xlsx,فصلي,گزارش سری‌های زمانی,1405/04/31,از 1346-سه ماهه اول تا 1395-سه ماهه چهارم,فصلي,2,ساختمان و مسکن,متغيرهاي پولي و اعتباري/ مانده تسهيلات بانکهاوموسسات اعتباري به بخش غيردولتي حسب بخشهاي مختلف اقتصاد,هزار ميليارد ريال,103,1346-سه ماهه چهارم,1395-سه ماهه سوم,0,available
TSD-Rep-14050431 (10).xlsx,فصلي,گزارش سری‌های زمانی,1405/04/31,از 1385-سه ماهه اول تا 1404-سه ماهه چهارم,فصلي,2,کليه مناطق شهري,بخش ساختمان و مسکن/ ساختمان هاي شروع شده توسط بخش خصوصي در مناطق شهري/ ارزش يک متر مربع زمين,هزار ريال,78,1385-سه ماهه اول,1404-سه ماهه دوم,1,available
TSD-Rep-14050431 (10).xlsx,فصلي,گزارش سری‌های زمانی,1405/04/31,از 1385-سه ماهه اول تا 1404-سه ماهه چهارم,فصلي,3,تهران,بخش ساختمان و مسکن/ ساختمان هاي تکميل شده توسط بخش خصوصي در مناطق شهري/ ارزش يک متر مربع زمين,هزار ريال,78,1385-سه ماهه اول,1404-سه ماهه دوم,1,available
TSD-Rep-14050431 (10).xlsx,فصلي,گزارش سری‌های زمانی,1405/04/31,از 1385-سه ماهه اول تا 1404-سه ماهه چهارم,فصلي,4,کليه مناطق شهري,بخش ساختمان و مسکن/ ساختمان هاي تکميل شده توسط بخش خصوصي در مناطق شهري/ ارزش يک متر مربع زمين,هزار ريال,78,1385-سه ماهه اول,1404-سه ماهه دوم,1,available
TSD-Rep-14050431 (10).xlsx,فصلي,گزارش سری‌های زمانی,1405/04/31,از 1385-سه ماهه اول تا 1404-سه ماهه چهارم,فصلي,5,تهران,بخش ساختمان و مسکن/ ساختمان هاي شروع شده توسط بخش خصوصي در مناطق شهري/ ارزش يک متر مربع زمين,هزار ريال,78,1385-سه ماهه اول,1404-سه ماهه دوم,1,available
TSD-Rep-14050431 (11).xlsx,فصلي,گزارش سری‌های زمانی,1405/04/31,از 1342-سه ماهه اول تا 1404-سه ماهه چهارم,فصلي,2,تهران,بخش ساختمان و مسکن/ ساختمان هاي تکميل شده توسط بخش خصوصي در مناطق شهري/ سطح کل زيربناي ساختمان‌ها,هزار مترمربع,188,1352-سه ماهه اول,1404-سه ماهه دوم,1,available
TSD-Rep-14050431 (11).xlsx,فصلي,گزارش سری‌های زمانی,1405/04/31,از 1342-سه ماهه اول تا 1404-سه ماهه چهارم,فصلي,3,کليه مناطق شهري,بخش ساختمان و مسکن/ ساختمان هاي تکميل شده توسط بخش خصوصي در مناطق شهري/ سطح کل زيربناي ساختمان‌ها,هزار مترمربع,188,1352-سه ماهه اول,1404-سه ماهه دوم,1,available
TSD-Rep-14050431 (11).xlsx,فصلي,گزارش سری‌های زمانی,1405/04/31,از 1342-سه ماهه اول تا 1404-سه ماهه چهارم,فصلي,4,تهران,بخش ساختمان و مسکن/ ساختمان هاي تکميل شده توسط بخش خصوصي در مناطق شهري/ برآورد متوسط هزينه يک متر مربع بنا,هزار ريال,204,1344-سه ماهه اول,1404-سه ماهه دوم,1,available
TSD-Rep-14050431 (11).xlsx,فصلي,گزارش سری‌های زمانی,1405/04/31,از 1342-سه ماهه اول تا 1404-سه ماهه چهارم,فصلي,5,کليه مناطق شهري,بخش ساختمان و مسکن/ ساختمان هاي تکميل شده توسط بخش خصوصي در مناطق شهري/ برآورد متوسط هزينه يک متر مربع بنا,هزار ريال,204,1344-سه ماهه اول,1404-سه ماهه دوم,1,available
TSD-Rep-14050431 (12).xlsx,فصلي,گزارش سری‌های زمانی,1405/04/31,از 1338-سه ماهه اول تا 1404-سه ماهه چهارم,فصلي,2,تهران,بخش ساختمان و مسکن/ ساختمان هاي تکميل شده توسط بخش خصوصي در مناطق شهري/ تعداد,دستگاه,188,1352-سه ماهه اول,1404-سه ماهه دوم,1,available
TSD-Rep-14050431 (12).xlsx,فصلي,گزارش سری‌های زمانی,1405/04/31,از 1338-سه ماهه اول تا 1404-سه ماهه چهارم,فصلي,3,کليه مناطق شهري,بخش ساختمان و مسکن/ ساختمان هاي تکميل شده توسط بخش خصوصي در مناطق شهري/ تعداد,دستگاه,188,1352-سه ماهه اول,1404-سه ماهه دوم,1,available
TSD-Rep-14050431 (13).xlsx,فصلي,گزارش سری‌های زمانی,1405/04/31,از 1354-سه ماهه اول تا 1404-سه ماهه چهارم,فصلي,2,سطح کل زيربناي طبقات,بخش ساختمان و مسکن/ واحدهاي مسکوني تکميل شده توسط بخش خصوصي در مناطق شهري,هزار مترمربع,178,1354-سه ماهه سوم,1404-سه ماهه دوم,1,available
TSD-Rep-14050431 (13).xlsx,فصلي,گزارش سری‌های زمانی,1405/04/31,از 1354-سه ماهه اول تا 1404-سه ماهه چهارم,فصلي,3,متوسط سطح زيربنا,بخش ساختمان و مسکن/ واحدهاي مسکوني تکميل شده توسط بخش خصوصي در مناطق شهري,مترمربع,178,1354-سه ماهه سوم,1404-سه ماهه دوم,1,available
TSD-Rep-14050431 (14).xlsx,فصلي,گزارش سری‌های زمانی,1405/04/31,از 1354-سه ماهه اول تا 1404-سه ماهه چهارم,فصلي,2,تعداد,بخش ساختمان و مسکن/ واحدهاي مسکوني تکميل شده توسط بخش خصوصي در مناطق شهري,دستگاه,178,1354-سه ماهه سوم,1404-سه ماهه دوم,1,available
TSD-Rep-14050431 (14).xlsx,فصلي,گزارش سری‌های زمانی,1405/04/31,از 1354-سه ماهه اول تا 1404-سه ماهه چهارم,فصلي,3,تهران,بخش ساختمان و مسکن/ پروانه هاي ساختماني صادر شده توسط شهرداري هاي مناطق شهري کشور/ تعداد,فقره,198,1354-سه ماهه اول,1404-سه ماهه دوم,4,available
TSD-Rep-14050431 (14).xlsx,فصلي,گزارش سری‌های زمانی,1405/04/31,از 1354-سه ماهه اول تا 1404-سه ماهه چهارم,فصلي,4,کليه مناطق شهري,بخش ساختمان و مسکن/ پروانه هاي ساختماني صادر شده توسط شهرداري هاي مناطق شهري کشور/ تعداد,فقره,198,1354-سه ماهه اول,1404-سه ماهه دوم,4,available
TSD-Rep-14050431 (15).xlsx,فصلي,گزارش سری‌های زمانی,1405/04/31,از 1355-سه ماهه اول تا 1404-سه ماهه چهارم,فصلي,2,تهران,بخش ساختمان و مسکن/ شاخص کرايه مسکن اجاره اي,بدون واحد,174,1361-سه ماهه اول,1404-سه ماهه دوم,0,available
TSD-Rep-14050431 (15).xlsx,فصلي,گزارش سری‌های زمانی,1405/04/31,از 1355-سه ماهه اول تا 1404-سه ماهه چهارم,فصلي,3,کليه مناطق شهري,بخش ساختمان و مسکن/ شاخص قيمت زمين,بدون واحد,110,1377-سه ماهه اول,1404-سه ماهه دوم,0,available
TSD-Rep-14050431 (15).xlsx,فصلي,گزارش سری‌های زمانی,1405/04/31,از 1355-سه ماهه اول تا 1404-سه ماهه چهارم,فصلي,4,شهرهاي بزرگ,بخش ساختمان و مسکن/ شاخص کرايه مسکن اجاره اي,بدون واحد,174,1361-سه ماهه اول,1404-سه ماهه دوم,0,available
TSD-Rep-14050431 (15).xlsx,فصلي,گزارش سری‌های زمانی,1405/04/31,از 1355-سه ماهه اول تا 1404-سه ماهه چهارم,فصلي,5,شهرهاي متوسط,بخش ساختمان و مسکن/ شاخص کرايه مسکن اجاره اي,بدون واحد,142,1369-سه ماهه اول,1404-سه ماهه دوم,0,available
TSD-Rep-14050431 (15).xlsx,فصلي,گزارش سری‌های زمانی,1405/04/31,از 1355-سه ماهه اول تا 1404-سه ماهه چهارم,فصلي,6,شهرهاي کوچک,بخش ساختمان و مسکن/ شاخص کرايه مسکن اجاره اي,بدون واحد,174,1361-سه ماهه اول,1404-سه ماهه دوم,0,available
TSD-Rep-14050431 (15).xlsx,فصلي,گزارش سری‌های زمانی,1405/04/31,از 1355-سه ماهه اول تا 1404-سه ماهه چهارم,فصلي,7,کليه مناطق شهري,بخش ساختمان و مسکن/ شاخص کرايه مسکن اجاره اي,بدون واحد,174,1361-سه ماهه اول,1404-سه ماهه دوم,0,available
TSD-Rep-14050431 (15).xlsx,فصلي,گزارش سری‌های زمانی,1405/04/31,از 1355-سه ماهه اول تا 1404-سه ماهه چهارم,فصلي,8,تهران,بخش ساختمان و مسکن/ شاخص قيمت زمين,بدون واحد,110,1377-سه ماهه اول,1404-سه ماهه دوم,0,available
TSD-Rep-14050431 (15).xlsx,فصلي,گزارش سری‌های زمانی,1405/04/31,از 1355-سه ماهه اول تا 1404-سه ماهه چهارم,فصلي,9,مناطق شهري,نيروي انساني و اشتغال/ جمعيت و اشتغال/ نرخ بيکاري,درصد,95,1380-سه ماهه اول,1404-سه ماهه اول,0,available
TSD-Rep-14050431 (15).xlsx,فصلي,گزارش سری‌های زمانی,1405/04/31,از 1355-سه ماهه اول تا 1404-سه ماهه چهارم,فصلي,10,شاخص بهاي خدمات ساختماني (100=1400),بخش ساختمان و مسکن,بدون واحد,0,,,0,empty_source_column
TSD-Rep-14050431 (16).xlsx,فصلي,گزارش سری‌های زمانی,1405/04/31,از 1354-سه ماهه اول تا 1404-سه ماهه چهارم,فصلي,2,کليه مناطق شهري,بخش ساختمان و مسکن/ پروانه هاي ساختماني صادر شده توسط شهرداري هاي مناطق شهري کشور/ برآورد سطح زيربناي طبقات,هزار مترمربع,198,1354-سه ماهه اول,1404-سه ماهه دوم,4,available
TSD-Rep-14050431 (16).xlsx,فصلي,گزارش سری‌های زمانی,1405/04/31,از 1354-سه ماهه اول تا 1404-سه ماهه چهارم,فصلي,3,تعداد,بخش ساختمان و مسکن/ تسهيلات پرداختي بانک مسکن,,0,,,0,empty_source_column
TSD-Rep-14050431 (16).xlsx,فصلي,گزارش سری‌های زمانی,1405/04/31,از 1354-سه ماهه اول تا 1404-سه ماهه چهارم,فصلي,4,تهران,بخش ساختمان و مسکن/ پروانه هاي ساختماني صادر شده توسط شهرداري هاي مناطق شهري کشور/ برآورد سطح زيربناي طبقات,هزار مترمربع,198,1354-سه ماهه اول,1404-سه ماهه دوم,4,available
TSD-Rep-14050431 (17).xlsx,سالانه,گزارش سری‌های زمانی,1405/04/31,از 1357 تا 1403,سالانه,2,تعداد,بخش ساختمان و مسکن/ تسهيلات پرداختي بانک مسکن,هزار فقره,46,1357,1402,0,available
TSD-Rep-14050431 (17).xlsx,سالانه,گزارش سری‌های زمانی,1405/04/31,از 1357 تا 1403,سالانه,3,مبلغ,بخش ساختمان و مسکن/ تسهيلات پرداختي بانک مسکن,ميليارد ريال,46,1357,1402,0,available
TSD-Rep-14050431 (2).xlsx,فصلي,گزارش سری‌های زمانی,1405/04/31,از 1342-سه ماهه اول تا 1404-سه ماهه چهارم,فصلي,2,تهران,بخش ساختمان و مسکن/ سرمايه گذاري بخش خصوصي در ساختمان هاي جديد مناطق شهري/ سرمايه گذاري بر حسب مناطق شهري,ميليارد ريال,202,1347-سه ماهه اول,1404-سه ماهه دوم,1,available
TSD-Rep-14050431 (3).xlsx,فصلي,گزارش سری‌های زمانی,1405/04/31,از 1342-سه ماهه اول تا 1404-سه ماهه چهارم,فصلي,2,کليه مناطق شهري,بخش ساختمان و مسکن/ سرمايه گذاري بخش خصوصي در ساختمان هاي جديد مناطق شهري/ سرمايه گذاري بر حسب مناطق شهري,ميليارد ريال,202,1347-سه ماهه اول,1404-سه ماهه دوم,1,available
TSD-Rep-14050431 (4).xlsx,فصلي,گزارش سری‌های زمانی,1405/04/31,از 1363-سه ماهه اول تا 1404-سه ماهه چهارم,فصلي,2,کل سرمايه گذاري,بخش ساختمان و مسکن/ سرمايه گذاري بخش خصوصي در ساختمان هاي جديد مناطق شهري/ سرمايه گذاري برحسب مراحل ساخت,ميليارد ريال,146,1363-سه ماهه سوم,1404-سه ماهه دوم,1,available
TSD-Rep-14050431 (5).xlsx,فصلي,گزارش سری‌های زمانی,1405/04/31,از 1351-سه ماهه اول تا 1404-سه ماهه چهارم,فصلي,2,تهران,بخش ساختمان و مسکن/ ساختمان هاي شروع شده توسط بخش خصوصي در مناطق شهري/ تعداد,دستگاه,188,1352-سه ماهه اول,1404-سه ماهه دوم,1,available
TSD-Rep-14050431 (6).xlsx,فصلي,گزارش سری‌های زمانی,1405/04/31,از 1379-سه ماهه اول تا 1404-سه ماهه چهارم,فصلي,2,کليه مناطق شهري,بخش ساختمان و مسکن/ ساختمان هاي شروع شده توسط بخش خصوصي در مناطق شهري/ تعداد,دستگاه,102,1379-سه ماهه اول,1404-سه ماهه دوم,1,available
TSD-Rep-14050431 (7).xlsx,فصلي,گزارش سری‌های زمانی,1405/04/31,از 1351-سه ماهه اول تا 1404-سه ماهه چهارم,فصلي,2,تهران,بخش ساختمان و مسکن/ ساختمان هاي شروع شده توسط بخش خصوصي در مناطق شهري/ سطح کل زيربناي ساختمان‌ ها,هزار مترمربع,188,1352-سه ماهه اول,1404-سه ماهه دوم,1,available
TSD-Rep-14050431 (8).xlsx,فصلي,گزارش سری‌های زمانی,1405/04/31,از 1351-سه ماهه اول تا 1404-سه ماهه چهارم,فصلي,2,کليه مناطق شهري,بخش ساختمان و مسکن/ ساختمان هاي شروع شده توسط بخش خصوصي در مناطق شهري/ سطح کل زيربناي ساختمان‌ ها,هزار مترمربع,188,1352-سه ماهه اول,1404-سه ماهه دوم,1,available
TSD-Rep-14050431 (9).xlsx,فصلي,گزارش سری‌های زمانی,1405/04/31,از 1344-سه ماهه اول تا 1404-سه ماهه چهارم,فصلي,2,تهران,بخش ساختمان و مسکن/ ساختمان هاي شروع شده توسط بخش خصوصي در مناطق شهري/ برآورد متوسط هزينه يک متر مربع بنا,هزار ريال,216,1344-سه ماهه اول,1404-سه ماهه دوم,1,available
TSD-Rep-14050431 (9).xlsx,فصلي,گزارش سری‌های زمانی,1405/04/31,از 1344-سه ماهه اول تا 1404-سه ماهه چهارم,فصلي,3,کليه مناطق شهري,بخش ساختمان و مسکن/ ساختمان هاي شروع شده توسط بخش خصوصي در مناطق شهري/ برآورد متوسط هزينه يک متر مربع بنا,هزار ريال,216,1344-سه ماهه اول,1404-سه ماهه دوم,1,available
TSD-Rep-14050431.xlsx,فصلي,گزارش سری‌های زمانی,1405/04/31,از 1379-سه ماهه اول تا 1404-سه ماهه چهارم,فصلي,2,نقدينگي بر حسب اجزاي تشکيل دهنده آن,متغيرهاي پولي و اعتباري/ نقدينگي,هزار ميليارد ريال,101,1379-سه ماهه اول,1404-سه ماهه اول,0,available
