layer,category,path,file_format,size_bytes,checksum_sha256
raw,housing,data/raw/housing/cbi_tsd_14050431/cbi_bank_maskan_loans_annual.xlsx,xlsx,6643,f18a6bc8900668f6c9ec69b6badd96fda01d451ad1016b2029d27b4ea64538c3
raw,housing,data/raw/housing/cbi_tsd_14050431/cbi_building_permits_floor_area_quarterly.xlsx,xlsx,16142,7b3ec1a524b50378393f557b8d5278264a6f587df3c99ade39fa1dbcd7ac1a56
raw,housing,data/raw/housing/cbi_tsd_14050431/cbi_completed_residential_units_floor_area_quarterly.xlsx,xlsx,13885,ca2da1902bde6ba5f66628e874c46af681090888a16d51935b95d496c97ab11a
raw,housing,data/raw/housing/cbi_tsd_14050431/cbi_private_building_investment_by_construction_stage_quarterly.xlsx,xlsx,9819,cd20cc3f839749dabbd357c12f7e32b01f45cdaeb4e994c08c0485ef648f5f43
raw,housing,data/raw/housing/cbi_tsd_14050431/cbi_private_building_investment_tehran_quarterly.xlsx,xlsx,12297,cf6651040e5a6ab4f9b6b30c29be359db1fa96f47b671c51ef1c5d7bf792bc52
raw,housing,data/raw/housing/cbi_tsd_14050431/cbi_private_building_investment_urban_quarterly.xlsx,xlsx,12367,aba08f8fa446e05e96692c4fc85137fe70f91d9788210457fd45e158fa83b847
raw,housing,data/raw/housing/cbi_tsd_14050431/cbi_private_buildings_completed_count_urban_tehran_quarterly.xlsx,xlsx,16440,27bcf2d6d3a5096613091ccd908874c7980b7c7529e4b9470d850c4df8e4db03
raw,housing,data/raw/housing/cbi_tsd_14050431/cbi_private_buildings_completed_floor_area_cost_urban_tehran_quarterly.xlsx,xlsx,21296,9a3dd0c89e7a8813c041b241b965cb66c5e73c0363153d4bb41de7c33ae38705
raw,housing,data/raw/housing/cbi_tsd_14050431/cbi_private_buildings_land_value_per_sqm_started_completed_urban_tehran_quarterly.xlsx,xlsx,10462,b5cff7192cba5b675e5138a0ceea4ab1d9536cd351f871edd7205983249e8d81
raw,housing,data/raw/housing/cbi_tsd_14050431/cbi_private_buildings_started_cost_per_sqm_urban_tehran_quarterly.xlsx,xlsx,15637,3a970c94b0df0948c0085258d87d651ea8674c06c886129fd60c48606225fc48
raw,housing,data/raw/housing/cbi_tsd_14050431/cbi_private_buildings_started_count_tehran_quarterly.xlsx,xlsx,10986,61af4efffb3e76d3f0a33784cdd7b8fb1a305a93c46ab111d9d8bf5ac8f3a6a4
raw,housing,data/raw/housing/cbi_tsd_14050431/cbi_private_buildings_started_count_urban_quarterly.xlsx,xlsx,7517,fe17840062af81af73fb83973a711244ebb2828be344badf4129f03b1f07faae
raw,housing,data/raw/housing/cbi_tsd_14050431/cbi_private_buildings_started_floor_area_tehran_quarterly.xlsx,xlsx,10983,68a1bb4a799ea75a3c9110139d1a9bf0f810e3fe8526cd026ab05684d1d5dcc9
raw,housing,data/raw/housing/cbi_tsd_14050431/cbi_private_buildings_started_floor_area_urban_quarterly.xlsx,xlsx,11112,47a7fb91a3f995fe7271c808b7ef1edcc02feb0cceb6f877c30f06db6053dd2f
raw,housing,data/raw/housing/cbi_tsd_14050431/cbi_private_sector_housing_credit_quarterly.xlsx,xlsx,10651,376b29cb279297e5a06d21c727867ab33ae1cf5e0870cda5b9520b1a1ae2d2a1
raw,housing,data/raw/housing/cbi_tsd_14050431/cbi_rent_land_price_unemployment_indices_quarterly.xlsx,xlsx,29574,fde5110c606954aed1f76df9e6be4a79516eb9402ffdd61e8e6449949d50b302
raw,housing,data/raw/housing/cbi_tsd_14050431/cbi_residential_units_completed_and_building_permits_count_quarterly.xlsx,xlsx,16094,f73ba90a0ea1c39377712e2529d348f16d7131e7be58a8610525cef61d60f5ec
raw,housing,data/raw/housing/sci_statistical_information_20260723/sci_building_permits_count_by_province_urban_1359_1401.xlsx,xlsx,22492,400961fc2e471d0a608c0070b601606965bdd621f5e79723f0899be05da8247e
raw,housing,data/raw/housing/sci_statistical_information_20260723/sci_building_permits_count_by_use_urban_1369_1401.xls,xls,43008,726536179536c753fe9b1e8312980a5675eb0a7d24e4bde4dca8ca2925fc431a
raw,housing,data/raw/housing/sci_statistical_information_20260723/sci_building_permits_count_tehran_1369_1401.xls,xls,36864,1a1a2c72936dbe803a5da6b08a3bd2c36fa17cfc0ce51bb47b8fb9542a998c55
raw,housing,data/raw/housing/sci_statistical_information_20260723/sci_building_permits_land_area_urban_1369_1401.xls,xls,36864,a20accd281c167d32ea7fa864a4f19b54f3c43da72650a6e32a1f0d93a4a85cd
raw,housing,data/raw/housing/sci_statistical_information_20260723/sci_building_permits_predicted_residential_units_tehran_1369_1401.xls,xls,37376,7750faee3823b4bc5137a1587693f88ce44c05badc92decb795b896e167aa56d
raw,housing,data/raw/housing/sci_statistical_information_20260723/sci_residential_building_permits_count_urban_1369_1401.xls,xls,36864,3a65acc04dadde28acb34432389957c575b85c9f73541f5d2c9cc35b33e03977
raw,housing,data/raw/housing/sci_statistical_information_20260723/sci_residential_building_permits_floor_area_urban_1369_1401.xls,xls,36352,09ac02cf7f77b3e352372919465bbb0c00a9eedc165b9261d7a75a67952f770d
raw,housing,data/raw/housing/sci_statistical_information_20260723/sci_residential_building_permits_land_area_urban_1369_1401.xls,xls,36864,2781763cd7aab291e49884b17aff8526f0dc210d78bbc3d06edb78c5767214bf
raw,housing,data/raw/housing/sci_statistical_information_20260723/sci_tehran_housing_prices_rents_transactions_quarterly_1388_1399.xlsx,xlsx,464598,20e1484745d172050a29ea2bb9167c2d9ce8679d9268e4618fbbbfcb58742a3a
raw,housing,data/raw/housing/sci_statistical_information_20260723/sci_tehran_residential_building_input_indices_material_prices_1390_1404.xlsx,xlsx,216871,b869bda58b7b861d3673508f0e30ae87afc9ddeef6dad6de7b88b1d0ce002e53
raw,macro,data/raw/macro/cbi_tsd_14050431/cbi_liquidity_by_components_quarterly_1379_1404.xlsx,xlsx,7708,15319f56ad41a4c0e50b26755bcef921411ffb4500278c826b65039cf6f43ee7
raw,macro,data/raw/macro/cbi_tsd_14050501/cbi_building_investment_real_estate_value_added_national_accounts_annual_1395_1402.xlsx,xlsx,7168,e8b6634bdead555235e834685b6ad04bcc72e0166b2c729db48d7b2d6275a37c
raw,macro,data/raw/macro/dlearn_tgju_20260723/dlearn_usd_irr_free_market_daily_1360_1405.csv,csv,471197,6b86dd338aeb212626f7ad5688cceb0a6730c2a1515fe85775243afd427da5f5
raw,macro,data/raw/macro/external_data_analysis_20260722/iran_cpi_inflation_monthly_1399_1404.csv,csv,2633,31fbd229e6044af9f6bba745ce0efc4f9c33c42e562554418d6e7fb151285b2b
raw,macro,data/raw/macro/external_data_analysis_20260722/iran_daily_usd_free_market_rate_1399_1405.csv,csv,83745,a3b33b79635be871faac6133ce943a0b087b09225eea67ee8c573af5c7aa4e5d
raw,macro,data/raw/macro/external_data_analysis_20260722/iran_gdp_quarterly_nominal_real_1399_1404.csv,csv,897,7112c9c45995fc89ad649af7c94e3b39c71bb63d05f12fe699e7b037c6c794b0
raw,macro,data/raw/macro/external_data_analysis_20260722/iran_risk_free_rate_ikhza_monthly_jalali_1399_1404.csv,csv,8942,1b4ac80ac72c86bc944e9a9acdd2ed56dd4373bd797a5bc461678e890b4dcee8
raw,macro,data/raw/macro/external_data_analysis_20260722/us_federal_funds_effective_rate_monthly_jalali_1399_1404.csv,csv,3205,ed43df83d4f89cd601b787627c6369e27e3e8a9ff9c2bd5e1fd2172142be6658
raw,macro,data/raw/macro/sci_statistical_information_20260723/sci_urban_household_cpi_inflation_national_provincial_1381_1405.xlsx,xlsx,1242509,22c1d9ad9fafb764f9597351c817dc7775e6cf8b26b8cc865c76d384ddf6188c
cleaned,housing,data/cleaned/housing/cbi_non_geographic/cbi_hsg_bank_maskan_loans_a.csv,csv,1417,77147ff0c947cde74ce4ec1198bb2c0420f3373e3023b9d99b569ae19828cbef
cleaned,housing,data/cleaned/housing/cbi_non_geographic/cbi_hsg_completed_residential_units_average_area_q.csv,csv,3942,c12a4840bbe36bfc003c4252bcb1479c29f8a25aa88e92313fafd3ff8163eb75
cleaned,housing,data/cleaned/housing/cbi_non_geographic/cbi_hsg_completed_residential_units_count_q.csv,csv,4149,dc73429bf2426792dfd4398630c35f58e90897418dae6dc6ae261d60ee2672c3
cleaned,housing,data/cleaned/housing/cbi_non_geographic/cbi_hsg_completed_residential_units_floor_area_q.csv,csv,4115,dd06a791fde6b825852eecec0cb0d723765a37b825dee41c7b1f637f4e72f4f3
cleaned,housing,data/cleaned/housing/cbi_non_geographic/cbi_hsg_private_investment_total_q.csv,csv,4186,a3939bb12de5f4588b42ed52381647fcc469b5998f50b53f6d990b053a9295b5
cleaned,housing,data/cleaned/housing/cbi_non_geographic/cbi_hsg_private_sector_credit_q.csv,csv,2454,f44d567bdde374eed0e2b5ae86b9eb944dd2df682d893db50f345a6f1ddcee4f
cleaned,housing,data/cleaned/housing/cbi_non_geographic/cbi_hsg_rent_index_by_city_size_q.csv,csv,11283,d6b75613360045bc017c4904f04ee988a01598bd121239eabfe7813e035e6b82
cleaned,housing,data/cleaned/housing/cbi_urban_tehran_pairs/cbi_hsg_building_permits_count_q.csv,csv,7074,8a7921add2efefcd237f5e65ab819fb2b7bc52cfa8c2d80ea0445e719edc8e9c
cleaned,housing,data/cleaned/housing/cbi_urban_tehran_pairs/cbi_hsg_building_permits_floor_area_q.csv,csv,9204,0bcd904e387eb7026ccc70df06dfc7997a7e653b30eda228e41e36575e603ae4
cleaned,housing,data/cleaned/housing/cbi_urban_tehran_pairs/cbi_hsg_completed_buildings_cost_per_sqm_q.csv,csv,8249,ba22fcb27eee229f48664a2b48506e5b682fe547d63c96f86512e824903dd4d0
cleaned,housing,data/cleaned/housing/cbi_urban_tehran_pairs/cbi_hsg_completed_buildings_count_q.csv,csv,7489,37dda89463b3f5baff9e1895b62c0a0dff304241ca0f06a721248ecf901d1e7b
cleaned,housing,data/cleaned/housing/cbi_urban_tehran_pairs/cbi_hsg_completed_buildings_floor_area_q.csv,csv,8913,e8506f8eda1354e8bb9509d9a1b023e91e164010fd48419a6023747f4d715d20
cleaned,housing,data/cleaned/housing/cbi_urban_tehran_pairs/cbi_hsg_completed_buildings_land_value_per_sqm_q.csv,csv,5187,0a754d6307ce502659e1c1e99e67fc1ed11836336f4a6ee0f3a8250a2e5775cf
cleaned,housing,data/cleaned/housing/cbi_urban_tehran_pairs/cbi_hsg_land_price_index_q.csv,csv,6313,a523820e9dc597d4b3136d9940ecd67693a8d376003dfd4eb4f02659964dfa5f
cleaned,housing,data/cleaned/housing/cbi_urban_tehran_pairs/cbi_hsg_private_investment_new_buildings_q.csv,csv,9631,2a9e8dc45fb0fb14f3999e60eb2cced19a09651485773d7cc343de972e9fc1a0
cleaned,housing,data/cleaned/housing/cbi_urban_tehran_pairs/cbi_hsg_rent_index_q.csv,csv,10660,2a4ee1915a9f6b2778bcf6d9f5caad2c35c2c352eb6c5778027ea235b35b590a
cleaned,housing,data/cleaned/housing/cbi_urban_tehran_pairs/cbi_hsg_started_buildings_cost_per_sqm_q.csv,csv,8273,7203cdf7690cc52735562fec4121d89170b5563b4471f8b48fd569e2f172c3be
cleaned,housing,data/cleaned/housing/cbi_urban_tehran_pairs/cbi_hsg_started_buildings_count_q.csv,csv,7278,69969ee10b7e8266701aa1ee2ab95e0c8fddb540b1392687878061e39b1ed935
cleaned,housing,data/cleaned/housing/cbi_urban_tehran_pairs/cbi_hsg_started_buildings_floor_area_q.csv,csv,8919,33dc9df590c1948b76d53f0a47e9d5d1a9f22928c19e49367c4fa867419c7c6f
cleaned,housing,data/cleaned/housing/cbi_urban_tehran_pairs/cbi_hsg_started_buildings_land_value_per_sqm_q.csv,csv,5188,ff6071afa1fb21fb410627dfd7b4483a45b11cf052e7431a719c625fbbbdbf63
cleaned,housing,data/cleaned/housing/sci_building_permits/sci_building_permits_annual.csv,csv,255804,b12b94198a7997cc5489722985e0d5d5c1d289e9c79945f9b2ec1410faa67018
cleaned,housing,data/cleaned/housing/sci_construction_inputs/sci_tehran_building_input_index_legacy_base1390.csv,csv,180492,a883cbc321eacdfd7c03992b2305642db55b88d1a7003cdf1472cc288a32bb09
cleaned,housing,data/cleaned/housing/sci_construction_inputs/sci_tehran_building_input_indices_base1402.csv,csv,785977,08785a30694fc1c30ad5558ecf879e82e28d9945416f30802f999aee884d54dd
cleaned,housing,data/cleaned/housing/sci_construction_inputs/sci_tehran_selected_building_material_prices_1404q4.csv,csv,29731,7cbf6228eee0338e10bf90882809c7bf37d7db697b3e6a1fa0facab6f0631d1b
cleaned,housing,data/cleaned/housing/sci_tehran_housing_market/sci_tehran_housing_market_quarterly_1388_1399.csv,csv,2462132,6342d8602bc38392c0a1f6652195dfae2d5d823f75d2f84e3c1b72d15bbe2910
cleaned,macro,data/cleaned/macro/exchange_rates/iran_daily_usd_free_market_rate_1399_1405.csv,csv,631641,8d69371811fc310d15daf002baf706b4fbd41924ff3c7742997c6767ab03ebd7
cleaned,macro,data/cleaned/macro/interest_rates/domestic/iran_risk_free_rate_ikhza_monthly_jalali_1399_1404.csv,csv,8942,1b4ac80ac72c86bc944e9a9acdd2ed56dd4373bd797a5bc461678e890b4dcee8
cleaned,macro,data/cleaned/macro/interest_rates/international/us_federal_funds_effective_rate_monthly_jalali_1399_1404.csv,csv,3205,ed43df83d4f89cd601b787627c6369e27e3e8a9ff9c2bd5e1fd2172142be6658
cleaned,macro,data/cleaned/macro/labor_market/cbi_macro_urban_unemployment_rate_q.csv,csv,2625,0b0a2c07ccc04fbc89f9f6b2192bdd6572c4abe1e4ec45fc36e3871b4147d2df
cleaned,macro,data/cleaned/macro/money_and_credit/cbi_macro_liquidity_q.csv,csv,3177,6016fe88d949dcbcf677bc6f031b581d61f184881601811be4d0fa6311d4da6c
cleaned,macro,data/cleaned/macro/national_accounts/cbi_macro_building_gfcf_private_constant_1400_a.csv,csv,329,971116243de88f5382b5033ac257bba49ff52c1975e2272cd491a3b0d99bfdfd
cleaned,macro,data/cleaned/macro/national_accounts/cbi_macro_building_gfcf_private_current_a.csv,csv,336,203143eab4227b05563dd2a679dc772032fcf042cecdd99c7f62d17fb391f5d8
cleaned,macro,data/cleaned/macro/national_accounts/cbi_macro_building_gfcf_public_constant_1400_a.csv,csv,333,10b0091f25f648a3499bf7faa1984b4e710916d80b4369ea4fc6587c350c65b1
cleaned,macro,data/cleaned/macro/national_accounts/cbi_macro_building_gfcf_public_current_a.csv,csv,333,fffe3148f6bf90777897f0f0699b21b59faa05c8f120ae624c76738eb8309fb1
cleaned,macro,data/cleaned/macro/national_accounts/cbi_macro_real_estate_value_added_constant_1400_a.csv,csv,330,e63a3ad8b0d40f8ed067ee5b8ed9cbdc4ca6c080b03bde7a0368d84fc53331e0
cleaned,macro,data/cleaned/macro/national_accounts/cbi_macro_real_estate_value_added_current_a.csv,csv,334,72e0575607b035ffc88a5cd6d5a74bd97807c9ace38fce57604c4b739f7d5da8
cleaned,macro,data/cleaned/macro/national_accounts/iran_gdp_quarterly_nominal_real_1399_1404.csv,csv,897,7112c9c45995fc89ad649af7c94e3b39c71bb63d05f12fe699e7b037c6c794b0
cleaned,macro,data/cleaned/macro/prices_and_inflation/iran_cpi_inflation_monthly_1399_1404.csv,csv,2633,31fbd229e6044af9f6bba745ce0efc4f9c33c42e562554418d6e7fb151285b2b
cleaned,macro,data/cleaned/macro/prices_and_inflation/sci_urban_cpi_national_annual_by_group.csv,csv,371998,9a20fd488a23b961ab6c8ff68fa9dfd167a30ab39abe17b04eb4b7504c21d44b
cleaned,macro,data/cleaned/macro/prices_and_inflation/sci_urban_cpi_national_monthly_by_group.csv,csv,9687154,2c6c6c0bb8d30c126e05ea92ad75a120645249baf895f93d3b05fa99b9fa53bc
cleaned,macro,data/cleaned/macro/prices_and_inflation/sci_urban_cpi_provincial.csv,csv,5022496,dabfdf276db3c53200f89d52ea0f6183f7b1d380833134bc7002ccc8f3d82c1a
cleaned,macro,data/cleaned/macro/prices_and_inflation/sci_urban_cpi_total_historical.csv,csv,99926,5cec381a7f7ff9898eeba0acde4fbfec165de302b4f367c171e2b91b74535fb3
cleaned,related_industries,data/cleaned/related_industries/construction_materials/market_indices/tsetmc_cement_tile_ceramic_sector_indices_daily.csv,csv,970547,0b425c4e8970356eb21620a48b41055ee4cab051086dbee01cb8991fb1bcbc57
cleaned,stocks,data/cleaned/stocks/housing_finance/mortgage_facility_certificates/tsetmc_bank_maskan_mortgage_certificates_daily.csv,csv,13480685,eb43c6e24fa2e0b465c62093a5b1a4bf14d5a65711fa59dec17e30cc9a4d7a94
cleaned,stocks,data/cleaned/stocks/real_estate_developers/tsetmc_real_estate_developer_stocks_daily.csv,csv,11397461,fab2a934202ddb16c0c7449a02d8d9c536fb54945bc7b8c7fed15605fe8b7fdb
cleaned,stocks,data/cleaned/stocks/real_estate_developers/tsetmc_real_estate_sector_index_daily.csv,csv,590419,cb7425fc25fb2dadaee69b0e62aed6d0890064f5a5b5a32c098ba064e5684b92
cleaned,stocks,data/cleaned/stocks/real_estate_funds/tsetmc_real_estate_funds_daily.csv,csv,717087,3d836586964e7d50cd20e76b4a662d338933272f8635c6f4205365b421379dc0
cleaned,stocks,data/cleaned/stocks/reference/tsetmc_housing_market_instrument_registry.csv,csv,18135,8781f3e12209ad14d05f6795809335bcede475780ca92a5a969059204e81a044
derived,housing,data/derived/housing/inflation/cbi_housing_rent_inflation_quarterly.csv,csv,150448,4dc4198e678a8926494c11823ecc02af0210d9ddeb0c3907bc00e57fff2037b2
derived,housing,data/derived/housing/inflation/housing_rent_inflation_all_sources.csv,csv,5443749,9226059c31cdc574dc364074f5d09b48b79ebb9af8df40a5a22434be4112f797
derived,stocks,data/derived/stocks/housing_finance/tsetmc_bank_maskan_tese_continuous_daily.csv,csv,911973,6defdcf5a733c59e31c4677c62ccb7fe1322dcc633d42fee89872caaec6ce076
