source_file,raw_path,sha256,file_size_bytes,sheet_name,rows,columns,nonempty_cells,title_fa
masahat_zamin_parvane_maskooni_shahri_1369-1401-14040203130948.xls,data/raw/housing/sci_statistical_information_20260723/masahat_zamin_parvane_maskooni_shahri_1369-1401-14040203130948.xls,2781763cd7aab291e49884b17aff8526f0dc210d78bbc3d06edb78c5767214bf,36864,جدول,46,2,74,مساحت زمین در پروانه‌های احداث ساختمان مسکونی در نقاط شهری کشور: از سال 1369 تا 1401 (متر مربع)
masahat_zamin_parvane_sakhteman_shahri_1369-1401-14040203130506.xls,data/raw/housing/sci_statistical_information_20260723/masahat_zamin_parvane_sakhteman_shahri_1369-1401-14040203130506.xls,a20accd281c167d32ea7fa864a4f19b54f3c43da72650a6e32a1f0d93a4a85cd,36864,جدول,46,2,74,مساحت زمین در پروانه‌های احداث ساختمان در نقاط شهری کشور: از سال 1369 تا 1401 (متر مربع)
masahat_zirbana_parvane_maskooni_shahri_1369-1401-14040203120737.xls,data/raw/housing/sci_statistical_information_20260723/masahat_zirbana_parvane_maskooni_shahri_1369-1401-14040203120737.xls,09ac02cf7f77b3e352372919465bbb0c00a9eedc165b9261d7a75a67952f770d,36352,جدول,43,2,74,مساحت زیربنا در پروانه‌های احداث ساختمان مسکونی در نقاط شهری کشور: از سال 1369 تا 1401
NE_GHeymat_Ejare_Maskan_Teh_88-99.xlsx,data/raw/housing/sci_statistical_information_20260723/NE_GHeymat_Ejare_Maskan_Teh_88-99.xlsx,20e1484745d172050a29ea2bb9167c2d9ce8679d9268e4618fbbbfcb58742a3a,464598,توضيحات ضروري,7,2,6,معاونت طرح‌های آماری و آمارهای ثبتی
NE_GHeymat_Ejare_Maskan_Teh_88-99.xlsx,data/raw/housing/sci_statistical_information_20260723/NE_GHeymat_Ejare_Maskan_Teh_88-99.xlsx,20e1484745d172050a29ea2bb9167c2d9ce8679d9268e4618fbbbfcb58742a3a,464598,فهرست,17,4,14,فهرست جداول
NE_GHeymat_Ejare_Maskan_Teh_88-99.xlsx,data/raw/housing/sci_statistical_information_20260723/NE_GHeymat_Ejare_Maskan_Teh_88-99.xlsx,20e1484745d172050a29ea2bb9167c2d9ce8679d9268e4618fbbbfcb58742a3a,464598,قیمت زمين,26,46,1086,1- متوسط قیمت فروش یک مترمربع زمین یا زمین ساختمان مسکونی کلنگی به تفکیک مناطق شهرداری تهران 1399-1388 (هزار ریال)
NE_GHeymat_Ejare_Maskan_Teh_88-99.xlsx,data/raw/housing/sci_statistical_information_20260723/NE_GHeymat_Ejare_Maskan_Teh_88-99.xlsx,20e1484745d172050a29ea2bb9167c2d9ce8679d9268e4618fbbbfcb58742a3a,464598,قیمت بنا,26,46,1117,2- قیمت فروش یک مترمربع زیربنای مسکونی به تفکیک مناطق شهرداری تهران 1399-1388 (هزارریال)
NE_GHeymat_Ejare_Maskan_Teh_88-99.xlsx,data/raw/housing/sci_statistical_information_20260723/NE_GHeymat_Ejare_Maskan_Teh_88-99.xlsx,20e1484745d172050a29ea2bb9167c2d9ce8679d9268e4618fbbbfcb58742a3a,464598,مبلغ اجاره,26,46,1117,3- متوسط اجاره‎ی ماهانه به‌علاوه‎ی سه‌ درصد ودیعه‎ی پرداختی برای اجاره‎ی یک مترمربع زیربنای مسکونی به تفکیک مناطق شهرداری تهران 1399-1388 (ریال)
NE_GHeymat_Ejare_Maskan_Teh_88-99.xlsx,data/raw/housing/sci_statistical_information_20260723/NE_GHeymat_Ejare_Maskan_Teh_88-99.xlsx,20e1484745d172050a29ea2bb9167c2d9ce8679d9268e4618fbbbfcb58742a3a,464598,تعداد معاملات,27,124,3029,4-تعداد معاملات فروش زمین یا زمین ساختمان مسکونی کلنگی، فروش زیربنای مسکونی و اجاره‎ی زیربنای مسکونی 1399-1389
NE_GHeymat_Ejare_Maskan_Teh_88-99.xlsx,data/raw/housing/sci_statistical_information_20260723/NE_GHeymat_Ejare_Maskan_Teh_88-99.xlsx,20e1484745d172050a29ea2bb9167c2d9ce8679d9268e4618fbbbfcb58742a3a,464598,رشد نسبت به فصل قبل زمین,26,45,1093,5- رشد قیمت فروش یک مترمربع زمین یا زمین ساختمان مسکونی کلنگی نسبت به فصل قبل به تفکیک مناطق شهرداری تهران 1399-1388
NE_GHeymat_Ejare_Maskan_Teh_88-99.xlsx,data/raw/housing/sci_statistical_information_20260723/NE_GHeymat_Ejare_Maskan_Teh_88-99.xlsx,20e1484745d172050a29ea2bb9167c2d9ce8679d9268e4618fbbbfcb58742a3a,464598,رشد نسبت به فصل سال قبل زمین,26,42,1020,6- رشد قیمت فروش یک مترمربع زمین یا زمین ساختمان مسکونی کلنگی نسبت به فصل مشابه سال قبل به تفکیک مناطق شهرداری تهران 1399-1389
NE_GHeymat_Ejare_Maskan_Teh_88-99.xlsx,data/raw/housing/sci_statistical_information_20260723/NE_GHeymat_Ejare_Maskan_Teh_88-99.xlsx,20e1484745d172050a29ea2bb9167c2d9ce8679d9268e4618fbbbfcb58742a3a,464598,رشد نسبت به فصل قبل بنا,28,45,1092,7- رشد قیمت فروش یک مترمربع زیربنای مسکونی نسبت به فصل قبل به تفکیک مناطق شهرداری تهران 1399-1388
NE_GHeymat_Ejare_Maskan_Teh_88-99.xlsx,data/raw/housing/sci_statistical_information_20260723/NE_GHeymat_Ejare_Maskan_Teh_88-99.xlsx,20e1484745d172050a29ea2bb9167c2d9ce8679d9268e4618fbbbfcb58742a3a,464598,رشد نسبت به فصل سال قبل بنا,26,42,1019,8- رشد قیمت فروش یک مترمربع زیربنای مسکونی نسبت به فصل مشابه سال قبل به تفکیک مناطق شهرداری تهران 1399-1389
NE_GHeymat_Ejare_Maskan_Teh_88-99.xlsx,data/raw/housing/sci_statistical_information_20260723/NE_GHeymat_Ejare_Maskan_Teh_88-99.xlsx,20e1484745d172050a29ea2bb9167c2d9ce8679d9268e4618fbbbfcb58742a3a,464598,رشد نسبت به فصل قبل اجاره,29,45,1095,9- رشد اجاره‎ی ماهانه به‌علاوه‎ی سه‌ درصد ودیعه‎ی پرداختی برای اجاره‎ی یک مترمربع زیربنای مسکونی نسبت به فصل قبل به تفکیک مناطق شهرداری تهران 1399-1388
NE_GHeymat_Ejare_Maskan_Teh_88-99.xlsx,data/raw/housing/sci_statistical_information_20260723/NE_GHeymat_Ejare_Maskan_Teh_88-99.xlsx,20e1484745d172050a29ea2bb9167c2d9ce8679d9268e4618fbbbfcb58742a3a,464598,رشد نسبت به فصل سال قبل اجاره,26,42,1020,10- رشد اجاره‎ی ماهانه به‌علاوه‎ی سه‌ درصد ودیعه‎ی پرداختی برای اجاره‎ی یک مترمربع زیربنای مسکونی نسبت به فصل مشابه سال قبل به تفکیک مناطق شهرداری تهران 1399-1389
NE_GHeymat_Ejare_Maskan_Teh_88-99.xlsx,data/raw/housing/sci_statistical_information_20260723/NE_GHeymat_Ejare_Maskan_Teh_88-99.xlsx,20e1484745d172050a29ea2bb9167c2d9ce8679d9268e4618fbbbfcb58742a3a,464598,رشد معاملات نسبت به فصل قبل,27,121,2956,11-رشد تعداد معاملات فروش زمین یا زمین ساختمان مسکونی کلنگی، فروش زیربنای مسکونی و اجاره‎ی زیربنای مسکونی نسبت به فصل قبل به تفکیک مناطق شهرداری تهران 1399-1389
NE_GHeymat_Ejare_Maskan_Teh_88-99.xlsx,data/raw/housing/sci_statistical_information_20260723/NE_GHeymat_Ejare_Maskan_Teh_88-99.xlsx,20e1484745d172050a29ea2bb9167c2d9ce8679d9268e4618fbbbfcb58742a3a,464598,رشد معاملات نسبت به فصل سال قبل,27,112,2736,12-رشد تعداد معاملات فروش زمین یا زمین ساختمان مسکونی کلنگی، فروش زیربنای مسکونی و اجاره‎ی زیربنای مسکونی نسبت به فصل مشابه سال قبل به تفکیک مناطق شهرداری تهران 1399-1388
tedad_parvane_maskooni_shahri_1369-1401-14040202165720.xls,data/raw/housing/sci_statistical_information_20260723/tedad_parvane_maskooni_shahri_1369-1401-14040202165720.xls,3a65acc04dadde28acb34432389957c575b85c9f73541f5d2c9cc35b33e03977,36864,جدول,46,2,74,تعداد پروانه‌های احداث ساختمان مسکونی در نقاط شهری کشور: از سال 1369 تا 1401
tedad_parvane_noe_karbari_1369-1401-14040202164828.xls,data/raw/housing/sci_statistical_information_20260723/tedad_parvane_noe_karbari_1369-1401-14040202164828.xls,726536179536c753fe9b1e8312980a5675eb0a7d24e4bde4dca8ca2925fc431a,43008,جدول,45,9,312,تعداد پروانه‌های احداث ساختمان برحسب نوع کاربری ساختمان در نقاط شهری کشور: از سال 1369 تا 1401
tedad_parvane_sakhteman_shahri_ostani_1359-1401-14040202153428.xlsx,data/raw/housing/sci_statistical_information_20260723/tedad_parvane_sakhteman_shahri_ostani_1359-1401-14040202153428.xlsx,400961fc2e471d0a608c0070b601606965bdd621f5e79723f0899be05da8247e,22492,Sheet2,57,33,1463,تعداد پروانه‌های ساختمانی صادر شده در نقاط شهری کشور برحسب استان-سالانه
tedad_parvane_sakhteman_tehran_1369-1401-14040202154433.xls,data/raw/housing/sci_statistical_information_20260723/tedad_parvane_sakhteman_tehran_1369-1401-14040202154433.xls,1a1a2c72936dbe803a5da6b08a3bd2c36fa17cfc0ce51bb47b8fb9542a998c55,36864,جدول,45,2,74,تعداد پروانه‌های ساختمانی صادر شده برای احداث ساختمان در شهر تهران: از سال 1369 تا 1401
tedad_vahed_maskooni_pishbini_tehran_1369-1401-14040202155036.xls,data/raw/housing/sci_statistical_information_20260723/tedad_vahed_maskooni_pishbini_tehran_1369-1401-14040202155036.xls,7750faee3823b4bc5137a1587693f88ce44c05badc92decb795b896e167aa56d,37376,جدول,47,2,75,تعداد واحدهای مسکونی پیش‌بینی شده در پروانه‌های احداث ساختمان در شهر تهران: از سال 1369 تا 1401
ts_building_140404-14050319105758.xlsx,data/raw/housing/sci_statistical_information_20260723/ts_building_140404-14050319105758.xlsx,b869bda58b7b861d3673508f0e30ae87afc9ddeef6dad6de7b88b1d0ce002e53,216871,فهرست,23,4,45,جداول شاخص و متوسط قیمت نهاده های ساختمانی
ts_building_140404-14050319105758.xlsx,data/raw/housing/sci_statistical_information_20260723/ts_building_140404-14050319105758.xlsx,b869bda58b7b861d3673508f0e30ae87afc9ddeef6dad6de7b88b1d0ce002e53,216871,فراداده,52,2,73,فراداده محصولات آماری
ts_building_140404-14050319105758.xlsx,data/raw/housing/sci_statistical_information_20260723/ts_building_140404-14050319105758.xlsx,b869bda58b7b861d3673508f0e30ae87afc9ddeef6dad6de7b88b1d0ce002e53,216871,جدول 1,56,62,1068,جدول 1- شاخص قیمت نهاده‌های ساختمان‌های مسکونی شهر تهران به تفکیک فصل، سال و گروه های اصلی برمبنای سال پایه 100=1402
ts_building_140404-14050319105758.xlsx,data/raw/housing/sci_statistical_information_20260723/ts_building_140404-14050319105758.xlsx,b869bda58b7b861d3673508f0e30ae87afc9ddeef6dad6de7b88b1d0ce002e53,216871,جدول 2,20,62,1054,جدول 2- درصد تغییر فصلی شاخص قیمت نهاده‌های ساختمان‌های مسکونی شهر تهران به تفکیک فصل و گروه‌های اصلی برمبنای سال پایه 100=1402)
ts_building_140404-14050319105758.xlsx,data/raw/housing/sci_statistical_information_20260723/ts_building_140404-14050319105758.xlsx,b869bda58b7b861d3673508f0e30ae87afc9ddeef6dad6de7b88b1d0ce002e53,216871,جدول 3,21,58,985,جدول 3- درصد تغییر شاخص قیمت نهاده‌های ساختمان‌های مسکونی شهر تهران نسبت به فصل مشابه سال قبل ( تورم نقطه به نقطه ) به تفکیک فصل یا سال و بخش های اصلی برمبنای سال پایه 100=1402
ts_building_140404-14050319105758.xlsx,data/raw/housing/sci_statistical_information_20260723/ts_building_140404-14050319105758.xlsx,b869bda58b7b861d3673508f0e30ae87afc9ddeef6dad6de7b88b1d0ce002e53,216871,جدول 4,21,58,985,جدول 4-درصد تغییر شاخص قیمت نهاده‌های ساختمان‌های مسکونی شهر تهران در 4 فصل منتهی به فصل یا سال مورد نظر نسبت به دوره مشابه سال قبل به تفکیک فصل یا سال و گروه‌های اصلی برمبنای سال پایه 100=1402
ts_building_140404-14050319105758.xlsx,data/raw/housing/sci_statistical_information_20260723/ts_building_140404-14050319105758.xlsx,b869bda58b7b861d3673508f0e30ae87afc9ddeef6dad6de7b88b1d0ce002e53,216871,جدول 5,21,17,289,جدول 5- شاخص قیمت نهاده‌های ساختمان‌های مسکونی به تفکیک فصل یا سال و گروه های اصلی برمبنای سال پایه 100=1402
ts_building_140404-14050319105758.xlsx,data/raw/housing/sci_statistical_information_20260723/ts_building_140404-14050319105758.xlsx,b869bda58b7b861d3673508f0e30ae87afc9ddeef6dad6de7b88b1d0ce002e53,216871,جدول 6,21,16,271,جدول 6- درصد تغییر شاخص قیمت نهاده‌های ساختمان‌های مسکونی شهر تهران در 4 فصل منتهی به فصل یا سال مورد نظر نسبت به دوره مشابه سال قبل به تفکیک فصل یا سال و گروه‌های اصلی برمبنای سال پایه 100=1402
ts_building_140404-14050319105758.xlsx,data/raw/housing/sci_statistical_information_20260723/ts_building_140404-14050319105758.xlsx,b869bda58b7b861d3673508f0e30ae87afc9ddeef6dad6de7b88b1d0ce002e53,216871,جدول7,55,59,1017,جدول 7- شاخص قیمت نهاده‌های ساختمان‌های مسکونی شهر تهران به تفکیک فصل، سال و گروه های اصلی برمبنای سال پایه 100=1390
ts_building_140404-14050319105758.xlsx,data/raw/housing/sci_statistical_information_20260723/ts_building_140404-14050319105758.xlsx,b869bda58b7b861d3673508f0e30ae87afc9ddeef6dad6de7b88b1d0ce002e53,216871,جدول8,23,8,108,جدول 8-حداقل، حداکثر و متوسط قیمت مصالح ساختمانی منتخب‌ گروه خاک ، ماسه ،سیمان ،آجر،بلوک سفالی و لوله سیمانی:زمستان 1404
ts_building_140404-14050319105758.xlsx,data/raw/housing/sci_statistical_information_20260723/ts_building_140404-14050319105758.xlsx,b869bda58b7b861d3673508f0e30ae87afc9ddeef6dad6de7b88b1d0ce002e53,216871,جدول 9,14,8,63,جدول 9-حداقل، حداکثر و متوسط قیمت مصالح ساختمانی منتخب‌ گروه موزاییک: زمستان 1404
ts_building_140404-14050319105758.xlsx,data/raw/housing/sci_statistical_information_20260723/ts_building_140404-14050319105758.xlsx,b869bda58b7b861d3673508f0e30ae87afc9ddeef6dad6de7b88b1d0ce002e53,216871,جدول 10,22,8,103,جدول 10-حداقل، حداکثر و متوسط قیمت مصالح ساختمانی منتخب‌ گروه سنگ: زمستان 1404
ts_building_140404-14050319105758.xlsx,data/raw/housing/sci_statistical_information_20260723/ts_building_140404-14050319105758.xlsx,b869bda58b7b861d3673508f0e30ae87afc9ddeef6dad6de7b88b1d0ce002e53,216871,جدول 11,33,8,158,جدول 11-حداقل، حداکثر و متوسط قیمت مصالح ساختمانی منتخب‌ گروه آهن الات و میلگرد: زمستان 1404
ts_building_140404-14050319105758.xlsx,data/raw/housing/sci_statistical_information_20260723/ts_building_140404-14050319105758.xlsx,b869bda58b7b861d3673508f0e30ae87afc9ddeef6dad6de7b88b1d0ce002e53,216871,جدول 12,7,8,28,جدول12-حداقل، حداکثر و متوسط قیمت مصالح ساختمانی منتخب‌ گروه ورق های فلزی: زمستان 1404
ts_building_140404-14050319105758.xlsx,data/raw/housing/sci_statistical_information_20260723/ts_building_140404-14050319105758.xlsx,b869bda58b7b861d3673508f0e30ae87afc9ddeef6dad6de7b88b1d0ce002e53,216871,جدول 13,4,8,13,جدول 13-حداقل، حداکثر و متوسط قیمت مصالح ساختمانی منتخب‌ گروه گونی چتایی: زمستان 1404
ts_building_140404-14050319105758.xlsx,data/raw/housing/sci_statistical_information_20260723/ts_building_140404-14050319105758.xlsx,b869bda58b7b861d3673508f0e30ae87afc9ddeef6dad6de7b88b1d0ce002e53,216871,جدول 14,6,8,23,جدول 14-حداقل، حداکثر و متوسط قیمت مصالح ساختمانی منتخب‌ گروه محصولات پلاستیکی پوشش کف و دیوار: زمستان 1404
ts_building_140404-14050319105758.xlsx,data/raw/housing/sci_statistical_information_20260723/ts_building_140404-14050319105758.xlsx,b869bda58b7b861d3673508f0e30ae87afc9ddeef6dad6de7b88b1d0ce002e53,216871,جدول 15,7,8,28,جدول 15-حداقل، حداکثر و متوسط قیمت مصالح ساختمانی منتخب‌ گروه مصالح پلاستیکی و لاستیکی: زمستان 1404
ts_building_140404-14050319105758.xlsx,data/raw/housing/sci_statistical_information_20260723/ts_building_140404-14050319105758.xlsx,b869bda58b7b861d3673508f0e30ae87afc9ddeef6dad6de7b88b1d0ce002e53,216871,جدول 16,16,8,73,جدول 16-حداقل، حداکثر و متوسط قیمت مصالح ساختمانی منتخب‌ گروه چوب: زمستان 1404
ts_building_140404-14050319105758.xlsx,data/raw/housing/sci_statistical_information_20260723/ts_building_140404-14050319105758.xlsx,b869bda58b7b861d3673508f0e30ae87afc9ddeef6dad6de7b88b1d0ce002e53,216871,جدول 17,16,8,73,جدول 17-حداقل، حداکثر و متوسط قیمت مصالح ساختمانی منتخب‌ گروه تأسیسات مکانیکی: زمستان 1404
ts_building_140404-14050319105758.xlsx,data/raw/housing/sci_statistical_information_20260723/ts_building_140404-14050319105758.xlsx,b869bda58b7b861d3673508f0e30ae87afc9ddeef6dad6de7b88b1d0ce002e53,216871,جدول 18,12,8,53,جدول 18-حداقل، حداکثر و متوسط قیمت مصالح ساختمانی منتخب‌ گروه یراق آلات: زمستان 1404
ts_building_140404-14050319105758.xlsx,data/raw/housing/sci_statistical_information_20260723/ts_building_140404-14050319105758.xlsx,b869bda58b7b861d3673508f0e30ae87afc9ddeef6dad6de7b88b1d0ce002e53,216871,جدول 19,4,8,13,جدول 19-حداقل، حداکثر و متوسط قیمت مصالح ساختمانی منتخب‌ گروه ایزوگام: زمستان 1404
ts_building_140404-14050319105758.xlsx,data/raw/housing/sci_statistical_information_20260723/ts_building_140404-14050319105758.xlsx,b869bda58b7b861d3673508f0e30ae87afc9ddeef6dad6de7b88b1d0ce002e53,216871,جدول 20,5,8,18,جدول 20-حداقل، حداکثر و متوسط قیمت مصالح ساختمانی منتخب‌ گروه شیشه: زمستان 1404
ts_urban_140503-14050421160048.xlsx,data/raw/macro/sci_statistical_information_20260723/ts_urban_140503-14050421160048.xlsx,22c1d9ad9fafb764f9597351c817dc7775e6cf8b26b8cc865c76d384ddf6188c,1242509,فهرست,15,3,29,جداول شاخص قیمت مصرف کننده خانوارهای شهری کشور
ts_urban_140503-14050421160048.xlsx,data/raw/macro/sci_statistical_information_20260723/ts_urban_140503-14050421160048.xlsx,22c1d9ad9fafb764f9597351c817dc7775e6cf8b26b8cc865c76d384ddf6188c,1242509,فراداده,40,2,62,فراداده محصولات آماری
ts_urban_140503-14050421160048.xlsx,data/raw/macro/sci_statistical_information_20260723/ts_urban_140503-14050421160048.xlsx,22c1d9ad9fafb764f9597351c817dc7775e6cf8b26b8cc865c76d384ddf6188c,1242509,جدول 1,46,301,12882,شاخص قیمت مصرف کننده خانوارهای شهری کشور به تفکیک ماه و گروه های عمده برمبنای سال پایه 100=1400
ts_urban_140503-14050421160048.xlsx,data/raw/macro/sci_statistical_information_20260723/ts_urban_140503-14050421160048.xlsx,22c1d9ad9fafb764f9597351c817dc7775e6cf8b26b8cc865c76d384ddf6188c,1242509,جدول 2,46,301,12883,درصد تغییر ماهانه شاخص قیمت مصرف کننده خانوارهای شهری کشور به تفکیک ماه و گروه های اصلی
ts_urban_140503-14050421160048.xlsx,data/raw/macro/sci_statistical_information_20260723/ts_urban_140503-14050421160048.xlsx,22c1d9ad9fafb764f9597351c817dc7775e6cf8b26b8cc865c76d384ddf6188c,1242509,جدول 3,46,289,12353,درصد تغییر شاخص قیمت مصرف کننده خانوارهای شهری کشور نسبت به ماه مشابه سال قبل (تورم نقطه به نقطه خانوارهای شهری) به تفکیک ماه و گروه های عمده
ts_urban_140503-14050421160048.xlsx,data/raw/macro/sci_statistical_information_20260723/ts_urban_140503-14050421160048.xlsx,22c1d9ad9fafb764f9597351c817dc7775e6cf8b26b8cc865c76d384ddf6188c,1242509,جدول 4,46,277,11824,درصد تغییر شاخص قیمت مصرف کننده خانوارهای شهری کشور در 12 ماه منتهی به ماه مورد نظر نسبت به دوره مشابه سال قبل(نرخ تورم خانوارهای شهری کشور) به تفکیک ماه و گروه های عمده
ts_urban_140503-14050421160048.xlsx,data/raw/macro/sci_statistical_information_20260723/ts_urban_140503-14050421160048.xlsx,22c1d9ad9fafb764f9597351c817dc7775e6cf8b26b8cc865c76d384ddf6188c,1242509,جدول 5,46,26,1126,شاخص قیمت مصرف کننده خانوارهای شهری کشور به تفکیک سال و گروه های عمده برمبنای سال پایه 100=1400
ts_urban_140503-14050421160048.xlsx,data/raw/macro/sci_statistical_information_20260723/ts_urban_140503-14050421160048.xlsx,22c1d9ad9fafb764f9597351c817dc7775e6cf8b26b8cc865c76d384ddf6188c,1242509,جدول 6,46,25,1081,درصد تغییر شاخص قیمت مصرف کننده خانوارهای شهری کشور در سال مورد نظر نسبت به سال قبل( نرخ تورم خانوارهای شهری کشور) به تفکیک سال و گروه های عمده
ts_urban_140503-14050421160048.xlsx,data/raw/macro/sci_statistical_information_20260723/ts_urban_140503-14050421160048.xlsx,22c1d9ad9fafb764f9597351c817dc7775e6cf8b26b8cc865c76d384ddf6188c,1242509,جدول 7,35,203,6428,سری زمانی شاخص قیمت مصرف کننده خانوارهای شهری به تفکیک استان (100=1400)
ts_urban_140503-14050421160048.xlsx,data/raw/macro/sci_statistical_information_20260723/ts_urban_140503-14050421160048.xlsx,22c1d9ad9fafb764f9597351c817dc7775e6cf8b26b8cc865c76d384ddf6188c,1242509,جدول 8,35,194,6099,سری زمانی درصد تغییر شاخص قیمت مصرف کننده خانوارهای شهری نسبت به ماه قبل به تفکیک استان (درصد)
ts_urban_140503-14050421160048.xlsx,data/raw/macro/sci_statistical_information_20260723/ts_urban_140503-14050421160048.xlsx,22c1d9ad9fafb764f9597351c817dc7775e6cf8b26b8cc865c76d384ddf6188c,1242509,جدول 9,35,194,5747,سری زمانی درصد تغییر شاخص قیمت مصرف کننده خانوارهای شهری نسبت به ماه مشابه سال قبل به تفکیک استان (درصد)
ts_urban_140503-14050421160048.xlsx,data/raw/macro/sci_statistical_information_20260723/ts_urban_140503-14050421160048.xlsx,22c1d9ad9fafb764f9597351c817dc7775e6cf8b26b8cc865c76d384ddf6188c,1242509,جدول 10,35,279,8836,سری زمانی نرخ تورم دوازده ماهه خانوارهای شهری به تفکیک استان (درصد)
ts_urban_140503-14050421160048.xlsx,data/raw/macro/sci_statistical_information_20260723/ts_urban_140503-14050421160048.xlsx,22c1d9ad9fafb764f9597351c817dc7775e6cf8b26b8cc865c76d384ddf6188c,1242509,جدول 11,93,2,184,شاخص کل قیمت مصرف کننده خانوارهای شهری به تفکیک سال (100=1400)
ts_urban_140503-14050421160048.xlsx,data/raw/macro/sci_statistical_information_20260723/ts_urban_140503-14050421160048.xlsx,22c1d9ad9fafb764f9597351c817dc7775e6cf8b26b8cc865c76d384ddf6188c,1242509,جدول 12,542,3,1120,شاخص کل قیمت مصرف کننده خانوارهای شهری به تفکیک ماه (100=1400)
