dataset_id,variable_name,variable_label,description,data_type,unit,language,allowed_values,missing_value_codes,source_definition,notes
cbi_hsg_private_investment_new_buildings_q,urban_value,کليه مناطق شهري,بخش ساختمان و مسکن/ سرمايه گذاري بخش خصوصي در ساختمان هاي جديد مناطق شهري/ سرمايه گذاري بر حسب مناطق شهري,numeric,ميليارد ريال,Persian,,blank,بخش ساختمان و مسکن/ سرمايه گذاري بخش خصوصي در ساختمان هاي جديد مناطق شهري/ سرمايه گذاري بر حسب مناطق شهري,"Name, label, unit, and values are preserved directly from the CBI Excel export."
cbi_hsg_private_investment_new_buildings_q,tehran_value,تهران,بخش ساختمان و مسکن/ سرمايه گذاري بخش خصوصي در ساختمان هاي جديد مناطق شهري/ سرمايه گذاري بر حسب مناطق شهري,numeric,ميليارد ريال,Persian,,blank,بخش ساختمان و مسکن/ سرمايه گذاري بخش خصوصي در ساختمان هاي جديد مناطق شهري/ سرمايه گذاري بر حسب مناطق شهري,"Name, label, unit, and values are preserved directly from the CBI Excel export."
cbi_hsg_started_buildings_count_q,urban_value,کليه مناطق شهري,بخش ساختمان و مسکن/ ساختمان هاي شروع شده توسط بخش خصوصي در مناطق شهري/ تعداد,numeric,دستگاه,Persian,,blank,بخش ساختمان و مسکن/ ساختمان هاي شروع شده توسط بخش خصوصي در مناطق شهري/ تعداد,"Name, label, unit, and values are preserved directly from the CBI Excel export."
cbi_hsg_started_buildings_count_q,tehran_value,تهران,بخش ساختمان و مسکن/ ساختمان هاي شروع شده توسط بخش خصوصي در مناطق شهري/ تعداد,numeric,دستگاه,Persian,,blank,بخش ساختمان و مسکن/ ساختمان هاي شروع شده توسط بخش خصوصي در مناطق شهري/ تعداد,"Name, label, unit, and values are preserved directly from the CBI Excel export."
cbi_hsg_started_buildings_floor_area_q,urban_value,کليه مناطق شهري,بخش ساختمان و مسکن/ ساختمان هاي شروع شده توسط بخش خصوصي در مناطق شهري/ سطح کل زيربناي ساختمان‌ ها,numeric,هزار مترمربع,Persian,,blank,بخش ساختمان و مسکن/ ساختمان هاي شروع شده توسط بخش خصوصي در مناطق شهري/ سطح کل زيربناي ساختمان‌ ها,"Name, label, unit, and values are preserved directly from the CBI Excel export."
cbi_hsg_started_buildings_floor_area_q,tehran_value,تهران,بخش ساختمان و مسکن/ ساختمان هاي شروع شده توسط بخش خصوصي در مناطق شهري/ سطح کل زيربناي ساختمان‌ ها,numeric,هزار مترمربع,Persian,,blank,بخش ساختمان و مسکن/ ساختمان هاي شروع شده توسط بخش خصوصي در مناطق شهري/ سطح کل زيربناي ساختمان‌ ها,"Name, label, unit, and values are preserved directly from the CBI Excel export."
cbi_hsg_started_buildings_cost_per_sqm_q,urban_value,کليه مناطق شهري,بخش ساختمان و مسکن/ ساختمان هاي شروع شده توسط بخش خصوصي در مناطق شهري/ برآورد متوسط هزينه يک متر مربع بنا,numeric,هزار ريال,Persian,,blank,بخش ساختمان و مسکن/ ساختمان هاي شروع شده توسط بخش خصوصي در مناطق شهري/ برآورد متوسط هزينه يک متر مربع بنا,"Name, label, unit, and values are preserved directly from the CBI Excel export."
cbi_hsg_started_buildings_cost_per_sqm_q,tehran_value,تهران,بخش ساختمان و مسکن/ ساختمان هاي شروع شده توسط بخش خصوصي در مناطق شهري/ برآورد متوسط هزينه يک متر مربع بنا,numeric,هزار ريال,Persian,,blank,بخش ساختمان و مسکن/ ساختمان هاي شروع شده توسط بخش خصوصي در مناطق شهري/ برآورد متوسط هزينه يک متر مربع بنا,"Name, label, unit, and values are preserved directly from the CBI Excel export."
cbi_hsg_started_buildings_land_value_per_sqm_q,urban_value,کليه مناطق شهري,بخش ساختمان و مسکن/ ساختمان هاي شروع شده توسط بخش خصوصي در مناطق شهري/ ارزش يک متر مربع زمين,numeric,هزار ريال,Persian,,blank,بخش ساختمان و مسکن/ ساختمان هاي شروع شده توسط بخش خصوصي در مناطق شهري/ ارزش يک متر مربع زمين,"Name, label, unit, and values are preserved directly from the CBI Excel export."
cbi_hsg_started_buildings_land_value_per_sqm_q,tehran_value,تهران,بخش ساختمان و مسکن/ ساختمان هاي شروع شده توسط بخش خصوصي در مناطق شهري/ ارزش يک متر مربع زمين,numeric,هزار ريال,Persian,,blank,بخش ساختمان و مسکن/ ساختمان هاي شروع شده توسط بخش خصوصي در مناطق شهري/ ارزش يک متر مربع زمين,"Name, label, unit, and values are preserved directly from the CBI Excel export."
cbi_hsg_completed_buildings_land_value_per_sqm_q,urban_value,کليه مناطق شهري,بخش ساختمان و مسکن/ ساختمان هاي تکميل شده توسط بخش خصوصي در مناطق شهري/ ارزش يک متر مربع زمين,numeric,هزار ريال,Persian,,blank,بخش ساختمان و مسکن/ ساختمان هاي تکميل شده توسط بخش خصوصي در مناطق شهري/ ارزش يک متر مربع زمين,"Name, label, unit, and values are preserved directly from the CBI Excel export."
cbi_hsg_completed_buildings_land_value_per_sqm_q,tehran_value,تهران,بخش ساختمان و مسکن/ ساختمان هاي تکميل شده توسط بخش خصوصي در مناطق شهري/ ارزش يک متر مربع زمين,numeric,هزار ريال,Persian,,blank,بخش ساختمان و مسکن/ ساختمان هاي تکميل شده توسط بخش خصوصي در مناطق شهري/ ارزش يک متر مربع زمين,"Name, label, unit, and values are preserved directly from the CBI Excel export."
cbi_hsg_completed_buildings_floor_area_q,urban_value,کليه مناطق شهري,بخش ساختمان و مسکن/ ساختمان هاي تکميل شده توسط بخش خصوصي در مناطق شهري/ سطح کل زيربناي ساختمان‌ها,numeric,هزار مترمربع,Persian,,blank,بخش ساختمان و مسکن/ ساختمان هاي تکميل شده توسط بخش خصوصي در مناطق شهري/ سطح کل زيربناي ساختمان‌ها,"Name, label, unit, and values are preserved directly from the CBI Excel export."
cbi_hsg_completed_buildings_floor_area_q,tehran_value,تهران,بخش ساختمان و مسکن/ ساختمان هاي تکميل شده توسط بخش خصوصي در مناطق شهري/ سطح کل زيربناي ساختمان‌ها,numeric,هزار مترمربع,Persian,,blank,بخش ساختمان و مسکن/ ساختمان هاي تکميل شده توسط بخش خصوصي در مناطق شهري/ سطح کل زيربناي ساختمان‌ها,"Name, label, unit, and values are preserved directly from the CBI Excel export."
cbi_hsg_completed_buildings_cost_per_sqm_q,urban_value,کليه مناطق شهري,بخش ساختمان و مسکن/ ساختمان هاي تکميل شده توسط بخش خصوصي در مناطق شهري/ برآورد متوسط هزينه يک متر مربع بنا,numeric,هزار ريال,Persian,,blank,بخش ساختمان و مسکن/ ساختمان هاي تکميل شده توسط بخش خصوصي در مناطق شهري/ برآورد متوسط هزينه يک متر مربع بنا,"Name, label, unit, and values are preserved directly from the CBI Excel export."
cbi_hsg_completed_buildings_cost_per_sqm_q,tehran_value,تهران,بخش ساختمان و مسکن/ ساختمان هاي تکميل شده توسط بخش خصوصي در مناطق شهري/ برآورد متوسط هزينه يک متر مربع بنا,numeric,هزار ريال,Persian,,blank,بخش ساختمان و مسکن/ ساختمان هاي تکميل شده توسط بخش خصوصي در مناطق شهري/ برآورد متوسط هزينه يک متر مربع بنا,"Name, label, unit, and values are preserved directly from the CBI Excel export."
cbi_hsg_completed_buildings_count_q,urban_value,کليه مناطق شهري,بخش ساختمان و مسکن/ ساختمان هاي تکميل شده توسط بخش خصوصي در مناطق شهري/ تعداد,numeric,دستگاه,Persian,,blank,بخش ساختمان و مسکن/ ساختمان هاي تکميل شده توسط بخش خصوصي در مناطق شهري/ تعداد,"Name, label, unit, and values are preserved directly from the CBI Excel export."
cbi_hsg_completed_buildings_count_q,tehran_value,تهران,بخش ساختمان و مسکن/ ساختمان هاي تکميل شده توسط بخش خصوصي در مناطق شهري/ تعداد,numeric,دستگاه,Persian,,blank,بخش ساختمان و مسکن/ ساختمان هاي تکميل شده توسط بخش خصوصي در مناطق شهري/ تعداد,"Name, label, unit, and values are preserved directly from the CBI Excel export."
cbi_hsg_building_permits_count_q,urban_value,کليه مناطق شهري,بخش ساختمان و مسکن/ پروانه هاي ساختماني صادر شده توسط شهرداري هاي مناطق شهري کشور/ تعداد,numeric,فقره,Persian,,blank,بخش ساختمان و مسکن/ پروانه هاي ساختماني صادر شده توسط شهرداري هاي مناطق شهري کشور/ تعداد,"Name, label, unit, and values are preserved directly from the CBI Excel export."
cbi_hsg_building_permits_count_q,tehran_value,تهران,بخش ساختمان و مسکن/ پروانه هاي ساختماني صادر شده توسط شهرداري هاي مناطق شهري کشور/ تعداد,numeric,فقره,Persian,,blank,بخش ساختمان و مسکن/ پروانه هاي ساختماني صادر شده توسط شهرداري هاي مناطق شهري کشور/ تعداد,"Name, label, unit, and values are preserved directly from the CBI Excel export."
cbi_hsg_rent_index_q,urban_value,کليه مناطق شهري,بخش ساختمان و مسکن/ شاخص کرايه مسکن اجاره اي,numeric,بدون واحد,Persian,,blank,بخش ساختمان و مسکن/ شاخص کرايه مسکن اجاره اي,"Name, label, unit, and values are preserved directly from the CBI Excel export."
cbi_hsg_rent_index_q,tehran_value,تهران,بخش ساختمان و مسکن/ شاخص کرايه مسکن اجاره اي,numeric,بدون واحد,Persian,,blank,بخش ساختمان و مسکن/ شاخص کرايه مسکن اجاره اي,"Name, label, unit, and values are preserved directly from the CBI Excel export."
cbi_hsg_land_price_index_q,urban_value,کليه مناطق شهري,بخش ساختمان و مسکن/ شاخص قيمت زمين,numeric,بدون واحد,Persian,,blank,بخش ساختمان و مسکن/ شاخص قيمت زمين,"Name, label, unit, and values are preserved directly from the CBI Excel export."
cbi_hsg_land_price_index_q,tehran_value,تهران,بخش ساختمان و مسکن/ شاخص قيمت زمين,numeric,بدون واحد,Persian,,blank,بخش ساختمان و مسکن/ شاخص قيمت زمين,"Name, label, unit, and values are preserved directly from the CBI Excel export."
cbi_hsg_building_permits_floor_area_q,urban_value,کليه مناطق شهري,بخش ساختمان و مسکن/ پروانه هاي ساختماني صادر شده توسط شهرداري هاي مناطق شهري کشور/ برآورد سطح زيربناي طبقات,numeric,هزار مترمربع,Persian,,blank,بخش ساختمان و مسکن/ پروانه هاي ساختماني صادر شده توسط شهرداري هاي مناطق شهري کشور/ برآورد سطح زيربناي طبقات,"Name, label, unit, and values are preserved directly from the CBI Excel export."
cbi_hsg_building_permits_floor_area_q,tehran_value,تهران,بخش ساختمان و مسکن/ پروانه هاي ساختماني صادر شده توسط شهرداري هاي مناطق شهري کشور/ برآورد سطح زيربناي طبقات,numeric,هزار مترمربع,Persian,,blank,بخش ساختمان و مسکن/ پروانه هاي ساختماني صادر شده توسط شهرداري هاي مناطق شهري کشور/ برآورد سطح زيربناي طبقات,"Name, label, unit, and values are preserved directly from the CBI Excel export."
cbi_hsg_private_sector_credit_q,value,ساختمان و مسکن,متغيرهاي پولي و اعتباري/ مانده تسهيلات بانکهاوموسسات اعتباري به بخش غيردولتي حسب بخشهاي مختلف اقتصاد,numeric,هزار ميليارد ريال,Persian,,blank,متغيرهاي پولي و اعتباري/ مانده تسهيلات بانکهاوموسسات اعتباري به بخش غيردولتي حسب بخشهاي مختلف اقتصاد,"Name, label, unit, and values are preserved directly from the CBI Excel export."
cbi_hsg_private_investment_total_q,value,کل سرمايه گذاري,بخش ساختمان و مسکن/ سرمايه گذاري بخش خصوصي در ساختمان هاي جديد مناطق شهري/ سرمايه گذاري برحسب مراحل ساخت,numeric,ميليارد ريال,Persian,,blank,بخش ساختمان و مسکن/ سرمايه گذاري بخش خصوصي در ساختمان هاي جديد مناطق شهري/ سرمايه گذاري برحسب مراحل ساخت,"Name, label, unit, and values are preserved directly from the CBI Excel export."
cbi_hsg_completed_residential_units_floor_area_q,value,سطح کل زيربناي طبقات,بخش ساختمان و مسکن/ واحدهاي مسکوني تکميل شده توسط بخش خصوصي در مناطق شهري,numeric,هزار مترمربع,Persian,,blank,بخش ساختمان و مسکن/ واحدهاي مسکوني تکميل شده توسط بخش خصوصي در مناطق شهري,"Name, label, unit, and values are preserved directly from the CBI Excel export."
cbi_hsg_completed_residential_units_average_area_q,value,متوسط سطح زيربنا,بخش ساختمان و مسکن/ واحدهاي مسکوني تکميل شده توسط بخش خصوصي در مناطق شهري,numeric,مترمربع,Persian,,blank,بخش ساختمان و مسکن/ واحدهاي مسکوني تکميل شده توسط بخش خصوصي در مناطق شهري,"Name, label, unit, and values are preserved directly from the CBI Excel export."
cbi_hsg_completed_residential_units_count_q,value,تعداد,بخش ساختمان و مسکن/ واحدهاي مسکوني تکميل شده توسط بخش خصوصي در مناطق شهري,numeric,دستگاه,Persian,,blank,بخش ساختمان و مسکن/ واحدهاي مسکوني تکميل شده توسط بخش خصوصي در مناطق شهري,"Name, label, unit, and values are preserved directly from the CBI Excel export."
cbi_hsg_rent_index_by_city_size_q,large_cities_value,شهرهاي بزرگ,بخش ساختمان و مسکن/ شاخص کرايه مسکن اجاره اي,numeric,بدون واحد,Persian,,blank,بخش ساختمان و مسکن/ شاخص کرايه مسکن اجاره اي,"Name, label, unit, and values are preserved directly from the CBI Excel export."
cbi_hsg_rent_index_by_city_size_q,medium_cities_value,شهرهاي متوسط,بخش ساختمان و مسکن/ شاخص کرايه مسکن اجاره اي,numeric,بدون واحد,Persian,,blank,بخش ساختمان و مسکن/ شاخص کرايه مسکن اجاره اي,"Name, label, unit, and values are preserved directly from the CBI Excel export."
cbi_hsg_rent_index_by_city_size_q,small_cities_value,شهرهاي کوچک,بخش ساختمان و مسکن/ شاخص کرايه مسکن اجاره اي,numeric,بدون واحد,Persian,,blank,بخش ساختمان و مسکن/ شاخص کرايه مسکن اجاره اي,"Name, label, unit, and values are preserved directly from the CBI Excel export."
cbi_hsg_bank_maskan_loans_a,count_thousand_loans,تعداد,بخش ساختمان و مسکن/ تسهيلات پرداختي بانک مسکن,numeric,هزار فقره,Persian,,blank,بخش ساختمان و مسکن/ تسهيلات پرداختي بانک مسکن,"Name, label, unit, and values are preserved directly from the CBI Excel export."
cbi_hsg_bank_maskan_loans_a,amount_billion_rial,مبلغ,بخش ساختمان و مسکن/ تسهيلات پرداختي بانک مسکن,numeric,ميليارد ريال,Persian,,blank,بخش ساختمان و مسکن/ تسهيلات پرداختي بانک مسکن,"Name, label, unit, and values are preserved directly from the CBI Excel export."
cbi_macro_liquidity_q,value,نقدينگي بر حسب اجزاي تشکيل دهنده آن,متغيرهاي پولي و اعتباري/ نقدينگي,numeric,هزار ميليارد ريال,Persian,,blank,متغيرهاي پولي و اعتباري/ نقدينگي,"Name, label, unit, and values are preserved directly from the CBI Excel export."
cbi_macro_urban_unemployment_rate_q,value,مناطق شهري,نيروي انساني و اشتغال/ جمعيت و اشتغال/ نرخ بيکاري,numeric,درصد,Persian,,blank,نيروي انساني و اشتغال/ جمعيت و اشتغال/ نرخ بيکاري,"Name, label, unit, and values are preserved directly from the CBI Excel export."
