period,solar_hijri_year,quarter,large_cities_value,large_cities_value_preliminary,medium_cities_value,medium_cities_value_preliminary,small_cities_value,small_cities_value_preliminary
1370-Q1,1370,1,0.4326666666666667,False,0.478,False,0.2996666666666667,False
1370-Q2,1370,2,0.45566666666666666,False,0.508,False,0.3136666666666667,False
1370-Q3,1370,3,0.49033333333333334,False,0.532,False,0.33699999999999997,False
1370-Q4,1370,4,0.5186666666666667,False,0.5619999999999999,False,0.36966666666666664,False
1371-Q1,1371,1,0.5356666666666666,False,0.586,False,0.38833333333333336,False
1371-Q2,1371,2,0.5583333333333335,False,0.6216666666666666,False,0.4163333333333333,False
1371-Q3,1371,3,0.5923333333333333,False,0.6629999999999999,False,0.44933333333333336,False
1371-Q4,1371,4,0.6263333333333333,False,0.711,False,0.48266666666666663,False
1372-Q1,1372,1,0.655,False,0.741,False,0.49666666666666665,False
1372-Q2,1372,2,0.6783333333333333,False,0.771,False,0.5153333333333333,False
1372-Q3,1372,3,0.7236666666666666,False,0.819,False,0.5433333333333333,False
1372-Q4,1372,4,0.7746666666666667,False,0.855,False,0.5666666666666667,False
1373-Q1,1373,1,0.7916666666666666,False,0.8906666666666667,False,0.5853333333333333,False
1373-Q2,1373,2,0.8203333333333332,False,0.926,False,0.618,False
1373-Q3,1373,3,0.8776666666666667,False,0.98,False,0.6553333333333334,False
1373-Q4,1373,4,0.9343333333333333,False,1.052,False,0.6833333333333332,False
1374-Q1,1374,1,0.991,False,1.112,False,0.73,False
1374-Q2,1374,2,1.0483333333333333,False,1.171,False,0.8096666666666668,False
1374-Q3,1374,3,1.1223333333333334,False,1.255,False,0.9223333333333333,False
1374-Q4,1374,4,1.202,False,1.327,False,0.927,False
1375-Q1,1375,1,1.2763333333333333,False,1.3866666666666667,False,0.9969999999999999,False
1375-Q2,1375,2,1.3843333333333334,False,1.53,False,1.0906666666666667,False
1375-Q3,1375,3,1.5553333333333335,False,1.721,False,1.2173333333333332,False
1375-Q4,1375,4,1.6806666666666665,False,1.853,False,1.3340000000000003,False
1376-Q1,1376,1,1.766,False,1.936,False,1.4283333333333335,False
1376-Q2,1376,2,1.8856666666666666,False,2.044,False,1.5076666666666665,False
1376-Q3,1376,3,1.9883333333333333,False,2.1576666666666666,False,1.601,False
1376-Q4,1376,4,2.0849999999999995,False,2.313,False,1.7279999999999998,False
1377-Q1,1377,1,2.141666666666667,False,2.4026666666666667,False,1.7886666666666668,False
1377-Q2,1377,2,2.222,False,2.4979999999999998,False,1.854,False
1377-Q3,1377,3,2.335666666666667,False,2.6356666666666664,False,1.9523333333333335,False
1377-Q4,1377,4,2.461,False,2.767,False,2.130333333333333,False
1378-Q1,1378,1,2.5410000000000004,False,2.845,False,2.200333333333333,False
1378-Q2,1378,2,2.6149999999999998,False,2.934333333333333,False,2.247,False
1378-Q3,1378,3,2.672,False,3.036,False,2.3173333333333335,False
1378-Q4,1378,4,2.7916666666666665,False,3.1973333333333334,False,2.4953333333333334,False
1379-Q1,1379,1,2.8770000000000002,False,3.317,False,2.598333333333333,False
1379-Q2,1379,2,3.002333333333333,False,3.436,False,2.6969999999999996,False
1379-Q3,1379,3,3.3043333333333336,False,3.5080000000000005,False,2.7296666666666667,False
1379-Q4,1379,4,3.4979999999999998,False,3.657666666666666,False,2.8089999999999997,False
1380-Q1,1380,1,3.629,False,3.765,False,2.9306666666666668,False
1380-Q2,1380,2,3.7656666666666667,False,3.9026666666666667,False,2.978,False
1380-Q3,1380,3,3.9256666666666664,False,3.9979999999999998,False,3.062,False
1380-Q4,1380,4,4.130333333333334,False,4.147666666666666,False,3.188,False
1381-Q1,1381,1,4.25,False,4.201,False,3.2159999999999997,False
1381-Q2,1381,2,4.483333333333333,False,4.458333333333333,False,3.370666666666667,False
1381-Q3,1381,3,4.808333333333334,False,4.9783333333333335,False,3.7266666666666666,False
1381-Q4,1381,4,5.0360000000000005,False,5.253333333333333,False,3.9326666666666665,False
1382-Q1,1382,1,5.218666666666667,False,5.456333333333333,False,4.101,False
1382-Q2,1382,2,5.3950000000000005,False,5.611999999999999,False,4.204666666666667,False
1382-Q3,1382,3,5.6000000000000005,False,5.743333333333333,False,4.298000000000001,False
1382-Q4,1382,4,5.879333333333334,False,6.066,False,4.574000000000001,False
1383-Q1,1383,1,6.272333333333333,False,6.478333333333333,False,4.897333333333333,False
1383-Q2,1383,2,6.437666666666666,False,6.711666666666667,False,5.084333333333333,False
1383-Q3,1383,3,6.597,False,6.962666666666666,False,5.295,False
1383-Q4,1383,4,6.751,False,7.243333333333333,False,5.52,False
1384-Q1,1384,1,6.916333333333333,False,7.5183333333333335,False,5.749333333333333,False
1384-Q2,1384,2,7.087,False,7.8053333333333335,False,5.997333333333334,False
1384-Q3,1384,3,7.258,False,8.116,False,6.25,False
1384-Q4,1384,4,7.440333333333332,False,8.426666666666668,False,6.521666666666667,False
1385-Q1,1385,1,7.588333333333334,False,8.666000000000002,False,6.788666666666667,False
1385-Q2,1385,2,7.844999999999999,False,8.869,False,7.003666666666667,False
1385-Q3,1385,3,8.306,False,9.311333333333332,False,7.481333333333333,False
1385-Q4,1385,4,8.722333333333333,False,9.687666666666665,False,7.663999999999999,False
1386-Q1,1386,1,8.921666666666667,False,9.980666666666666,False,7.860666666666667,False
1386-Q2,1386,2,9.400333333333334,False,10.387,False,8.127666666666665,False
1386-Q3,1386,3,10.294666666666666,False,11.086333333333334,False,8.829666666666666,False
1386-Q4,1386,4,11.024000000000001,False,11.737666666666668,False,9.546,False
1387-Q1,1387,1,11.616,False,12.281333333333334,False,9.827,False
1387-Q2,1387,2,12.368333333333332,False,12.944666666666668,False,10.234333333333334,False
1387-Q3,1387,3,13.519333333333334,False,13.871333333333332,False,11.030333333333333,False
1387-Q4,1387,4,14.014666666666669,False,14.433,False,11.545,False
1388-Q1,1388,1,14.208666666666666,False,14.731666666666667,False,11.695333333333332,False
1388-Q2,1388,2,14.413666666666666,False,15.048666666666668,False,11.812,False
1388-Q3,1388,3,14.675666666666666,False,15.377333333333333,False,12.121333333333334,False
1388-Q4,1388,4,14.772666666666666,False,15.586333333333334,False,12.397333333333334,False
1389-Q1,1389,1,14.852333333333334,False,15.723999999999998,False,12.476666666666667,False
1389-Q2,1389,2,15.148666666666665,False,16.100333333333335,False,12.683,False
1389-Q3,1389,3,15.524666666666667,False,16.531000000000002,False,12.977666666666666,False
1389-Q4,1389,4,15.854999999999999,False,16.87133333333333,False,13.226333333333335,False
1390-Q1,1390,1,16.459,False,17.283666666666665,False,13.572666666666665,False
1390-Q2,1390,2,16.869,False,17.714,False,13.886000000000001,False
1390-Q3,1390,3,17.290333333333333,False,18.144333333333336,False,14.213999999999999,False
1390-Q4,1390,4,17.729333333333333,False,18.59866666666667,False,14.551,False
1391-Q1,1391,1,18.048333333333336,False,18.969333333333335,False,14.818,False
1391-Q2,1391,2,18.749,False,19.823666666666668,False,15.553000000000003,False
1391-Q3,1391,3,19.666333333333334,False,20.89933333333333,False,16.695,False
1391-Q4,1391,4,20.201999999999998,False,21.509,False,17.388333333333332,False
1392-Q1,1392,1,21.19333333333333,False,22.423333333333336,False,18.104333333333333,False
1392-Q2,1392,2,22.902,False,23.995,False,19.227999999999998,False
1392-Q3,1392,3,23.962,False,24.903666666666666,False,20.276666666666667,False
1392-Q4,1392,4,24.697,False,25.632666666666665,False,21.292666666666666,False
1393-Q1,1393,1,25.243666666666666,False,26.284333333333336,False,22.009,False
1393-Q2,1393,2,26.302999999999997,False,27.276333333333337,False,23.011,False
1393-Q3,1393,3,27.488333333333333,False,28.298333333333332,False,24.19066666666667,False
1393-Q4,1393,4,28.24066666666667,False,28.99733333333333,False,25.04733333333333,False
1394-Q1,1394,1,28.787666666666667,False,29.595,False,25.56266666666667,False
1394-Q2,1394,2,29.710333333333335,False,30.485666666666663,False,26.344333333333335,False
1394-Q3,1394,3,30.781000000000002,False,31.453666666666667,False,27.383666666666667,False
1394-Q4,1394,4,31.430666666666667,False,32.117333333333335,False,28.19366666666667,False
1395-Q1,1395,1,32.228,False,32.705000000000005,False,28.527,False
1395-Q2,1395,2,32.858,False,33.42633333333333,False,29.247666666666664,False
1395-Q3,1395,3,33.477000000000004,False,34.169999999999995,False,29.977999999999998,False
1395-Q4,1395,4,34.107,False,34.93666666666667,False,30.708333333333332,False
1396-Q1,1396,1,34.627,False,35.54533333333333,False,31.23166666666667,False
1396-Q2,1396,2,35.245999999999995,False,36.165,False,31.685666666666666,False
1396-Q3,1396,3,36.32933333333333,False,37.22433333333333,False,32.800999999999995,False
1396-Q4,1396,4,37.31333333333333,False,38.181999999999995,False,33.97566666666667,False
1397-Q1,1397,1,38.021,False,38.73466666666667,False,34.67633333333333,False
1397-Q2,1397,2,39.469,False,39.839,False,35.782000000000004,False
1397-Q3,1397,3,41.68033333333333,False,41.81133333333333,False,37.924,False
1397-Q4,1397,4,43.980333333333334,False,43.861999999999995,False,40.154999999999994,False
1398-Q1,1398,1,45.70466666666667,False,45.29333333333333,False,41.48766666666667,False
1398-Q2,1398,2,49.99433333333334,False,49.01266666666667,False,44.94266666666667,False
1398-Q3,1398,3,55.06933333333333,False,53.68933333333333,False,50.14433333333333,False
1398-Q4,1398,4,57.97666666666667,False,56.40533333333334,False,53.92466666666667,False
1399-Q1,1399,1,59.88933333333333,False,58.355,False,55.97800000000001,False
1399-Q2,1399,2,65.11900000000001,False,63.65166666666667,False,61.06166666666667,False
1399-Q3,1399,3,72.05066666666666,False,70.65066666666665,False,68.50433333333332,False
1399-Q4,1399,4,77.29133333333334,False,76.03766666666667,False,75.11766666666666,False
1400-Q1,1400,1,84.48666666666666,False,83.51933333333334,False,82.40766666666667,False
1400-Q2,1400,2,94.072,False,93.63600000000001,False,93.14233333333334,False
1400-Q3,1400,3,104.76066666666668,False,105.01766666666667,False,105.31766666666665,False
1400-Q4,1400,4,116.681,False,117.82666666666665,False,119.132,False
1401-Q1,1401,1,124.56566666666667,False,127.277,False,129.22299999999998,False
1401-Q2,1401,2,139.82666666666668,False,144.09933333333333,False,145.10133333333332,False
1401-Q3,1401,3,163.43800000000002,False,167.88766666666666,False,170.07366666666667,False
1401-Q4,1401,4,179.778,False,185.01133333333334,False,187.923,False
1402-Q1,1402,1,194.12166666666667,False,200.83433333333335,False,203.688,False
1402-Q2,1402,2,227.16666666666666,False,233.96666666666667,False,240.36666666666667,False
1402-Q3,1402,3,258.03333333333336,False,264.7,False,276.26666666666665,False
1402-Q4,1402,4,274.654,False,282.66266666666667,False,297.06533333333334,False
1403-Q1,1403,1,294.367,False,305.1293333333333,False,318.77866666666665,False
1403-Q2,1403,2,336.103,False,350.5,False,367.201,False
1403-Q3,1403,3,368.301,False,383.26099999999997,False,408.5783333333334,False
1403-Q4,1403,4,383.29033333333336,False,398.49066666666664,False,427.48499999999996,False
1404-Q1,1404,1,403.3123333333333,False,422.434,False,454.22433333333333,False
1404-Q2,1404,2,445.15000000000003,False,474.0226666666667,False,511.105,False
