period,solar_hijri_year,count_thousand_loans,count_thousand_loans_preliminary,amount_billion_rial,amount_billion_rial_preliminary
1370,1370,108.7,False,736.1,False
1371,1371,56.6,False,610.4,False
1372,1372,68.1,False,617.6,False
1373,1373,107.3,False,989.4,False
1374,1374,134.3,False,1872.6,False
1375,1375,147.9,False,2882.8,False
1376,1376,175.7,False,3994.7,False
1377,1377,285.8,False,6489.1,False
1378,1378,258.2,False,9452.7,False
1379,1379,217.0,False,10445.6,False
1380,1380,239.5,False,12456.6,False
1381,1381,372.0,False,15748.8,False
1382,1382,334.8,False,14488.6,False
1383,1383,208.8,False,17584.3,False
1384,1384,299.4,False,43446.8,False
1385,1385,432.4,False,73143.5,False
1386,1386,393.3,False,69444.8,False
1387,1387,334.1,False,65885.5,False
1388,1388,477.64,False,107886.416,False
1389,1389,909.533,False,325534.948,False
1390,1390,893.449,False,274920.575,False
1391,1391,848.119,False,312374.465,False
1392,1392,684.621,False,286159.889,False
1393,1393,789.341,False,358478.204,False
1394,1394,579.309,False,324141.825,False
1395,1395,570.512,False,362476.835,False
1396,1396,565.807,False,387492.122,False
1397,1397,663.479,False,432099.926,False
1398,1398,636.723,False,469057.596,False
1399,1399,1639.874,False,565014.825,False
1400,1400,635.71,False,1066897.539,False
1401,1401,510.585,False,1722290.236,False
1402,1402,466.183,False,2189632.539,False
