period,solar_hijri_year,quarter,value,value_preliminary
1371-Q1,1371,1,943.4,False
1371-Q2,1371,2,1034.5,False
1371-Q3,1371,3,1063.9,False
1371-Q4,1371,4,772.0,False
1372-Q1,1372,1,993.1,False
1372-Q2,1372,2,1118.8,False
1372-Q3,1372,3,1152.4,False
1372-Q4,1372,4,908.9,False
1373-Q1,1373,1,1279.9,False
1373-Q2,1373,2,1534.7,False
1373-Q3,1373,3,1390.3,False
1373-Q4,1373,4,1362.1,False
1374-Q1,1374,1,1767.4,False
1374-Q2,1374,2,1964.9,False
1374-Q3,1374,3,2087.2,False
1374-Q4,1374,4,1735.9,False
1375-Q1,1375,1,2981.7,False
1375-Q2,1375,2,3495.9,False
1375-Q3,1375,3,3310.1,False
1375-Q4,1375,4,3044.7,False
1376-Q1,1376,1,5259.1,False
1376-Q2,1376,2,4884.0,False
1376-Q3,1376,3,3882.3,False
1376-Q4,1376,4,3753.7,False
1377-Q1,1377,1,4439.4,False
1377-Q2,1377,2,4642.0,False
1377-Q3,1377,3,4255.1,False
1377-Q4,1377,4,4613.2,False
1378-Q1,1378,1,5186.4,False
1378-Q2,1378,2,5627.9,False
1378-Q3,1378,3,6030.8,False
1378-Q4,1378,4,5224.0,False
1379-Q1,1379,1,7242.7,False
1379-Q2,1379,2,7226.1,False
1379-Q3,1379,3,7543.2,False
1379-Q4,1379,4,6770.1,False
1380-Q1,1380,1,8517.3,False
1380-Q2,1380,2,9939.8,False
1380-Q3,1380,3,9618.4,False
1380-Q4,1380,4,9217.1,False
1381-Q1,1381,1,11471.1,False
1381-Q2,1381,2,13642.9,False
1381-Q3,1381,3,13917.8,False
1381-Q4,1381,4,13572.7,False
1382-Q1,1382,1,15158.7,False
1382-Q2,1382,2,16461.0,False
1382-Q3,1382,3,14845.7,False
1382-Q4,1382,4,13420.9,False
1383-Q1,1383,1,20062.0,False
1383-Q2,1383,2,19755.6,False
1383-Q3,1383,3,18589.7,False
1383-Q4,1383,4,15692.1,False
1384-Q1,1384,1,27976.5,False
1384-Q2,1384,2,26684.3,False
1384-Q3,1384,3,27510.8,False
1384-Q4,1384,4,20999.3,False
1385-Q1,1385,1,24955.7,False
1385-Q2,1385,2,29001.6,False
1385-Q3,1385,3,31377.8,False
1385-Q4,1385,4,28234.4,False
1386-Q1,1386,1,42283.8,False
1386-Q2,1386,2,47765.9,False
1386-Q3,1386,3,58878.6,False
1386-Q4,1386,4,55973.3,False
1387-Q1,1387,1,77554.4,False
1387-Q2,1387,2,86913.3,False
1387-Q3,1387,3,79806.5,False
1387-Q4,1387,4,69454.3,False
1388-Q1,1388,1,73795.1,False
1388-Q2,1388,2,80556.9,False
1388-Q3,1388,3,79431.3,False
1388-Q4,1388,4,69539.0,False
1389-Q1,1389,1,75842.5,False
1389-Q2,1389,2,82390.1,False
1389-Q3,1389,3,90647.8,False
1389-Q4,1389,4,78809.5,False
1390-Q1,1390,1,104249.255,False
1390-Q2,1390,2,102520.683,False
1390-Q3,1390,3,99997.097,False
1390-Q4,1390,4,96600.1,False
1391-Q1,1391,1,128482.356,False
1391-Q2,1391,2,145754.492,False
1391-Q3,1391,3,162482.903,False
1391-Q4,1391,4,175805.071,False
1392-Q1,1392,1,185771.425,False
1392-Q2,1392,2,203065.857,False
1392-Q3,1392,3,196184.399,False
1392-Q4,1392,4,169160.389,False
1393-Q1,1393,1,211539.8,False
1393-Q2,1393,2,205014.4,False
1393-Q3,1393,3,199839.8,False
1393-Q4,1393,4,194168.6,False
1394-Q1,1394,1,197965.4,False
1394-Q2,1394,2,192534.5,False
1394-Q3,1394,3,151287.6,False
1394-Q4,1394,4,159693.2,False
1395-Q1,1395,1,152952.5,False
1395-Q2,1395,2,173214.6,False
1395-Q3,1395,3,141851.1,False
1395-Q4,1395,4,134210.5,False
1396-Q1,1396,1,177603.3,False
1396-Q2,1396,2,203511.2,False
1396-Q3,1396,3,178017.9,False
1396-Q4,1396,4,179015.3,False
1397-Q1,1397,1,212821.3,False
1397-Q2,1397,2,269023.7,False
1397-Q3,1397,3,273214.5,False
1397-Q4,1397,4,320805.9,False
1398-Q1,1398,1,377294.8,False
1398-Q2,1398,2,452955.0,False
1398-Q3,1398,3,435670.3,False
1398-Q4,1398,4,336020.2,False
1399-Q1,1399,1,654793.5,False
1399-Q2,1399,2,794799.8,False
1399-Q3,1399,3,866762.6,False
1399-Q4,1399,4,955140.2,False
1400-Q1,1400,1,1028445.771,False
1400-Q2,1400,2,1109237.262,False
1400-Q3,1400,3,1221390.579,False
1400-Q4,1400,4,1241475.208,False
1401-Q1,1401,1,1451293.681,False
1401-Q2,1401,2,1451507.741,False
1401-Q3,1401,3,1613213.099,False
1401-Q4,1401,4,1646461.435,False
1402-Q1,1402,1,2034553.789,False
1402-Q2,1402,2,2262894.63,False
1402-Q3,1402,3,2304004.284,False
1402-Q4,1402,4,2400130.3829999994,False
1403-Q1,1403,1,2632236.981,False
1403-Q2,1403,2,2987925.9479999994,False
1403-Q3,1403,3,3126744.624,False
1403-Q4,1403,4,3411862.1799999997,False
1404-Q1,1404,1,3232257.183,False
1404-Q2,1404,2,3436589.46,True
