period,solar_hijri_year,quarter,urban_value,tehran_value,unit,urban_preliminary,tehran_preliminary
1385-Q1,1385,1,1490.0,7587.0,هزار ريال,False,False
1385-Q2,1385,2,1739.0,8520.0,هزار ريال,False,False
1385-Q3,1385,3,2257.0,9564.0,هزار ريال,False,False
1385-Q4,1385,4,1416.0,13122.0,هزار ريال,False,False
1386-Q1,1386,1,2585.0,15820.0,هزار ريال,False,False
1386-Q2,1386,2,2056.0,16473.0,هزار ريال,False,False
1386-Q3,1386,3,3515.0,20520.0,هزار ريال,False,False
1386-Q4,1386,4,3749.0,18271.0,هزار ريال,False,False
1387-Q1,1387,1,4918.0,25265.0,هزار ريال,False,False
1387-Q2,1387,2,5405.0,22991.0,هزار ريال,False,False
1387-Q3,1387,3,5700.0,23070.0,هزار ريال,False,False
1387-Q4,1387,4,4763.0,23032.0,هزار ريال,False,False
1388-Q1,1388,1,3646.0,25450.0,هزار ريال,False,False
1388-Q2,1388,2,3980.0,19735.0,هزار ريال,False,False
1388-Q3,1388,3,4041.0,29032.0,هزار ريال,False,False
1388-Q4,1388,4,3448.0,20631.0,هزار ريال,False,False
1389-Q1,1389,1,3501.0,21783.0,هزار ريال,False,False
1389-Q2,1389,2,3685.0,17914.0,هزار ريال,False,False
1389-Q3,1389,3,3657.0,20225.0,هزار ريال,False,False
1389-Q4,1389,4,3997.0,19999.0,هزار ريال,False,False
1390-Q1,1390,1,6078.0,27200.0,هزار ريال,False,False
1390-Q2,1390,2,4952.0,21572.0,هزار ريال,False,False
1390-Q3,1390,3,5165.0,23680.0,هزار ريال,False,False
1390-Q4,1390,4,9212.0,32381.0,هزار ريال,False,False
1391-Q1,1391,1,9053.0,42358.0,هزار ريال,False,False
1391-Q2,1391,2,9965.0,42418.0,هزار ريال,False,False
1391-Q3,1391,3,11879.0,55824.0,هزار ريال,False,False
1391-Q4,1391,4,15551.0,62447.0,هزار ريال,False,False
1392-Q1,1392,1,13234.0,65935.0,هزار ريال,False,False
1392-Q2,1392,2,16660.0,76706.0,هزار ريال,False,False
1392-Q3,1392,3,15942.0,80382.0,هزار ريال,False,False
1392-Q4,1392,4,18446.0,82495.0,هزار ريال,False,False
1393-Q1,1393,1,18955.0,80901.0,هزار ريال,False,False
1393-Q2,1393,2,18368.0,77230.0,هزار ريال,False,False
1393-Q3,1393,3,18079.0,74525.0,هزار ريال,False,False
1393-Q4,1393,4,24759.0,90866.0,هزار ريال,False,False
1394-Q1,1394,1,20141.0,72681.0,هزار ريال,False,False
1394-Q2,1394,2,18762.0,70350.0,هزار ريال,False,False
1394-Q3,1394,3,21480.0,90187.0,هزار ريال,False,False
1394-Q4,1394,4,15322.0,82655.0,هزار ريال,False,False
1395-Q1,1395,1,14599.0,69321.0,هزار ريال,False,False
1395-Q2,1395,2,17454.0,96227.0,هزار ريال,False,False
1395-Q3,1395,3,17073.0,98154.0,هزار ريال,False,False
1395-Q4,1395,4,18337.0,66746.0,هزار ريال,False,False
1396-Q1,1396,1,16179.0,68246.0,هزار ريال,False,False
1396-Q2,1396,2,17200.0,78259.0,هزار ريال,False,False
1396-Q3,1396,3,17927.0,71984.0,هزار ريال,False,False
1396-Q4,1396,4,20636.0,103536.0,هزار ريال,False,False
1397-Q1,1397,1,26830.0,140804.0,هزار ريال,False,False
1397-Q2,1397,2,23029.0,104395.0,هزار ريال,False,False
1397-Q3,1397,3,25198.0,103556.0,هزار ريال,False,False
1397-Q4,1397,4,35899.0,200346.0,هزار ريال,False,False
1398-Q1,1398,1,33272.0,219597.0,هزار ريال,False,False
1398-Q2,1398,2,42393.0,189208.0,هزار ريال,False,False
1398-Q3,1398,3,41700.0,253654.0,هزار ريال,False,False
1398-Q4,1398,4,40584.0,147980.0,هزار ريال,False,False
1399-Q1,1399,1,72763.0,341958.0,هزار ريال,False,False
1399-Q2,1399,2,68960.0,498789.0,هزار ريال,False,False
1399-Q3,1399,3,104585.0,452288.0,هزار ريال,False,False
1399-Q4,1399,4,102075.0,655921.0,هزار ريال,False,False
1400-Q1,1400,1,98763.0,569482.0,هزار ريال,False,False
1400-Q2,1400,2,113002.027777778,850837.330754352,هزار ريال,False,False
1400-Q3,1400,3,91375.3896080865,886176.45483871,هزار ريال,False,False
1400-Q4,1400,4,104996.652286703,690118.911111111,هزار ريال,False,False
1401-Q1,1401,1,115209.0,929878.0,هزار ريال,False,False
1401-Q2,1401,2,103098.977618533,904247.183333333,هزار ريال,False,False
1401-Q3,1401,3,123703.26526536,641769.077405858,هزار ريال,False,False
1401-Q4,1401,4,149898.231156285,884768.372750643,هزار ريال,False,False
1402-Q1,1402,1,180091.0,1207746.0,هزار ريال,False,False
1402-Q2,1402,2,192598.1588173731,1207012.7464454977,هزار ريال,False,False
1402-Q3,1402,3,123509.38461538461,1419215.348888889,هزار ريال,False,False
1402-Q4,1402,4,204458.39106937184,1214709.8204545456,هزار ريال,False,False
1403-Q1,1403,1,190164.0,1417109.0,هزار ريال,False,False
1403-Q2,1403,2,261760.80678436818,1920934.3164251207,هزار ريال,False,False
1403-Q3,1403,3,347609.1578504575,1754759.681402439,هزار ريال,False,False
1403-Q4,1403,4,345573.86711193,1914690.7129032258,هزار ريال,False,False
1404-Q1,1404,1,337849.0,1643250.0,هزار ريال,False,False
1404-Q2,1404,2,294489.72581298073,2159232.4509803923,هزار ريال,True,True
