jalali_date,gregorian_date,jalali_year,jalali_month,jalali_day,source,usd_free_market_rate_irr
1399/01/05,2020-03-24,1399,1,5,tgju,148985.5
1399/01/06,2020-03-25,1399,1,6,tgju,149192.0
1399/01/07,2020-03-26,1399,1,7,tgju,149115.5
1399/01/09,2020-03-28,1399,1,9,tgju,149729.0
1399/01/10,2020-03-29,1399,1,10,tgju,149428.0
1399/01/11,2020-03-30,1399,1,11,tgju,149060.5
1399/01/14,2020-04-02,1399,1,14,tgju,148960.0
1399/01/16,2020-04-04,1399,1,16,tgju,164425.0
1399/01/17,2020-04-05,1399,1,17,tgju,163500.0
1399/01/18,2020-04-06,1399,1,18,tgju,162350.0
1399/01/19,2020-04-07,1399,1,19,tgju,160750.0
1399/01/20,2020-04-08,1399,1,20,tgju,160350.0
1399/01/23,2020-04-11,1399,1,23,tgju,162350.0
1399/01/24,2020-04-12,1399,1,24,tgju,161515.0
1399/01/25,2020-04-13,1399,1,25,tgju,160500.0
1399/01/26,2020-04-14,1399,1,26,tgju,159550.0
1399/01/27,2020-04-15,1399,1,27,tgju,159700.0
1399/01/28,2020-04-16,1399,1,28,tgju,155000.0
1399/01/30,2020-04-18,1399,1,30,tgju,154400.0
1399/01/31,2020-04-19,1399,1,31,tgju,154400.0
1399/02/01,2020-04-20,1399,2,1,tgju,157650.0
1399/02/02,2020-04-21,1399,2,2,tgju,162550.0
1399/02/03,2020-04-22,1399,2,3,tgju,163300.0
1399/02/04,2020-04-23,1399,2,4,tgju,155030.0
1399/02/06,2020-04-25,1399,2,6,tgju,161500.0
1399/02/07,2020-04-26,1399,2,7,tgju,161500.0
1399/02/08,2020-04-27,1399,2,8,tgju,160750.0
1399/02/09,2020-04-28,1399,2,9,tgju,162100.0
1399/02/10,2020-04-29,1399,2,10,tgju,161750.0
1399/02/11,2020-04-30,1399,2,11,tgju,156000.0
1399/02/13,2020-05-02,1399,2,13,tgju,160350.0
1399/02/14,2020-05-03,1399,2,14,tgju,161300.0
1399/02/15,2020-05-04,1399,2,15,tgju,161400.0
1399/02/16,2020-05-05,1399,2,16,tgju,161400.0
1399/02/17,2020-05-06,1399,2,17,tgju,162150.0
1399/02/18,2020-05-07,1399,2,18,tgju,157000.0
1399/02/20,2020-05-09,1399,2,20,tgju,164700.0
1399/02/21,2020-05-10,1399,2,21,tgju,166650.0
1399/02/22,2020-05-11,1399,2,22,tgju,170500.0
1399/02/23,2020-05-12,1399,2,23,tgju,171200.0
1399/02/24,2020-05-13,1399,2,24,tgju,169300.0
1399/02/25,2020-05-14,1399,2,25,tgju,168540.0
1399/02/27,2020-05-16,1399,2,27,tgju,169100.0
1399/02/28,2020-05-17,1399,2,28,tgju,174645.0
1399/02/29,2020-05-18,1399,2,29,tgju,175800.0
1399/02/30,2020-05-19,1399,2,30,tgju,178250.0
1399/02/31,2020-05-20,1399,2,31,tgju,177300.0
1399/03/01,2020-05-21,1399,3,1,tgju,173050.0
1399/03/03,2020-05-23,1399,3,3,tgju,176400.0
1399/03/06,2020-05-26,1399,3,6,tgju,174050.0
1399/03/07,2020-05-27,1399,3,7,tgju,175000.0
1399/03/08,2020-05-28,1399,3,8,tgju,170610.0
1399/03/10,2020-05-30,1399,3,10,tgju,176100.0
1399/03/11,2020-05-31,1399,3,11,tgju,176600.0
1399/03/12,2020-06-01,1399,3,12,tgju,176750.0
1399/03/13,2020-06-02,1399,3,13,tgju,177650.0
1399/03/17,2020-06-06,1399,3,17,tgju,177040.0
1399/03/18,2020-06-07,1399,3,18,tgju,176190.0
1399/03/19,2020-06-08,1399,3,19,tgju,177190.0
1399/03/20,2020-06-09,1399,3,20,tgju,179040.0
1399/03/21,2020-06-10,1399,3,21,tgju,184790.0
1399/03/22,2020-06-11,1399,3,22,tgju,177500.0
1399/03/24,2020-06-13,1399,3,24,tgju,179490.0
1399/03/25,2020-06-14,1399,3,25,tgju,181340.0
1399/03/26,2020-06-15,1399,3,26,tgju,184390.0
1399/03/27,2020-06-16,1399,3,27,tgju,185690.0
1399/03/29,2020-06-18,1399,3,29,tgju,183500.0
1399/03/31,2020-06-20,1399,3,31,tgju,195240.0
1399/04/01,2020-06-21,1399,4,1,tgju,197640.0
1399/04/02,2020-06-22,1399,4,2,tgju,201190.0
1399/04/03,2020-06-23,1399,4,3,tgju,198540.0
1399/04/04,2020-06-24,1399,4,4,tgju,191190.0
1399/04/05,2020-06-25,1399,4,5,tgju,188430.0
1399/04/07,2020-06-27,1399,4,7,tgju,202990.0
1399/04/08,2020-06-28,1399,4,8,tgju,201840.0
1399/04/09,2020-06-29,1399,4,9,tgju,204440.0
1399/04/10,2020-06-30,1399,4,10,tgju,203240.0
1399/04/11,2020-07-01,1399,4,11,tgju,206890.0
1399/04/12,2020-07-02,1399,4,12,tgju,208145.0
1399/04/14,2020-07-04,1399,4,14,tgju,217740.0
1399/04/15,2020-07-05,1399,4,15,tgju,217840.0
1399/04/16,2020-07-06,1399,4,16,tgju,219040.0
1399/04/17,2020-07-07,1399,4,17,tgju,224540.0
1399/04/18,2020-07-08,1399,4,18,tgju,224690.0
1399/04/19,2020-07-09,1399,4,19,tgju,226020.0
1399/04/21,2020-07-11,1399,4,21,tgju,227440.0
1399/04/22,2020-07-12,1399,4,22,tgju,232040.0
1399/04/23,2020-07-13,1399,4,23,tgju,233990.0
1399/04/24,2020-07-14,1399,4,24,tgju,237940.0
1399/04/25,2020-07-15,1399,4,25,tgju,240290.0
1399/04/26,2020-07-16,1399,4,26,tgju,231020.0
1399/04/28,2020-07-18,1399,4,28,tgju,251890.0
1399/04/29,2020-07-19,1399,4,29,tgju,235890.0
1399/04/30,2020-07-20,1399,4,30,tgju,214490.0
1399/04/31,2020-07-21,1399,4,31,tgju,220240.0
1399/05/01,2020-07-22,1399,5,1,tgju,218990.0
1399/05/02,2020-07-23,1399,5,2,tgju,202910.0
1399/05/04,2020-07-25,1399,5,4,tgju,233990.0
1399/05/05,2020-07-26,1399,5,5,tgju,232490.0
1399/05/06,2020-07-27,1399,5,6,tgju,234090.0
1399/05/07,2020-07-28,1399,5,7,tgju,234340.0
1399/05/08,2020-07-29,1399,5,8,tgju,234890.0
1399/05/09,2020-07-30,1399,5,9,tgju,208020.0
1399/05/11,2020-08-01,1399,5,11,tgju,228990.0
1399/05/12,2020-08-02,1399,5,12,tgju,232740.0
1399/05/13,2020-08-03,1399,5,13,tgju,232740.0
1399/05/14,2020-08-04,1399,5,14,tgju,234090.0
1399/05/15,2020-08-05,1399,5,15,tgju,236040.0
1399/05/16,2020-08-06,1399,5,16,tgju,230020.0
1399/05/19,2020-08-09,1399,5,19,tgju,215740.0
1399/05/20,2020-08-10,1399,5,20,tgju,223090.0
1399/05/21,2020-08-11,1399,5,21,tgju,216990.0
1399/05/22,2020-08-12,1399,5,22,tgju,224340.0
1399/05/23,2020-08-13,1399,5,23,tgju,220500.0
1399/05/25,2020-08-15,1399,5,25,tgju,222340.0
1399/05/26,2020-08-16,1399,5,26,tgju,230240.0
1399/05/27,2020-08-17,1399,5,27,tgju,229140.0
1399/05/28,2020-08-18,1399,5,28,tgju,228290.0
1399/05/29,2020-08-19,1399,5,29,tgju,230990.0
1399/05/30,2020-08-20,1399,5,30,tgju,225020.0
1399/06/01,2020-08-22,1399,6,1,tgju,230290.0
1399/06/02,2020-08-23,1399,6,2,tgju,225840.0
1399/06/03,2020-08-24,1399,6,3,tgju,232690.0
1399/06/04,2020-08-25,1399,6,4,tgju,234540.0
1399/06/05,2020-08-26,1399,6,5,tgju,234290.0
1399/06/06,2020-08-27,1399,6,6,tgju,231020.0
1399/06/10,2020-08-31,1399,6,10,tgju,236740.0
1399/06/11,2020-09-01,1399,6,11,tgju,245040.0
1399/06/12,2020-09-02,1399,6,12,tgju,242390.0
1399/06/13,2020-09-03,1399,6,13,tgju,224520.0
1399/06/15,2020-09-05,1399,6,15,tgju,247540.0
1399/06/16,2020-09-06,1399,6,16,tgju,246005.0
1399/06/17,2020-09-07,1399,6,17,tgju,251345.0
1399/06/18,2020-09-08,1399,6,18,tgju,252950.0
1399/06/19,2020-09-09,1399,6,19,tgju,250700.0
1399/06/20,2020-09-10,1399,6,20,tgju,228000.0
1399/06/22,2020-09-12,1399,6,22,tgju,262910.0
1399/06/23,2020-09-13,1399,6,23,tgju,266250.0
1399/06/24,2020-09-14,1399,6,24,tgju,265750.0
1399/06/25,2020-09-15,1399,6,25,tgju,270495.0
1399/06/26,2020-09-16,1399,6,26,tgju,268545.0
1399/06/27,2020-09-17,1399,6,27,tgju,267970.0
1399/06/29,2020-09-19,1399,6,29,tgju,271435.0
1399/06/30,2020-09-20,1399,6,30,tgju,273085.0
1399/06/31,2020-09-21,1399,6,31,tgju,273690.0
1399/07/01,2020-09-22,1399,7,1,tgju,279285.0
1399/07/02,2020-09-23,1399,7,2,tgju,285435.0
1399/07/03,2020-09-24,1399,7,3,tgju,277970.0
1399/07/05,2020-09-26,1399,7,5,tgju,290235.0
1399/07/06,2020-09-27,1399,7,6,tgju,293385.0
1399/07/07,2020-09-28,1399,7,7,tgju,292235.0
1399/07/08,2020-09-29,1399,7,8,tgju,295785.0
1399/07/09,2020-09-30,1399,7,9,tgju,298885.0
1399/07/10,2020-10-01,1399,7,10,tgju,289040.0
1399/07/12,2020-10-03,1399,7,12,tgju,283985.0
1399/07/13,2020-10-04,1399,7,13,tgju,293385.0
1399/07/14,2020-10-05,1399,7,14,tgju,295885.0
1399/07/15,2020-10-06,1399,7,15,tgju,296435.0
1399/07/16,2020-10-07,1399,7,16,tgju,292010.0
1399/07/19,2020-10-10,1399,7,19,tgju,312335.0
1399/07/20,2020-10-11,1399,7,20,tgju,311385.0
1399/07/21,2020-10-12,1399,7,21,tgju,316485.0
1399/07/22,2020-10-13,1399,7,22,tgju,316635.0
1399/07/23,2020-10-14,1399,7,23,tgju,319885.0
1399/07/24,2020-10-15,1399,7,24,tgju,321502.0
1399/07/27,2020-10-18,1399,7,27,tgju,311085.0
1399/07/28,2020-10-19,1399,7,28,tgju,280735.0
1399/07/29,2020-10-20,1399,7,29,tgju,283235.0
1399/07/30,2020-10-21,1399,7,30,tgju,295735.0
1399/08/01,2020-10-22,1399,8,1,tgju,293750.0
1399/08/03,2020-10-24,1399,8,3,tgju,290000.0
1399/08/05,2020-10-26,1399,8,5,tgju,287085.0
1399/08/06,2020-10-27,1399,8,6,tgju,281745.0
1399/08/07,2020-10-28,1399,8,7,tgju,283245.0
1399/08/08,2020-10-29,1399,8,8,tgju,277500.0
1399/08/10,2020-10-31,1399,8,10,tgju,275275.0
1399/08/11,2020-11-01,1399,8,11,tgju,283495.0
1399/08/12,2020-11-02,1399,8,12,tgju,282420.0
1399/08/14,2020-11-04,1399,8,14,tgju,278495.0
1399/08/15,2020-11-05,1399,8,15,tgju,263652.5
1399/08/17,2020-11-07,1399,8,17,tgju,247495.0
1399/08/18,2020-11-08,1399,8,18,tgju,264745.0
1399/08/19,2020-11-09,1399,8,19,tgju,276750.0
1399/08/20,2020-11-10,1399,8,20,tgju,273245.0
1399/08/21,2020-11-11,1399,8,21,tgju,271970.0
1399/08/22,2020-11-12,1399,8,22,tgju,268520.0
1399/08/24,2020-11-14,1399,8,24,tgju,269245.0
1399/08/25,2020-11-15,1399,8,25,tgju,272745.0
1399/08/26,2020-11-16,1399,8,26,tgju,273245.0
1399/08/27,2020-11-17,1399,8,27,tgju,260745.0
1399/08/28,2020-11-18,1399,8,28,tgju,259245.0
1399/08/29,2020-11-19,1399,8,29,tgju,256200.0
1399/09/01,2020-11-21,1399,9,1,tgju,256595.0
1399/09/02,2020-11-22,1399,9,2,tgju,257895.0
1399/09/03,2020-11-23,1399,9,3,tgju,253395.0
1399/09/04,2020-11-24,1399,9,4,tgju,251245.0
1399/09/05,2020-11-25,1399,9,5,tgju,246895.0
1399/09/06,2020-11-26,1399,9,6,tgju,247570.0
1399/09/08,2020-11-28,1399,9,8,tgju,248895.0
1399/09/09,2020-11-29,1399,9,9,tgju,253145.0
1399/09/10,2020-11-30,1399,9,10,tgju,260245.0
1399/09/11,2020-12-01,1399,9,11,tgju,258345.0
1399/09/12,2020-12-02,1399,9,12,tgju,259590.0
1399/09/13,2020-12-03,1399,9,13,tgju,258228.0
1399/09/15,2020-12-05,1399,9,15,tgju,257745.0
1399/09/16,2020-12-06,1399,9,16,tgju,258195.0
1399/09/17,2020-12-07,1399,9,17,tgju,258745.0
1399/09/18,2020-12-08,1399,9,18,tgju,261835.0
1399/09/19,2020-12-09,1399,9,19,tgju,261745.0
1399/09/20,2020-12-10,1399,9,20,tgju,260650.0
1399/09/22,2020-12-12,1399,9,22,tgju,258845.0
1399/09/23,2020-12-13,1399,9,23,tgju,258395.0
1399/09/24,2020-12-14,1399,9,24,tgju,259245.0
1399/09/25,2020-12-15,1399,9,25,tgju,259795.0
1399/09/26,2020-12-16,1399,9,26,tgju,258995.0
1399/09/27,2020-12-17,1399,9,27,tgju,258020.0
1399/09/29,2020-12-19,1399,9,29,tgju,254820.0
1399/09/30,2020-12-20,1399,9,30,tgju,256095.0
1399/10/01,2020-12-21,1399,10,1,tgju,256345.0
1399/10/02,2020-12-22,1399,10,2,tgju,258395.0
1399/10/03,2020-12-23,1399,10,3,tgju,259395.0
1399/10/04,2020-12-24,1399,10,4,tgju,258620.0
1399/10/06,2020-12-26,1399,10,6,tgju,257345.0
1399/10/07,2020-12-27,1399,10,7,tgju,257795.0
1399/10/08,2020-12-28,1399,10,8,tgju,257295.0
1399/10/09,2020-12-29,1399,10,9,tgju,257395.0
1399/10/10,2020-12-30,1399,10,10,tgju,257145.0
1399/10/11,2020-12-31,1399,10,11,tgju,257650.0
1399/10/13,2021-01-02,1399,10,13,tgju,256495.0
1399/10/14,2021-01-03,1399,10,14,tgju,258145.0
1399/10/15,2021-01-04,1399,10,15,tgju,259745.0
1399/10/16,2021-01-05,1399,10,16,tgju,259095.0
1399/10/17,2021-01-06,1399,10,17,tgju,255395.0
1399/10/18,2021-01-07,1399,10,18,tgju,255510.0
1399/10/20,2021-01-09,1399,10,20,tgju,248395.0
1399/10/21,2021-01-10,1399,10,21,tgju,249845.0
1399/10/22,2021-01-11,1399,10,22,tgju,249245.0
1399/10/23,2021-01-12,1399,10,23,tgju,246445.0
1399/10/24,2021-01-13,1399,10,24,tgju,240645.0
1399/10/25,2021-01-14,1399,10,25,tgju,239530.0
1399/10/27,2021-01-16,1399,10,27,tgju,229495.0
1399/10/29,2021-01-18,1399,10,29,tgju,217295.0
1399/10/30,2021-01-19,1399,10,30,tgju,226645.0
1399/11/01,2021-01-20,1399,11,1,tgju,229245.0
1399/11/02,2021-01-21,1399,11,2,tgju,226550.0
1399/11/04,2021-01-23,1399,11,4,tgju,234745.0
1399/11/05,2021-01-24,1399,11,5,tgju,234795.0
1399/11/06,2021-01-25,1399,11,6,tgju,231395.0
1399/11/07,2021-01-26,1399,11,7,tgju,239595.0
1399/11/08,2021-01-27,1399,11,8,tgju,238145.0
1399/11/09,2021-01-28,1399,11,9,tgju,232110.0
1399/11/11,2021-01-30,1399,11,11,tgju,245395.0
1399/11/12,2021-01-31,1399,11,12,tgju,242745.0
1399/11/13,2021-02-01,1399,11,13,tgju,243245.0
1399/11/14,2021-02-02,1399,11,14,tgju,241795.0
1399/11/15,2021-02-03,1399,11,15,tgju,239295.0
1399/11/16,2021-02-04,1399,11,16,tgju,237470.0
1399/11/18,2021-02-06,1399,11,18,tgju,242945.0
1399/11/19,2021-02-07,1399,11,19,tgju,248195.0
1399/11/20,2021-02-08,1399,11,20,tgju,250595.0
1399/11/21,2021-02-09,1399,11,21,tgju,241030.0
1399/11/23,2021-02-11,1399,11,23,tgju,246960.0
1399/11/25,2021-02-13,1399,11,25,tgju,259995.0
1399/11/26,2021-02-14,1399,11,26,tgju,255745.0
1399/11/27,2021-02-15,1399,11,27,tgju,258495.0
1399/11/28,2021-02-16,1399,11,28,tgju,259495.0
1399/11/29,2021-02-17,1399,11,29,tgju,259245.0
1399/11/30,2021-02-18,1399,11,30,tgju,251710.0
1399/12/02,2021-02-20,1399,12,2,tgju,249395.0
1399/12/03,2021-02-21,1399,12,3,tgju,246945.0
1399/12/04,2021-02-22,1399,12,4,tgju,249595.0
1399/12/05,2021-02-23,1399,12,5,tgju,252845.0
1399/12/06,2021-02-24,1399,12,6,tgju,248210.0
1399/12/09,2021-02-27,1399,12,9,tgju,253245.0
1399/12/10,2021-02-28,1399,12,10,tgju,254245.0
1399/12/11,2021-03-01,1399,12,11,tgju,252445.0
1399/12/12,2021-03-02,1399,12,12,tgju,253095.0
1399/12/13,2021-03-03,1399,12,13,tgju,251095.0
1399/12/14,2021-03-04,1399,12,14,tgju,246610.0
1399/12/16,2021-03-06,1399,12,16,tgju,247095.0
1399/12/17,2021-03-07,1399,12,17,tgju,248295.0
1399/12/18,2021-03-08,1399,12,18,tgju,246345.0
1399/12/19,2021-03-09,1399,12,19,tgju,246745.0
1399/12/20,2021-03-10,1399,12,20,tgju,242420.0
1399/12/23,2021-03-13,1399,12,23,tgju,246995.0
1399/12/24,2021-03-14,1399,12,24,tgju,246245.0
1399/12/25,2021-03-15,1399,12,25,tgju,248145.0
1399/12/26,2021-03-16,1399,12,26,tgju,248745.0
1399/12/27,2021-03-17,1399,12,27,tgju,250745.0
1399/12/28,2021-03-18,1399,12,28,tgju,239630.0
1400/01/05,2021-03-25,1400,1,5,tgju,250454.5
1400/01/07,2021-03-27,1400,1,7,tgju,255045.0
1400/01/08,2021-03-28,1400,1,8,tgju,252330.0
1400/01/10,2021-03-30,1400,1,10,tgju,257095.0
1400/01/11,2021-03-31,1400,1,11,tgju,257495.0
1400/01/14,2021-04-03,1400,1,14,tgju,248095.0
1400/01/15,2021-04-04,1400,1,15,tgju,249295.0
1400/01/16,2021-04-05,1400,1,16,tgju,251095.0
1400/01/17,2021-04-06,1400,1,17,tgju,251545.0
1400/01/18,2021-04-07,1400,1,18,tgju,248745.0
1400/01/19,2021-04-08,1400,1,19,tgju,244660.0
1400/01/21,2021-04-10,1400,1,21,tgju,248145.0
1400/01/22,2021-04-11,1400,1,22,tgju,249645.0
1400/01/23,2021-04-12,1400,1,23,tgju,249245.0
1400/01/24,2021-04-13,1400,1,24,tgju,249145.0
1400/01/25,2021-04-14,1400,1,25,tgju,249795.0
1400/01/26,2021-04-15,1400,1,26,tgju,239870.0
1400/01/28,2021-04-17,1400,1,28,tgju,245645.0
1400/01/29,2021-04-18,1400,1,29,tgju,243045.0
1400/01/30,2021-04-19,1400,1,30,tgju,239290.0
1400/01/31,2021-04-20,1400,1,31,tgju,241495.0
1400/02/01,2021-04-21,1400,2,1,tgju,238495.0
1400/02/02,2021-04-22,1400,2,2,tgju,233300.0
1400/02/04,2021-04-24,1400,2,4,tgju,238445.0
1400/02/05,2021-04-25,1400,2,5,tgju,237045.0
1400/02/06,2021-04-26,1400,2,6,tgju,237645.0
1400/02/07,2021-04-27,1400,2,7,tgju,237095.0
1400/02/08,2021-04-28,1400,2,8,tgju,236085.0
1400/02/09,2021-04-29,1400,2,9,tgju,232310.0
1400/02/11,2021-05-01,1400,2,11,tgju,223345.0
1400/02/12,2021-05-02,1400,2,12,tgju,220795.0
1400/02/13,2021-05-03,1400,2,13,tgju,220195.0
1400/02/15,2021-05-05,1400,2,15,tgju,215095.0
1400/02/16,2021-05-06,1400,2,16,tgju,206480.0
1400/02/18,2021-05-08,1400,2,18,tgju,215245.0
1400/02/19,2021-05-09,1400,2,19,tgju,219345.0
1400/02/20,2021-05-10,1400,2,20,tgju,218562.0
1400/02/21,2021-05-11,1400,2,21,tgju,219745.0
1400/02/22,2021-05-12,1400,2,22,tgju,225245.0
1400/02/25,2021-05-15,1400,2,25,tgju,221145.0
1400/02/26,2021-05-16,1400,2,26,tgju,230095.0
1400/02/27,2021-05-17,1400,2,27,tgju,230495.0
1400/02/28,2021-05-18,1400,2,28,tgju,227745.0
1400/02/29,2021-05-19,1400,2,29,tgju,226065.0
1400/02/30,2021-05-20,1400,2,30,tgju,223000.0
1400/03/01,2021-05-22,1400,3,1,tgju,229995.0
1400/03/02,2021-05-23,1400,3,2,tgju,235495.0
1400/03/03,2021-05-24,1400,3,3,tgju,234845.0
1400/03/04,2021-05-25,1400,3,4,tgju,232995.0
1400/03/05,2021-05-26,1400,3,5,tgju,232345.0
1400/03/06,2021-05-27,1400,3,6,tgju,226470.0
1400/03/08,2021-05-29,1400,3,8,tgju,230560.0
1400/03/09,2021-05-30,1400,3,9,tgju,236605.0
1400/03/10,2021-05-31,1400,3,10,tgju,235805.0
1400/03/11,2021-06-01,1400,3,11,tgju,236315.0
1400/03/12,2021-06-02,1400,3,12,tgju,237845.0
1400/03/13,2021-06-03,1400,3,13,tgju,234330.0
1400/03/17,2021-06-07,1400,3,17,tgju,239695.0
1400/03/18,2021-06-08,1400,3,18,tgju,241345.0
1400/03/19,2021-06-09,1400,3,19,tgju,239795.0
1400/03/20,2021-06-10,1400,3,20,tgju,239230.0
1400/03/22,2021-06-12,1400,3,22,tgju,240095.0
1400/03/23,2021-06-13,1400,3,23,tgju,239800.0
1400/03/24,2021-06-14,1400,3,24,tgju,240600.0
1400/03/25,2021-06-15,1400,3,25,tgju,240850.0
1400/03/26,2021-06-16,1400,3,26,tgju,243295.0
1400/03/27,2021-06-17,1400,3,27,tgju,244290.0
1400/03/29,2021-06-19,1400,3,29,tgju,237565.0
1400/03/30,2021-06-20,1400,3,30,tgju,240315.0
1400/03/31,2021-06-21,1400,3,31,tgju,242165.0
1400/04/01,2021-06-22,1400,4,1,tgju,242065.0
1400/04/02,2021-06-23,1400,4,2,tgju,241810.0
1400/04/03,2021-06-24,1400,4,3,tgju,241890.0
1400/04/05,2021-06-26,1400,4,5,tgju,245215.0
1400/04/06,2021-06-27,1400,4,6,tgju,247465.0
1400/04/07,2021-06-28,1400,4,7,tgju,250465.0
1400/04/08,2021-06-29,1400,4,8,tgju,252065.0
1400/04/09,2021-06-30,1400,4,9,tgju,252065.0
1400/04/10,2021-07-01,1400,4,10,tgju,251510.0
1400/04/12,2021-07-03,1400,4,12,tgju,252865.0
1400/04/13,2021-07-04,1400,4,13,tgju,250415.0
1400/04/14,2021-07-05,1400,4,14,tgju,251115.0
1400/04/15,2021-07-06,1400,4,15,tgju,250675.0
1400/04/16,2021-07-07,1400,4,16,tgju,250315.0
1400/04/17,2021-07-08,1400,4,17,tgju,251545.0
1400/04/19,2021-07-10,1400,4,19,tgju,249465.0
1400/04/20,2021-07-11,1400,4,20,tgju,249715.0
1400/04/21,2021-07-12,1400,4,21,tgju,248415.0
1400/04/22,2021-07-13,1400,4,22,tgju,246315.0
1400/04/23,2021-07-14,1400,4,23,tgju,247065.0
1400/04/24,2021-07-15,1400,4,24,tgju,246990.0
1400/04/26,2021-07-17,1400,4,26,tgju,246415.0
1400/04/27,2021-07-18,1400,4,27,tgju,244865.0
1400/04/28,2021-07-19,1400,4,28,tgju,245115.0
1400/04/29,2021-07-20,1400,4,29,tgju,245190.0
1400/04/31,2021-07-22,1400,4,31,tgju,246280.0
1400/05/02,2021-07-24,1400,5,2,tgju,248565.0
1400/05/03,2021-07-25,1400,5,3,tgju,249465.0
1400/05/04,2021-07-26,1400,5,4,tgju,251510.0
1400/05/05,2021-07-27,1400,5,5,tgju,253965.0
1400/05/06,2021-07-28,1400,5,6,tgju,255990.0
1400/05/09,2021-07-31,1400,5,9,tgju,255965.0
1400/05/10,2021-08-01,1400,5,10,tgju,255615.0
1400/05/11,2021-08-02,1400,5,11,tgju,256915.0
1400/05/12,2021-08-03,1400,5,12,tgju,256015.0
1400/05/13,2021-08-04,1400,5,13,tgju,256265.0
1400/05/14,2021-08-05,1400,5,14,tgju,257174.5
1400/05/16,2021-08-07,1400,5,16,tgju,254915.0
1400/05/17,2021-08-08,1400,5,17,tgju,258065.0
1400/05/18,2021-08-09,1400,5,18,tgju,261465.0
1400/05/19,2021-08-10,1400,5,19,tgju,265710.0
1400/05/20,2021-08-11,1400,5,20,tgju,264865.0
1400/05/21,2021-08-12,1400,5,21,tgju,264290.0
1400/05/23,2021-08-14,1400,5,23,tgju,266485.0
1400/05/24,2021-08-15,1400,5,24,tgju,269065.0
1400/05/25,2021-08-16,1400,5,25,tgju,269065.0
1400/05/26,2021-08-17,1400,5,26,tgju,268990.0
1400/05/30,2021-08-21,1400,5,30,tgju,274465.0
1400/05/31,2021-08-22,1400,5,31,tgju,275315.0
1400/06/01,2021-08-23,1400,6,1,tgju,277315.0
1400/06/02,2021-08-24,1400,6,2,tgju,278865.0
1400/06/03,2021-08-25,1400,6,3,tgju,279065.0
1400/06/04,2021-08-26,1400,6,4,tgju,278990.0
1400/06/06,2021-08-28,1400,6,6,tgju,278765.0
1400/06/07,2021-08-29,1400,6,7,tgju,271680.0
1400/06/08,2021-08-30,1400,6,8,tgju,273280.0
1400/06/09,2021-08-31,1400,6,9,tgju,271730.0
1400/06/10,2021-09-01,1400,6,10,tgju,271880.0
1400/06/11,2021-09-02,1400,6,11,tgju,272910.0
1400/06/13,2021-09-04,1400,6,13,tgju,271680.0
1400/06/14,2021-09-05,1400,6,14,tgju,270585.0
1400/06/15,2021-09-06,1400,6,15,tgju,272380.0
1400/06/16,2021-09-07,1400,6,16,tgju,276180.0
1400/06/17,2021-09-08,1400,6,17,tgju,277680.0
1400/06/18,2021-09-09,1400,6,18,tgju,278270.0
1400/06/20,2021-09-11,1400,6,20,tgju,274730.0
1400/06/21,2021-09-12,1400,6,21,tgju,271130.0
1400/06/22,2021-09-13,1400,6,22,tgju,275330.0
1400/06/23,2021-09-14,1400,6,23,tgju,273130.0
1400/06/24,2021-09-15,1400,6,24,tgju,273330.0
1400/06/25,2021-09-16,1400,6,25,tgju,274460.0
1400/06/27,2021-09-18,1400,6,27,tgju,273930.0
1400/06/28,2021-09-19,1400,6,28,tgju,273930.0
1400/06/29,2021-09-20,1400,6,29,tgju,274980.0
1400/06/30,2021-09-21,1400,6,30,tgju,274980.0
1400/06/31,2021-09-22,1400,6,31,tgju,275280.0
1400/07/01,2021-09-23,1400,7,1,tgju,275930.0
1400/07/03,2021-09-25,1400,7,3,tgju,275830.0
1400/07/04,2021-09-26,1400,7,4,tgju,276810.0
1400/07/06,2021-09-28,1400,7,6,tgju,279130.0
1400/07/07,2021-09-29,1400,7,7,tgju,282240.0
1400/07/08,2021-09-30,1400,7,8,tgju,283630.0
1400/07/10,2021-10-02,1400,7,10,tgju,280545.0
1400/07/11,2021-10-03,1400,7,11,tgju,280665.0
1400/07/12,2021-10-04,1400,7,12,tgju,281360.0
1400/07/14,2021-10-06,1400,7,14,tgju,279320.0
1400/07/17,2021-10-09,1400,7,17,tgju,277440.0
1400/07/18,2021-10-10,1400,7,18,tgju,276626.5
1400/07/19,2021-10-11,1400,7,19,tgju,274345.0
1400/07/20,2021-10-12,1400,7,20,tgju,271440.0
1400/07/21,2021-10-13,1400,7,21,tgju,271440.0
1400/07/22,2021-10-14,1400,7,22,tgju,270870.0
1400/07/24,2021-10-16,1400,7,24,tgju,272040.0
1400/07/25,2021-10-17,1400,7,25,tgju,272140.0
1400/07/26,2021-10-18,1400,7,26,tgju,274390.0
1400/07/27,2021-10-19,1400,7,27,tgju,273400.0
1400/07/28,2021-10-20,1400,7,28,tgju,274090.0
1400/07/29,2021-10-21,1400,7,29,tgju,274150.0
1400/08/01,2021-10-23,1400,8,1,tgju,276030.0
1400/08/03,2021-10-25,1400,8,3,tgju,274840.0
1400/08/04,2021-10-26,1400,8,4,tgju,276740.0
1400/08/05,2021-10-27,1400,8,5,tgju,276740.0
1400/08/06,2021-10-28,1400,8,6,tgju,276570.0
1400/08/08,2021-10-30,1400,8,8,tgju,275190.0
1400/08/09,2021-10-31,1400,8,9,tgju,275540.0
1400/08/10,2021-11-01,1400,8,10,tgju,275590.0
1400/08/11,2021-11-02,1400,8,11,tgju,277540.0
1400/08/12,2021-11-03,1400,8,12,tgju,276790.0
1400/08/13,2021-11-04,1400,8,13,tgju,276510.0
1400/08/15,2021-11-06,1400,8,15,tgju,278640.0
1400/08/16,2021-11-07,1400,8,16,tgju,280540.0
1400/08/17,2021-11-08,1400,8,17,tgju,280990.0
1400/08/18,2021-11-09,1400,8,18,tgju,282640.0
1400/08/19,2021-11-10,1400,8,19,tgju,283790.0
1400/08/20,2021-11-11,1400,8,20,tgju,284240.0
1400/08/22,2021-11-13,1400,8,22,tgju,286190.0
1400/08/23,2021-11-14,1400,8,23,tgju,276625.0
1400/08/24,2021-11-15,1400,8,24,tgju,280615.0
1400/08/25,2021-11-16,1400,8,25,tgju,283375.0
1400/08/26,2021-11-17,1400,8,26,tgju,282175.0
1400/08/27,2021-11-18,1400,8,27,tgju,278980.0
1400/08/29,2021-11-20,1400,8,29,tgju,281765.0
1400/08/30,2021-11-21,1400,8,30,tgju,283125.0
1400/09/01,2021-11-22,1400,9,1,tgju,285925.0
1400/09/02,2021-11-23,1400,9,2,tgju,290110.0
1400/09/03,2021-11-24,1400,9,3,tgju,290135.0
1400/09/04,2021-11-25,1400,9,4,tgju,288080.0
1400/09/06,2021-11-27,1400,9,6,tgju,292675.0
1400/09/07,2021-11-28,1400,9,7,tgju,293925.0
1400/09/08,2021-11-29,1400,9,8,tgju,291095.0
1400/09/09,2021-11-30,1400,9,9,tgju,290775.0
1400/09/10,2021-12-01,1400,9,10,tgju,293025.0
1400/09/11,2021-12-02,1400,9,11,tgju,273240.0
1400/09/13,2021-12-04,1400,9,13,tgju,303675.0
1400/09/14,2021-12-05,1400,9,14,tgju,307320.0
1400/09/15,2021-12-06,1400,9,15,tgju,308475.0
1400/09/16,2021-12-07,1400,9,16,tgju,307575.0
1400/09/17,2021-12-08,1400,9,17,tgju,307155.0
1400/09/18,2021-12-09,1400,9,18,tgju,277040.0
1400/09/20,2021-12-11,1400,9,20,tgju,302075.0
1400/09/21,2021-12-12,1400,9,21,tgju,298125.0
1400/09/22,2021-12-13,1400,9,22,tgju,298415.0
1400/09/23,2021-12-14,1400,9,23,tgju,303470.0
1400/09/24,2021-12-15,1400,9,24,tgju,300625.0
1400/09/25,2021-12-16,1400,9,25,tgju,274170.0
1400/09/27,2021-12-18,1400,9,27,tgju,298430.0
1400/09/28,2021-12-19,1400,9,28,tgju,300225.0
1400/09/29,2021-12-20,1400,9,29,tgju,301575.0
1400/09/30,2021-12-21,1400,9,30,tgju,301925.0
1400/10/01,2021-12-22,1400,10,1,tgju,300975.0
1400/10/02,2021-12-23,1400,10,2,tgju,298694.0
1400/10/04,2021-12-25,1400,10,4,tgju,298725.0
1400/10/05,2021-12-26,1400,10,5,tgju,298725.0
1400/10/06,2021-12-27,1400,10,6,tgju,295775.0
1400/10/07,2021-12-28,1400,10,7,tgju,296930.0
1400/10/08,2021-12-29,1400,10,8,tgju,298175.0
1400/10/09,2021-12-30,1400,10,9,tgju,273880.0
1400/10/11,2022-01-01,1400,10,11,tgju,294770.0
1400/10/12,2022-01-02,1400,10,12,tgju,293175.0
1400/10/13,2022-01-03,1400,10,13,tgju,291585.0
1400/10/14,2022-01-04,1400,10,14,tgju,287325.0
1400/10/15,2022-01-05,1400,10,15,tgju,285040.5
1400/10/18,2022-01-08,1400,10,18,tgju,277680.0
1400/10/19,2022-01-09,1400,10,19,tgju,275745.0
1400/10/20,2022-01-10,1400,10,20,tgju,281825.0
1400/10/21,2022-01-11,1400,10,21,tgju,278375.0
1400/10/22,2022-01-12,1400,10,22,tgju,278815.0
1400/10/23,2022-01-13,1400,10,23,tgju,266620.0
1400/10/25,2022-01-15,1400,10,25,tgju,275155.0
1400/10/26,2022-01-16,1400,10,26,tgju,272420.0
1400/10/27,2022-01-17,1400,10,27,tgju,272925.0
1400/10/28,2022-01-18,1400,10,28,tgju,275075.0
1400/10/29,2022-01-19,1400,10,29,tgju,275075.0
1400/10/30,2022-01-20,1400,10,30,tgju,275250.0
1400/11/02,2022-01-22,1400,11,2,tgju,276075.0
1400/11/03,2022-01-23,1400,11,3,tgju,280125.0
1400/11/04,2022-01-24,1400,11,4,tgju,278075.0
1400/11/05,2022-01-25,1400,11,5,tgju,279830.0
1400/11/06,2022-01-26,1400,11,6,tgju,277475.0
1400/11/07,2022-01-27,1400,11,7,tgju,277710.0
1400/11/09,2022-01-29,1400,11,9,tgju,278575.0
1400/11/10,2022-01-30,1400,11,10,tgju,277670.0
1400/11/11,2022-01-31,1400,11,11,tgju,275675.0
1400/11/12,2022-02-01,1400,11,12,tgju,273225.0
1400/11/13,2022-02-02,1400,11,13,tgju,272975.0
1400/11/14,2022-02-03,1400,11,14,tgju,272650.0
1400/11/16,2022-02-05,1400,11,16,tgju,264425.0
1400/11/17,2022-02-06,1400,11,17,tgju,265325.0
1400/11/18,2022-02-07,1400,11,18,tgju,260825.0
1400/11/19,2022-02-08,1400,11,19,tgju,262175.0
1400/11/20,2022-02-09,1400,11,20,tgju,262275.0
1400/11/21,2022-02-10,1400,11,21,tgju,262270.0
1400/11/23,2022-02-12,1400,11,23,tgju,266530.0
1400/11/24,2022-02-13,1400,11,24,tgju,269610.0
1400/11/25,2022-02-14,1400,11,25,tgju,269064.0
1400/11/27,2022-02-16,1400,11,27,tgju,264075.0
1400/11/28,2022-02-17,1400,11,28,tgju,261962.5
1400/11/30,2022-02-19,1400,11,30,tgju,256425.0
1400/12/01,2022-02-20,1400,12,1,tgju,256625.0
1400/12/02,2022-02-21,1400,12,2,tgju,260130.0
1400/12/03,2022-02-22,1400,12,3,tgju,260975.0
1400/12/04,2022-02-23,1400,12,4,tgju,260975.0
1400/12/05,2022-02-24,1400,12,5,tgju,261440.0
1400/12/07,2022-02-26,1400,12,7,tgju,259875.0
1400/12/08,2022-02-27,1400,12,8,tgju,259925.0
1400/12/09,2022-02-28,1400,12,9,tgju,259650.0
1400/12/11,2022-03-02,1400,12,11,tgju,256575.0
1400/12/12,2022-03-03,1400,12,12,tgju,256150.0
1400/12/14,2022-03-05,1400,12,14,tgju,252825.0
1400/12/15,2022-03-06,1400,12,15,tgju,256585.0
1400/12/16,2022-03-07,1400,12,16,tgju,260625.0
1400/12/17,2022-03-08,1400,12,17,tgju,256925.0
1400/12/18,2022-03-09,1400,12,18,tgju,257435.0
1400/12/19,2022-03-10,1400,12,19,tgju,256960.0
1400/12/21,2022-03-12,1400,12,21,tgju,263275.0
1400/12/22,2022-03-13,1400,12,22,tgju,262325.0
1400/12/23,2022-03-14,1400,12,23,tgju,264525.0
1400/12/24,2022-03-15,1400,12,24,tgju,263375.0
1400/12/25,2022-03-16,1400,12,25,tgju,262175.0
1400/12/26,2022-03-17,1400,12,26,tgju,262300.0
1400/12/28,2022-03-19,1400,12,28,tgju,263130.0
1401/01/06,2022-03-26,1401,1,6,tgju,262425.0
1401/01/07,2022-03-27,1401,1,7,tgju,264995.0
1401/01/08,2022-03-28,1401,1,8,tgju,268875.0
1401/01/09,2022-03-29,1401,1,9,tgju,270725.0
1401/01/10,2022-03-30,1401,1,10,tgju,270725.0
1401/01/11,2022-03-31,1401,1,11,tgju,271140.0
1401/01/14,2022-04-03,1401,1,14,tgju,270650.0
1401/01/15,2022-04-04,1401,1,15,tgju,274800.0
1401/01/16,2022-04-05,1401,1,16,tgju,275110.0
1401/01/17,2022-04-06,1401,1,17,tgju,275550.0
1401/01/18,2022-04-07,1401,1,18,tgju,274830.0
1401/01/20,2022-04-09,1401,1,20,tgju,278400.0
1401/01/21,2022-04-10,1401,1,21,tgju,280700.0
1401/01/22,2022-04-11,1401,1,22,tgju,281700.0
1401/01/23,2022-04-12,1401,1,23,tgju,279500.0
1401/01/24,2022-04-13,1401,1,24,tgju,277900.0
1401/01/25,2022-04-14,1401,1,25,tgju,277615.0
1401/01/27,2022-04-16,1401,1,27,tgju,280150.0
1401/01/28,2022-04-17,1401,1,28,tgju,277950.0
1401/01/29,2022-04-18,1401,1,29,tgju,276800.0
1401/01/30,2022-04-19,1401,1,30,tgju,276850.0
1401/01/31,2022-04-20,1401,1,31,tgju,278300.0
1401/02/01,2022-04-21,1401,2,1,tgju,278640.0
1401/02/04,2022-04-24,1401,2,4,tgju,277900.0
1401/02/05,2022-04-25,1401,2,5,tgju,279450.0
1401/02/06,2022-04-26,1401,2,6,tgju,280550.0
1401/02/07,2022-04-27,1401,2,7,tgju,280700.0
1401/02/08,2022-04-28,1401,2,8,tgju,279800.0
1401/02/10,2022-04-30,1401,2,10,tgju,281400.0
1401/02/11,2022-05-01,1401,2,11,tgju,281850.0
1401/02/12,2022-05-02,1401,2,12,tgju,280210.0
1401/02/15,2022-05-05,1401,2,15,tgju,280560.0
1401/02/17,2022-05-07,1401,2,17,tgju,283950.0
1401/02/18,2022-05-08,1401,2,18,tgju,285300.0
1401/02/19,2022-05-09,1401,2,19,tgju,288640.0
1401/02/20,2022-05-10,1401,2,20,tgju,279618.5
1401/02/21,2022-05-11,1401,2,21,tgju,255800.0
1401/02/22,2022-05-12,1401,2,22,tgju,255900.0
1401/02/24,2022-05-14,1401,2,24,tgju,302500.0
1401/02/25,2022-05-15,1401,2,25,tgju,305300.0
1401/02/26,2022-05-16,1401,2,26,tgju,304050.0
1401/02/27,2022-05-17,1401,2,27,tgju,300900.0
1401/02/28,2022-05-18,1401,2,28,tgju,296895.0
1401/02/29,2022-05-19,1401,2,29,tgju,299673.5
1401/02/31,2022-05-21,1401,2,31,tgju,303900.0
1401/03/01,2022-05-22,1401,3,1,tgju,301750.0
1401/03/02,2022-05-23,1401,3,2,tgju,302950.0
1401/03/03,2022-05-24,1401,3,3,tgju,300900.0
1401/03/04,2022-05-25,1401,3,4,tgju,303050.0
1401/03/05,2022-05-26,1401,3,5,tgju,302493.0
1401/03/07,2022-05-28,1401,3,7,tgju,304750.0
1401/03/08,2022-05-29,1401,3,8,tgju,307350.0
1401/03/09,2022-05-30,1401,3,9,tgju,309600.0
1401/03/10,2022-05-31,1401,3,10,tgju,312350.0
1401/03/11,2022-06-01,1401,3,11,tgju,314200.0
1401/03/12,2022-06-02,1401,3,12,tgju,312506.0
1401/03/16,2022-06-06,1401,3,16,tgju,315245.0
1401/03/17,2022-06-07,1401,3,17,tgju,318050.0
1401/03/18,2022-06-08,1401,3,18,tgju,319150.0
1401/03/19,2022-06-09,1401,3,19,tgju,320122.5
1401/03/21,2022-06-11,1401,3,21,tgju,326200.0
1401/03/22,2022-06-12,1401,3,22,tgju,327050.0
1401/03/23,2022-06-13,1401,3,23,tgju,323400.0
1401/03/24,2022-06-14,1401,3,24,tgju,318100.0
1401/03/25,2022-06-15,1401,3,25,tgju,316250.0
1401/03/26,2022-06-16,1401,3,26,tgju,320047.0
1401/03/28,2022-06-18,1401,3,28,tgju,318500.0
1401/03/29,2022-06-19,1401,3,29,tgju,317500.0
1401/03/30,2022-06-20,1401,3,30,tgju,317550.0
1401/03/31,2022-06-21,1401,3,31,tgju,319450.0
1401/04/01,2022-06-22,1401,4,1,tgju,319150.0
1401/04/02,2022-06-23,1401,4,2,tgju,319586.0
1401/04/04,2022-06-25,1401,4,4,tgju,315100.0
1401/04/05,2022-06-26,1401,4,5,tgju,308200.0
1401/04/06,2022-06-27,1401,4,6,tgju,306750.0
1401/04/07,2022-06-28,1401,4,7,tgju,311100.0
1401/04/08,2022-06-29,1401,4,8,tgju,317950.0
1401/04/09,2022-06-30,1401,4,9,tgju,320054.5
1401/04/11,2022-07-02,1401,4,11,tgju,323900.0
1401/04/12,2022-07-03,1401,4,12,tgju,315250.0
1401/04/13,2022-07-04,1401,4,13,tgju,316305.0
1401/04/14,2022-07-05,1401,4,14,tgju,316150.0
1401/04/15,2022-07-06,1401,4,15,tgju,315000.0
1401/04/16,2022-07-07,1401,4,16,tgju,315012.5
1401/04/18,2022-07-09,1401,4,18,tgju,316383.0
1401/04/20,2022-07-11,1401,4,20,tgju,316100.0
1401/04/21,2022-07-12,1401,4,21,tgju,316400.0
1401/04/22,2022-07-13,1401,4,22,tgju,320050.0
1401/04/23,2022-07-14,1401,4,23,tgju,322108.0
1401/04/25,2022-07-16,1401,4,25,tgju,320050.0
1401/04/26,2022-07-17,1401,4,26,tgju,318597.0
1401/04/28,2022-07-19,1401,4,28,tgju,318250.0
1401/04/29,2022-07-20,1401,4,29,tgju,319200.0
1401/04/30,2022-07-21,1401,4,30,tgju,320810.0
1401/05/01,2022-07-23,1401,5,1,tgju,320250.0
1401/05/02,2022-07-24,1401,5,2,tgju,319300.0
1401/05/03,2022-07-25,1401,5,3,tgju,319400.0
1401/05/04,2022-07-26,1401,5,4,tgju,319700.0
1401/05/05,2022-07-27,1401,5,5,tgju,319300.0
1401/05/06,2022-07-28,1401,5,6,tgju,319890.0
1401/05/08,2022-07-30,1401,5,8,tgju,318650.0
1401/05/09,2022-07-31,1401,5,9,tgju,317000.0
1401/05/10,2022-08-01,1401,5,10,tgju,317250.0
1401/05/11,2022-08-02,1401,5,11,tgju,313250.0
1401/05/12,2022-08-03,1401,5,12,tgju,314455.0
1401/05/13,2022-08-04,1401,5,13,tgju,314786.5
1401/05/15,2022-08-06,1401,5,15,tgju,320015.0
1401/05/18,2022-08-09,1401,5,18,tgju,312300.0
1401/05/19,2022-08-10,1401,5,19,tgju,311000.0
1401/05/20,2022-08-11,1401,5,20,tgju,311329.5
1401/05/22,2022-08-13,1401,5,22,tgju,301700.0
1401/05/23,2022-08-14,1401,5,23,tgju,302850.0
1401/05/24,2022-08-15,1401,5,24,tgju,303850.0
1401/05/25,2022-08-16,1401,5,25,tgju,298200.0
1401/05/26,2022-08-17,1401,5,26,tgju,299900.0
1401/05/27,2022-08-18,1401,5,27,tgju,292576.0
1401/05/29,2022-08-20,1401,5,29,tgju,286140.0
1401/05/30,2022-08-21,1401,5,30,tgju,295100.0
1401/05/31,2022-08-22,1401,5,31,tgju,293600.0
1401/06/01,2022-08-23,1401,6,1,tgju,290800.0
1401/06/02,2022-08-24,1401,6,2,tgju,295750.0
1401/06/03,2022-08-25,1401,6,3,tgju,299726.0
1401/06/05,2022-08-27,1401,6,5,tgju,296750.0
1401/06/06,2022-08-28,1401,6,6,tgju,296400.0
1401/06/07,2022-08-29,1401,6,7,tgju,296950.0
1401/06/08,2022-08-30,1401,6,8,tgju,300850.0
1401/06/09,2022-08-31,1401,6,9,tgju,298750.0
1401/06/10,2022-09-01,1401,6,10,tgju,298470.0
1401/06/12,2022-09-03,1401,6,12,tgju,302100.0
1401/06/13,2022-09-04,1401,6,13,tgju,299955.0
1401/06/14,2022-09-05,1401,6,14,tgju,302100.0
1401/06/15,2022-09-06,1401,6,15,tgju,301150.0
1401/06/16,2022-09-07,1401,6,16,tgju,302000.0
1401/06/17,2022-09-08,1401,6,17,tgju,302410.0
1401/06/19,2022-09-10,1401,6,19,tgju,306400.0
1401/06/20,2022-09-11,1401,6,20,tgju,308600.0
1401/06/21,2022-09-12,1401,6,21,tgju,313650.0
1401/06/22,2022-09-13,1401,6,22,tgju,314000.0
1401/06/23,2022-09-14,1401,6,23,tgju,316105.0
1401/06/24,2022-09-15,1401,6,24,tgju,315560.0
1401/06/27,2022-09-18,1401,6,27,tgju,315800.0
1401/06/28,2022-09-19,1401,6,28,tgju,316500.0
1401/06/29,2022-09-20,1401,6,29,tgju,316450.0
1401/06/30,2022-09-21,1401,6,30,tgju,316350.0
1401/06/31,2022-09-22,1401,6,31,tgju,316660.0
1401/07/02,2022-09-24,1401,7,2,tgju,317010.0
1401/07/04,2022-09-26,1401,7,4,tgju,316810.0
1401/07/06,2022-09-28,1401,7,6,tgju,318500.0
1401/07/07,2022-09-29,1401,7,7,tgju,318480.0
1401/07/09,2022-10-01,1401,7,9,tgju,329150.0
1401/07/10,2022-10-02,1401,7,10,tgju,332650.0
1401/07/11,2022-10-03,1401,7,11,tgju,331850.0
1401/07/12,2022-10-04,1401,7,12,tgju,331020.0
1401/07/14,2022-10-06,1401,7,14,tgju,326548.5
1401/07/16,2022-10-08,1401,7,16,tgju,324540.0
1401/07/17,2022-10-09,1401,7,17,tgju,323250.0
1401/07/18,2022-10-10,1401,7,18,tgju,326460.0
1401/07/19,2022-10-11,1401,7,19,tgju,326600.0
1401/07/20,2022-10-12,1401,7,20,tgju,327845.0
1401/07/21,2022-10-13,1401,7,21,tgju,329460.0
1401/07/23,2022-10-15,1401,7,23,tgju,330250.0
1401/07/24,2022-10-16,1401,7,24,tgju,329100.0
1401/07/25,2022-10-17,1401,7,25,tgju,327500.0
1401/07/26,2022-10-18,1401,7,26,tgju,328750.0
1401/07/27,2022-10-19,1401,7,27,tgju,326500.0
1401/07/28,2022-10-20,1401,7,28,tgju,326550.0
1401/07/30,2022-10-22,1401,7,30,tgju,328315.0
1401/08/01,2022-10-23,1401,8,1,tgju,327145.0
1401/08/02,2022-10-24,1401,8,2,tgju,328305.0
1401/08/03,2022-10-25,1401,8,3,tgju,328400.0
1401/08/04,2022-10-26,1401,8,4,tgju,330400.0
1401/08/05,2022-10-27,1401,8,5,tgju,330520.0
1401/08/07,2022-10-29,1401,8,7,tgju,329200.0
1401/08/08,2022-10-30,1401,8,8,tgju,331350.0
1401/08/09,2022-10-31,1401,8,9,tgju,333900.0
1401/08/10,2022-11-01,1401,8,10,tgju,342655.0
1401/08/11,2022-11-02,1401,8,11,tgju,347000.0
1401/08/12,2022-11-03,1401,8,12,tgju,350180.0
1401/08/14,2022-11-05,1401,8,14,tgju,360250.0
1401/08/15,2022-11-06,1401,8,15,tgju,361565.0
1401/08/16,2022-11-07,1401,8,16,tgju,364500.0
1401/08/17,2022-11-08,1401,8,17,tgju,358275.0
1401/08/18,2022-11-09,1401,8,18,tgju,351285.0
1401/08/19,2022-11-10,1401,8,19,tgju,350590.0
1401/08/21,2022-11-12,1401,8,21,tgju,352135.0
1401/08/22,2022-11-13,1401,8,22,tgju,355685.0
1401/08/23,2022-11-14,1401,8,23,tgju,354144.5
1401/08/24,2022-11-15,1401,8,24,tgju,354394.0
1401/08/25,2022-11-16,1401,8,25,tgju,352906.0
1401/08/26,2022-11-17,1401,8,26,tgju,347510.0
1401/08/28,2022-11-19,1401,8,28,tgju,352743.0
1401/08/29,2022-11-20,1401,8,29,tgju,355880.0
1401/08/30,2022-11-21,1401,8,30,tgju,354828.5
1401/09/01,2022-11-22,1401,9,1,tgju,355684.0
1401/09/02,2022-11-23,1401,9,2,tgju,354307.5
1401/09/03,2022-11-24,1401,9,3,tgju,349900.0
1401/09/05,2022-11-26,1401,9,5,tgju,357438.0
1401/09/06,2022-11-27,1401,9,6,tgju,360725.0
1401/09/07,2022-11-28,1401,9,7,tgju,359525.0
1401/09/08,2022-11-29,1401,9,8,tgju,355140.5
1401/09/09,2022-11-30,1401,9,9,tgju,356242.0
1401/09/10,2022-12-01,1401,9,10,tgju,357950.0
1401/09/12,2022-12-03,1401,9,12,tgju,360555.0
1401/09/13,2022-12-04,1401,9,13,tgju,363555.0
1401/09/14,2022-12-05,1401,9,14,tgju,362605.0
1401/09/15,2022-12-06,1401,9,15,tgju,361655.0
1401/09/16,2022-12-07,1401,9,16,tgju,363255.0
1401/09/17,2022-12-08,1401,9,17,tgju,369065.5
1401/09/19,2022-12-10,1401,9,19,tgju,371605.0
1401/09/20,2022-12-11,1401,9,20,tgju,376455.0
1401/09/21,2022-12-12,1401,9,21,tgju,382455.0
1401/09/22,2022-12-13,1401,9,22,tgju,383205.0
1401/09/23,2022-12-14,1401,9,23,tgju,382730.0
1401/09/24,2022-12-15,1401,9,24,tgju,378280.0
1401/09/26,2022-12-17,1401,9,26,tgju,393655.0
1401/09/27,2022-12-18,1401,9,27,tgju,394705.0
1401/09/28,2022-12-19,1401,9,28,tgju,392555.0
1401/09/29,2022-12-20,1401,9,29,tgju,393840.0
1401/09/30,2022-12-21,1401,9,30,tgju,397805.0
1401/10/01,2022-12-22,1401,10,1,tgju,390500.0
1401/10/03,2022-12-24,1401,10,3,tgju,408855.0
1401/10/04,2022-12-25,1401,10,4,tgju,415455.0
1401/10/05,2022-12-26,1401,10,5,tgju,397210.0
1401/10/07,2022-12-28,1401,10,7,tgju,435705.0
1401/10/08,2022-12-29,1401,10,8,tgju,416150.0
1401/10/10,2022-12-31,1401,10,10,tgju,405055.0
1401/10/11,2023-01-01,1401,10,11,tgju,409455.0
1401/10/12,2023-01-02,1401,10,12,tgju,402005.0
1401/10/13,2023-01-03,1401,10,13,tgju,397705.0
1401/10/14,2023-01-04,1401,10,14,tgju,397210.0
1401/10/15,2023-01-05,1401,10,15,tgju,394830.0
1401/10/17,2023-01-07,1401,10,17,tgju,413950.0
1401/10/18,2023-01-08,1401,10,18,tgju,408550.0
1401/10/19,2023-01-09,1401,10,19,tgju,408925.0
1401/10/20,2023-01-10,1401,10,20,tgju,409850.0
1401/10/21,2023-01-11,1401,10,21,tgju,411400.0
1401/10/22,2023-01-12,1401,10,22,tgju,409500.5
1401/10/24,2023-01-14,1401,10,24,tgju,408950.0
1401/10/25,2023-01-15,1401,10,25,tgju,410205.0
1401/10/26,2023-01-16,1401,10,26,tgju,416860.0
1401/10/27,2023-01-17,1401,10,27,tgju,425860.0
1401/10/28,2023-01-18,1401,10,28,tgju,428825.0
1401/10/29,2023-01-19,1401,10,29,tgju,432367.5
1401/11/01,2023-01-21,1401,11,1,tgju,449700.0
1401/11/02,2023-01-22,1401,11,2,tgju,448200.0
1401/11/03,2023-01-23,1401,11,3,tgju,441935.0
1401/11/04,2023-01-24,1401,11,4,tgju,434405.0
1401/11/05,2023-01-25,1401,11,5,tgju,441700.0
1401/11/06,2023-01-26,1401,11,6,tgju,442814.5
1401/11/08,2023-01-28,1401,11,8,tgju,443150.0
1401/11/09,2023-01-29,1401,11,9,tgju,447100.0
1401/11/10,2023-01-30,1401,11,10,tgju,445350.0
1401/11/11,2023-01-31,1401,11,11,tgju,446345.0
1401/11/12,2023-02-01,1401,11,12,tgju,449100.0
1401/11/13,2023-02-02,1401,11,13,tgju,448575.0
1401/11/16,2023-02-05,1401,11,16,tgju,448450.0
1401/11/17,2023-02-06,1401,11,17,tgju,444855.0
1401/11/18,2023-02-07,1401,11,18,tgju,444565.0
1401/11/19,2023-02-08,1401,11,19,tgju,449300.0
1401/11/20,2023-02-09,1401,11,20,tgju,452496.0
1401/11/23,2023-02-12,1401,11,23,tgju,456950.0
1401/11/24,2023-02-13,1401,11,24,tgju,457950.0
1401/11/25,2023-02-14,1401,11,25,tgju,465600.0
1401/11/26,2023-02-15,1401,11,26,tgju,452743.0
1401/11/27,2023-02-16,1401,11,27,tgju,450700.0
1401/11/30,2023-02-19,1401,11,30,tgju,496600.0
1401/12/01,2023-02-20,1401,12,1,tgju,498350.0
1401/12/02,2023-02-21,1401,12,2,tgju,505155.0
1401/12/03,2023-02-22,1401,12,3,tgju,517950.0
1401/12/04,2023-02-23,1401,12,4,tgju,526840.5
1401/12/06,2023-02-25,1401,12,6,tgju,578200.0
1401/12/07,2023-02-26,1401,12,7,tgju,576700.0
1401/12/08,2023-02-27,1401,12,8,tgju,571450.0
1401/12/09,2023-02-28,1401,12,9,tgju,556450.0
1401/12/10,2023-03-01,1401,12,10,tgju,556450.0
1401/12/11,2023-03-02,1401,12,11,tgju,554130.0
1401/12/13,2023-03-04,1401,12,13,tgju,532750.0
1401/12/14,2023-03-05,1401,12,14,tgju,508475.0
1401/12/15,2023-03-06,1401,12,15,tgju,493945.0
1401/12/16,2023-03-07,1401,12,16,tgju,510450.0
1401/12/18,2023-03-09,1401,12,18,tgju,499032.0
1401/12/20,2023-03-11,1401,12,20,tgju,440950.0
1401/12/21,2023-03-12,1401,12,21,tgju,446680.0
1401/12/22,2023-03-13,1401,12,22,tgju,461950.0
1401/12/23,2023-03-14,1401,12,23,tgju,467955.0
1401/12/24,2023-03-15,1401,12,24,tgju,461450.0
1401/12/25,2023-03-16,1401,12,25,tgju,464005.5
1401/12/27,2023-03-18,1401,12,27,tgju,475450.0
1401/12/28,2023-03-19,1401,12,28,tgju,483084.0
1402/01/05,2023-03-25,1402,1,5,tgju,508450.0
1402/01/06,2023-03-26,1402,1,6,tgju,512950.0
1402/01/07,2023-03-27,1402,1,7,tgju,511750.0
1402/01/08,2023-03-28,1402,1,8,tgju,511750.0
1402/01/09,2023-03-29,1402,1,9,tgju,531100.0
1402/01/10,2023-03-30,1402,1,10,tgju,541184.0
1402/01/14,2023-04-03,1402,1,14,tgju,508450.0
1402/01/15,2023-04-04,1402,1,15,tgju,512270.0
1402/01/16,2023-04-05,1402,1,16,tgju,503955.0
1402/01/17,2023-04-06,1402,1,17,tgju,507197.5
1402/01/19,2023-04-08,1402,1,19,tgju,507200.0
1402/01/20,2023-04-09,1402,1,20,tgju,501700.0
1402/01/21,2023-04-10,1402,1,21,tgju,510710.0
1402/01/22,2023-04-11,1402,1,22,tgju,511200.0
1402/01/24,2023-04-13,1402,1,24,tgju,510384.0
1402/01/26,2023-04-15,1402,1,26,tgju,509200.0
1402/01/27,2023-04-16,1402,1,27,tgju,515700.0
1402/01/28,2023-04-17,1402,1,28,tgju,514200.0
1402/01/29,2023-04-18,1402,1,29,tgju,518200.0
1402/01/30,2023-04-19,1402,1,30,tgju,515450.0
1402/01/31,2023-04-20,1402,1,31,tgju,517039.5
1402/02/04,2023-04-24,1402,2,4,tgju,519247.5
1402/02/05,2023-04-25,1402,2,5,tgju,517700.0
1402/02/06,2023-04-26,1402,2,6,tgju,531000.0
1402/02/07,2023-04-27,1402,2,7,tgju,532960.0
1402/02/09,2023-04-29,1402,2,9,tgju,545450.0
1402/02/10,2023-04-30,1402,2,10,tgju,555200.0
1402/02/11,2023-05-01,1402,2,11,tgju,550200.0
1402/02/12,2023-05-02,1402,2,12,tgju,540700.0
1402/02/13,2023-05-03,1402,2,13,tgju,543110.0
1402/02/14,2023-05-04,1402,2,14,tgju,536935.0
1402/02/16,2023-05-06,1402,2,16,tgju,529200.0
1402/02/17,2023-05-07,1402,2,17,tgju,531700.0
1402/02/18,2023-05-08,1402,2,18,tgju,533700.0
1402/02/19,2023-05-09,1402,2,19,tgju,529200.0
1402/02/20,2023-05-10,1402,2,20,tgju,530450.0
1402/02/21,2023-05-11,1402,2,21,tgju,530360.0
1402/02/23,2023-05-13,1402,2,23,tgju,519695.0
1402/02/24,2023-05-14,1402,2,24,tgju,517950.0
1402/02/25,2023-05-15,1402,2,25,tgju,514950.0
1402/02/27,2023-05-17,1402,2,27,tgju,511800.0
1402/02/28,2023-05-18,1402,2,28,tgju,510980.0
1402/02/30,2023-05-20,1402,2,30,tgju,518955.0
1402/02/31,2023-05-21,1402,2,31,tgju,524200.0
1402/03/01,2023-05-22,1402,3,1,tgju,523450.0
1402/03/02,2023-05-23,1402,3,2,tgju,518960.0
1402/03/03,2023-05-24,1402,3,3,tgju,515450.0
1402/03/04,2023-05-25,1402,3,4,tgju,514320.0
1402/03/06,2023-05-27,1402,3,6,tgju,517495.0
1402/03/07,2023-05-28,1402,3,7,tgju,515605.0
1402/03/08,2023-05-29,1402,3,8,tgju,514200.0
1402/03/09,2023-05-30,1402,3,9,tgju,509950.0
1402/03/10,2023-05-31,1402,3,10,tgju,512450.0
1402/03/11,2023-06-01,1402,3,11,tgju,510890.0
1402/03/13,2023-06-03,1402,3,13,tgju,508950.0
1402/03/16,2023-06-06,1402,3,16,tgju,502350.0
1402/03/17,2023-06-07,1402,3,17,tgju,494950.0
1402/03/18,2023-06-08,1402,3,18,tgju,490840.0
1402/03/20,2023-06-10,1402,3,20,tgju,480450.0
1402/03/21,2023-06-11,1402,3,21,tgju,476950.0
1402/03/22,2023-06-12,1402,3,22,tgju,492200.0
1402/03/23,2023-06-13,1402,3,23,tgju,491950.0
1402/03/24,2023-06-14,1402,3,24,tgju,487450.0
1402/03/25,2023-06-15,1402,3,25,tgju,488055.0
1402/03/27,2023-06-17,1402,3,27,tgju,494035.0
1402/03/28,2023-06-18,1402,3,28,tgju,487725.0
1402/03/29,2023-06-19,1402,3,29,tgju,488025.0
1402/03/30,2023-06-20,1402,3,30,tgju,487450.0
1402/03/31,2023-06-21,1402,3,31,tgju,495950.0
1402/04/01,2023-06-22,1402,4,1,tgju,497130.0
1402/04/03,2023-06-24,1402,4,3,tgju,502950.0
1402/04/04,2023-06-25,1402,4,4,tgju,497950.0
1402/04/05,2023-06-26,1402,4,5,tgju,496200.0
1402/04/06,2023-06-27,1402,4,6,tgju,491950.0
1402/04/07,2023-06-28,1402,4,7,tgju,492950.0
1402/04/10,2023-07-01,1402,4,10,tgju,500450.0
1402/04/11,2023-07-02,1402,4,11,tgju,503200.0
1402/04/12,2023-07-03,1402,4,12,tgju,501200.0
1402/04/13,2023-07-04,1402,4,13,tgju,501830.0
1402/04/14,2023-07-05,1402,4,14,tgju,502040.0
1402/04/15,2023-07-06,1402,4,15,tgju,503130.0
1402/04/17,2023-07-08,1402,4,17,tgju,497760.0
1402/04/18,2023-07-09,1402,4,18,tgju,498140.0
1402/04/19,2023-07-10,1402,4,19,tgju,494345.0
1402/04/20,2023-07-11,1402,4,20,tgju,491495.0
1402/04/21,2023-07-12,1402,4,21,tgju,492280.0
1402/04/22,2023-07-13,1402,4,22,tgju,492610.0
1402/04/24,2023-07-15,1402,4,24,tgju,485830.0
1402/04/25,2023-07-16,1402,4,25,tgju,486010.0
1402/04/26,2023-07-17,1402,4,26,tgju,487765.0
1402/04/27,2023-07-18,1402,4,27,tgju,486385.0
1402/04/28,2023-07-19,1402,4,28,tgju,484775.0
1402/04/29,2023-07-20,1402,4,29,tgju,486370.0
1402/04/31,2023-07-22,1402,4,31,tgju,483735.0
1402/05/01,2023-07-23,1402,5,1,tgju,483280.0
1402/05/02,2023-07-24,1402,5,2,tgju,486385.0
1402/05/03,2023-07-25,1402,5,3,tgju,489985.0
1402/05/04,2023-07-26,1402,5,4,tgju,489995.0
1402/05/07,2023-07-29,1402,5,7,tgju,489490.0
1402/05/08,2023-07-30,1402,5,8,tgju,490535.0
1402/05/09,2023-07-31,1402,5,9,tgju,498325.0
1402/05/10,2023-08-01,1402,5,10,tgju,500700.0
1402/05/11,2023-08-02,1402,5,11,tgju,496325.0
1402/05/12,2023-08-03,1402,5,12,tgju,498525.0
1402/05/14,2023-08-05,1402,5,14,tgju,496000.0
1402/05/15,2023-08-06,1402,5,15,tgju,496570.0
1402/05/16,2023-08-07,1402,5,16,tgju,494570.0
1402/05/17,2023-08-08,1402,5,17,tgju,494860.0
1402/05/18,2023-08-09,1402,5,18,tgju,496075.0
1402/05/19,2023-08-10,1402,5,19,tgju,496660.0
1402/05/21,2023-08-12,1402,5,21,tgju,489200.0
1402/05/22,2023-08-13,1402,5,22,tgju,492660.0
1402/05/23,2023-08-14,1402,5,23,tgju,492215.0
1402/05/24,2023-08-15,1402,5,24,tgju,491760.0
1402/05/25,2023-08-16,1402,5,25,tgju,488430.0
1402/05/26,2023-08-17,1402,5,26,tgju,488580.0
1402/05/28,2023-08-19,1402,5,28,tgju,488605.0
1402/05/29,2023-08-20,1402,5,29,tgju,487140.0
1402/05/30,2023-08-21,1402,5,30,tgju,490185.0
1402/05/31,2023-08-22,1402,5,31,tgju,491540.0
1402/06/01,2023-08-23,1402,6,1,tgju,490525.0
1402/06/02,2023-08-24,1402,6,2,tgju,491670.0
1402/06/04,2023-08-26,1402,6,4,tgju,490615.0
1402/06/05,2023-08-27,1402,6,5,tgju,490525.0
1402/06/06,2023-08-28,1402,6,6,tgju,490830.0
1402/06/07,2023-08-29,1402,6,7,tgju,491675.0
1402/06/08,2023-08-30,1402,6,8,tgju,490155.0
1402/06/09,2023-08-31,1402,6,9,tgju,490200.0
1402/06/11,2023-09-02,1402,6,11,tgju,496370.0
1402/06/12,2023-09-03,1402,6,12,tgju,496705.0
1402/06/13,2023-09-04,1402,6,13,tgju,496810.0
1402/06/14,2023-09-05,1402,6,14,tgju,496040.0
1402/06/16,2023-09-07,1402,6,16,tgju,495910.0
1402/06/18,2023-09-09,1402,6,18,tgju,497035.0
1402/06/19,2023-09-10,1402,6,19,tgju,497110.0
1402/06/20,2023-09-11,1402,6,20,tgju,495730.0
1402/06/21,2023-09-12,1402,6,21,tgju,498745.0
1402/06/22,2023-09-13,1402,6,22,tgju,499310.0
1402/06/26,2023-09-17,1402,6,26,tgju,494990.0
1402/06/27,2023-09-18,1402,6,27,tgju,495500.0
1402/06/28,2023-09-19,1402,6,28,tgju,493375.0
1402/06/29,2023-09-20,1402,6,29,tgju,492790.0
1402/06/30,2023-09-21,1402,6,30,tgju,493930.0
1402/07/01,2023-09-23,1402,7,1,tgju,493580.0
1402/07/03,2023-09-25,1402,7,3,tgju,495020.0
1402/07/04,2023-09-26,1402,7,4,tgju,494440.0
1402/07/05,2023-09-27,1402,7,5,tgju,495350.0
1402/07/06,2023-09-28,1402,7,6,tgju,495380.0
1402/07/08,2023-09-30,1402,7,8,tgju,496100.0
1402/07/09,2023-10-01,1402,7,9,tgju,496550.0
1402/07/10,2023-10-02,1402,7,10,tgju,496200.0
1402/07/12,2023-10-04,1402,7,12,tgju,497900.0
1402/07/13,2023-10-05,1402,7,13,tgju,498940.0
1402/07/15,2023-10-07,1402,7,15,tgju,518980.0
1402/07/16,2023-10-08,1402,7,16,tgju,531715.0
1402/07/17,2023-10-09,1402,7,17,tgju,525950.0
1402/07/18,2023-10-10,1402,7,18,tgju,518450.0
1402/07/19,2023-10-11,1402,7,19,tgju,515450.0
1402/07/20,2023-10-12,1402,7,20,tgju,511700.0
1402/07/22,2023-10-14,1402,7,22,tgju,507820.0
1402/07/23,2023-10-15,1402,7,23,tgju,504725.0
1402/07/24,2023-10-16,1402,7,24,tgju,506975.0
1402/07/25,2023-10-17,1402,7,25,tgju,513725.0
1402/07/26,2023-10-18,1402,7,26,tgju,513125.0
1402/07/27,2023-10-19,1402,7,27,tgju,514402.5
1402/07/29,2023-10-21,1402,7,29,tgju,503225.0
1402/07/30,2023-10-22,1402,7,30,tgju,505007.5
1402/08/01,2023-10-23,1402,8,1,tgju,507025.0
1402/08/02,2023-10-24,1402,8,2,tgju,508725.0
1402/08/03,2023-10-25,1402,8,3,tgju,510475.0
1402/08/04,2023-10-26,1402,8,4,tgju,513980.0
1402/08/06,2023-10-28,1402,8,6,tgju,520725.0
1402/08/07,2023-10-29,1402,8,7,tgju,516475.0
1402/08/08,2023-10-30,1402,8,8,tgju,512625.0
1402/08/09,2023-10-31,1402,8,9,tgju,516765.0
1402/08/10,2023-11-01,1402,8,10,tgju,515875.0
1402/08/11,2023-11-02,1402,8,11,tgju,519865.0
1402/08/13,2023-11-04,1402,8,13,tgju,513975.0
1402/08/14,2023-11-05,1402,8,14,tgju,514225.0
1402/08/15,2023-11-06,1402,8,15,tgju,513395.0
1402/08/16,2023-11-07,1402,8,16,tgju,512725.0
1402/08/17,2023-11-08,1402,8,17,tgju,512225.0
1402/08/18,2023-11-09,1402,8,18,tgju,513975.0
1402/08/20,2023-11-11,1402,8,20,tgju,514225.0
1402/08/21,2023-11-12,1402,8,21,tgju,513825.0
1402/08/22,2023-11-13,1402,8,22,tgju,512375.0
1402/08/23,2023-11-14,1402,8,23,tgju,511125.0
1402/08/24,2023-11-15,1402,8,24,tgju,510225.0
1402/08/25,2023-11-16,1402,8,25,tgju,509725.0
1402/08/27,2023-11-18,1402,8,27,tgju,507075.0
1402/08/28,2023-11-19,1402,8,28,tgju,505125.0
1402/08/29,2023-11-20,1402,8,29,tgju,503010.0
1402/08/30,2023-11-21,1402,8,30,tgju,503905.0
1402/09/01,2023-11-22,1402,9,1,tgju,503010.0
1402/09/02,2023-11-23,1402,9,2,tgju,502655.0
1402/09/04,2023-11-25,1402,9,4,tgju,504055.0
1402/09/05,2023-11-26,1402,9,5,tgju,503755.0
1402/09/06,2023-11-27,1402,9,6,tgju,503730.0
1402/09/07,2023-11-28,1402,9,7,tgju,506169.0
1402/09/08,2023-11-29,1402,9,8,tgju,505505.0
1402/09/09,2023-11-30,1402,9,9,tgju,507655.0
1402/09/11,2023-12-02,1402,9,11,tgju,504655.0
1402/09/12,2023-12-03,1402,9,12,tgju,505605.0
1402/09/13,2023-12-04,1402,9,13,tgju,505805.0
1402/09/14,2023-12-05,1402,9,14,tgju,505010.0
1402/09/15,2023-12-06,1402,9,15,tgju,504680.0
1402/09/16,2023-12-07,1402,9,16,tgju,505180.0
1402/09/18,2023-12-09,1402,9,18,tgju,505325.0
1402/09/19,2023-12-10,1402,9,19,tgju,505175.0
1402/09/20,2023-12-11,1402,9,20,tgju,505525.0
1402/09/21,2023-12-12,1402,9,21,tgju,505425.0
1402/09/22,2023-12-13,1402,9,22,tgju,504075.0
1402/09/23,2023-12-14,1402,9,23,tgju,504590.0
1402/09/25,2023-12-16,1402,9,25,tgju,504780.0
1402/09/27,2023-12-18,1402,9,27,tgju,503075.0
1402/09/28,2023-12-19,1402,9,28,tgju,505535.0
1402/09/29,2023-12-20,1402,9,29,tgju,500737.0
1402/09/30,2023-12-21,1402,9,30,tgju,499920.0
1402/10/02,2023-12-23,1402,10,2,tgju,503470.0
1402/10/03,2023-12-24,1402,10,3,tgju,501925.0
1402/10/04,2023-12-25,1402,10,4,tgju,500890.0
1402/10/05,2023-12-26,1402,10,5,tgju,502065.0
1402/10/06,2023-12-27,1402,10,6,tgju,502215.0
1402/10/07,2023-12-28,1402,10,7,tgju,502595.0
1402/10/09,2023-12-30,1402,10,9,tgju,506310.0
1402/10/10,2023-12-31,1402,10,10,tgju,505170.0
1402/10/11,2024-01-01,1402,10,11,tgju,505565.0
1402/10/12,2024-01-02,1402,10,12,tgju,505625.0
1402/10/13,2024-01-03,1402,10,13,tgju,507480.0
1402/10/14,2024-01-04,1402,10,14,tgju,512965.0
1402/10/16,2024-01-06,1402,10,16,tgju,510935.0
1402/10/17,2024-01-07,1402,10,17,tgju,507725.0
1402/10/18,2024-01-08,1402,10,18,tgju,508985.0
1402/10/19,2024-01-09,1402,10,19,tgju,512685.0
1402/10/20,2024-01-10,1402,10,20,tgju,518325.0
1402/10/21,2024-01-11,1402,10,21,tgju,518665.0
1402/10/23,2024-01-13,1402,10,23,tgju,521540.0
1402/10/24,2024-01-14,1402,10,24,tgju,525650.0
1402/10/25,2024-01-15,1402,10,25,tgju,523455.0
1402/10/26,2024-01-16,1402,10,26,tgju,527775.0
1402/10/27,2024-01-17,1402,10,27,tgju,533430.0
1402/10/28,2024-01-18,1402,10,28,tgju,539425.0
1402/10/30,2024-01-20,1402,10,30,tgju,539535.0
1402/11/01,2024-01-21,1402,11,1,tgju,540175.0
1402/11/02,2024-01-22,1402,11,2,tgju,539175.0
1402/11/03,2024-01-23,1402,11,3,tgju,544930.0
1402/11/04,2024-01-24,1402,11,4,tgju,552675.0
1402/11/07,2024-01-27,1402,11,7,tgju,562310.0
1402/11/08,2024-01-28,1402,11,8,tgju,558200.0
1402/11/09,2024-01-29,1402,11,9,tgju,573075.0
1402/11/10,2024-01-30,1402,11,10,tgju,581255.0
1402/11/11,2024-01-31,1402,11,11,tgju,581935.0
1402/11/12,2024-02-01,1402,11,12,tgju,575551.5
1402/11/14,2024-02-03,1402,11,14,tgju,571920.0
1402/11/15,2024-02-04,1402,11,15,tgju,555665.0
1402/11/16,2024-02-05,1402,11,16,tgju,551390.0
1402/11/17,2024-02-06,1402,11,17,tgju,556224.0
1402/11/18,2024-02-07,1402,11,18,tgju,555675.0
1402/11/21,2024-02-10,1402,11,21,tgju,550580.0
1402/11/23,2024-02-12,1402,11,23,tgju,553025.0
1402/11/24,2024-02-13,1402,11,24,tgju,553175.0
1402/11/25,2024-02-14,1402,11,25,tgju,555360.0
1402/11/26,2024-02-15,1402,11,26,tgju,558625.0
1402/11/28,2024-02-17,1402,11,28,tgju,561290.0
1402/11/29,2024-02-18,1402,11,29,tgju,568105.0
1402/11/30,2024-02-19,1402,11,30,tgju,570525.0
1402/12/01,2024-02-20,1402,12,1,tgju,567025.0
1402/12/02,2024-02-21,1402,12,2,tgju,569685.0
1402/12/03,2024-02-22,1402,12,3,tgju,572005.0
1402/12/05,2024-02-24,1402,12,5,tgju,573175.0
1402/12/07,2024-02-26,1402,12,7,tgju,579914.0
1402/12/08,2024-02-27,1402,12,8,tgju,583180.0
1402/12/09,2024-02-28,1402,12,9,tgju,583930.0
1402/12/10,2024-02-29,1402,12,10,tgju,582925.0
1402/12/12,2024-03-02,1402,12,12,tgju,596425.0
1402/12/13,2024-03-03,1402,12,13,tgju,593175.0
1402/12/14,2024-03-04,1402,12,14,tgju,601580.0
1402/12/15,2024-03-05,1402,12,15,tgju,609576.5
1402/12/16,2024-03-06,1402,12,16,tgju,607375.0
1402/12/17,2024-03-07,1402,12,17,tgju,605476.0
1402/12/19,2024-03-09,1402,12,19,tgju,606675.0
1402/12/20,2024-03-10,1402,12,20,tgju,596660.0
1402/12/21,2024-03-11,1402,12,21,tgju,596325.0
1402/12/22,2024-03-12,1402,12,22,tgju,597580.0
1402/12/23,2024-03-13,1402,12,23,tgju,594640.0
1402/12/24,2024-03-14,1402,12,24,tgju,593620.0
1402/12/26,2024-03-16,1402,12,26,tgju,597050.0
1402/12/27,2024-03-17,1402,12,27,tgju,601675.0
1402/12/28,2024-03-18,1402,12,28,tgju,602185.0
1403/01/05,2024-03-24,1403,1,5,tgju,613570.0
1403/01/06,2024-03-25,1403,1,6,tgju,615420.0
1403/01/07,2024-03-26,1403,1,7,tgju,610235.0
1403/01/08,2024-03-27,1403,1,8,tgju,611025.0
1403/01/09,2024-03-28,1403,1,9,tgju,616425.0
1403/01/11,2024-03-30,1403,1,11,tgju,617584.5
1403/01/14,2024-04-02,1403,1,14,tgju,627950.0
1403/01/15,2024-04-03,1403,1,15,tgju,631125.0
1403/01/16,2024-04-04,1403,1,16,tgju,639800.0
1403/01/18,2024-04-06,1403,1,18,tgju,647000.0
1403/01/19,2024-04-07,1403,1,19,tgju,618650.0
1403/01/20,2024-04-08,1403,1,20,tgju,623700.0
1403/01/21,2024-04-09,1403,1,21,tgju,626800.0
1403/01/25,2024-04-13,1403,1,25,tgju,628050.0
1403/01/26,2024-04-14,1403,1,26,tgju,620900.0
1403/01/27,2024-04-15,1403,1,27,tgju,634750.0
1403/01/28,2024-04-16,1403,1,28,tgju,620500.0
1403/01/29,2024-04-17,1403,1,29,tgju,613200.0
1403/01/30,2024-04-18,1403,1,30,tgju,620450.0
1403/02/01,2024-04-20,1403,2,1,tgju,621950.0
1403/02/02,2024-04-21,1403,2,2,tgju,614300.0
1403/02/03,2024-04-22,1403,2,3,tgju,630600.0
1403/02/04,2024-04-23,1403,2,4,tgju,606000.0
1403/02/05,2024-04-24,1403,2,5,tgju,624250.0
1403/02/06,2024-04-25,1403,2,6,tgju,623900.0
1403/02/08,2024-04-27,1403,2,8,tgju,619300.0
1403/02/09,2024-04-28,1403,2,9,tgju,617550.0
1403/02/10,2024-04-29,1403,2,10,tgju,620450.0
1403/02/11,2024-04-30,1403,2,11,tgju,633100.0
1403/02/12,2024-05-01,1403,2,12,tgju,624200.0
1403/02/13,2024-05-02,1403,2,13,tgju,611550.0
1403/02/16,2024-05-05,1403,2,16,tgju,616250.0
1403/02/17,2024-05-06,1403,2,17,tgju,603700.0
1403/02/18,2024-05-07,1403,2,18,tgju,601700.0
1403/02/19,2024-05-08,1403,2,19,tgju,615950.0
1403/02/20,2024-05-09,1403,2,20,tgju,637100.0
1403/02/22,2024-05-11,1403,2,22,tgju,631100.0
1403/02/23,2024-05-12,1403,2,23,tgju,599700.0
1403/02/24,2024-05-13,1403,2,24,tgju,624450.0
1403/02/25,2024-05-14,1403,2,25,tgju,595200.0
1403/02/26,2024-05-15,1403,2,26,tgju,600050.0
1403/02/27,2024-05-16,1403,2,27,tgju,609750.0
1403/02/29,2024-05-18,1403,2,29,tgju,609450.0
1403/02/30,2024-05-19,1403,2,30,tgju,611300.0
1403/02/31,2024-05-20,1403,2,31,tgju,604950.0
1403/03/01,2024-05-21,1403,3,1,tgju,608700.0
1403/03/02,2024-05-22,1403,3,2,tgju,602800.0
1403/03/03,2024-05-23,1403,3,3,tgju,595400.0
1403/03/05,2024-05-25,1403,3,5,tgju,606900.0
1403/03/06,2024-05-26,1403,3,6,tgju,612300.0
1403/03/07,2024-05-27,1403,3,7,tgju,612450.0
1403/03/08,2024-05-28,1403,3,8,tgju,596550.0
1403/03/09,2024-05-29,1403,3,9,tgju,608550.0
1403/03/10,2024-05-30,1403,3,10,tgju,607900.0
1403/03/12,2024-06-01,1403,3,12,tgju,608850.0
1403/03/13,2024-06-02,1403,3,13,tgju,598050.0
1403/03/16,2024-06-05,1403,3,16,tgju,607200.0
1403/03/17,2024-06-06,1403,3,17,tgju,607250.0
1403/03/19,2024-06-08,1403,3,19,tgju,608150.0
1403/03/20,2024-06-09,1403,3,20,tgju,610750.0
1403/03/21,2024-06-10,1403,3,21,tgju,605950.0
1403/03/22,2024-06-11,1403,3,22,tgju,612800.0
1403/03/23,2024-06-12,1403,3,23,tgju,612250.0
1403/03/24,2024-06-13,1403,3,24,tgju,609900.0
1403/03/26,2024-06-15,1403,3,26,tgju,602250.0
1403/03/27,2024-06-16,1403,3,27,tgju,606700.0
1403/03/29,2024-06-18,1403,3,29,tgju,601250.0
1403/03/30,2024-06-19,1403,3,30,tgju,599150.0
1403/03/31,2024-06-20,1403,3,31,tgju,612050.0
1403/04/02,2024-06-22,1403,4,2,tgju,601300.0
1403/04/03,2024-06-23,1403,4,3,tgju,606300.0
1403/04/04,2024-06-24,1403,4,4,tgju,604150.0
1403/04/06,2024-06-26,1403,4,6,tgju,602750.0
1403/04/07,2024-06-27,1403,4,7,tgju,607700.0
1403/04/09,2024-06-29,1403,4,9,tgju,602200.0
1403/04/10,2024-06-30,1403,4,10,tgju,616500.0
1403/04/11,2024-07-01,1403,4,11,tgju,613805.0
1403/04/12,2024-07-02,1403,4,12,tgju,611200.0
1403/04/13,2024-07-03,1403,4,13,tgju,604925.0
1403/04/14,2024-07-04,1403,4,14,tgju,606625.0
1403/04/16,2024-07-06,1403,4,16,tgju,595345.0
1403/04/17,2024-07-07,1403,4,17,tgju,588550.0
1403/04/18,2024-07-08,1403,4,18,tgju,588600.0
1403/04/19,2024-07-09,1403,4,19,tgju,588600.0
1403/04/20,2024-07-10,1403,4,20,tgju,586750.0
1403/04/21,2024-07-11,1403,4,21,tgju,582250.0
1403/04/23,2024-07-13,1403,4,23,tgju,578150.0
1403/04/24,2024-07-14,1403,4,24,tgju,581300.0
1403/04/27,2024-07-17,1403,4,27,tgju,577700.0
1403/04/28,2024-07-18,1403,4,28,tgju,572700.0
1403/04/30,2024-07-20,1403,4,30,tgju,573800.0
1403/04/31,2024-07-21,1403,4,31,tgju,577100.0
1403/05/01,2024-07-22,1403,5,1,tgju,576500.0
1403/05/02,2024-07-23,1403,5,2,tgju,581510.0
1403/05/03,2024-07-24,1403,5,3,tgju,583750.0
1403/05/04,2024-07-25,1403,5,4,tgju,585750.0
1403/05/06,2024-07-27,1403,5,6,tgju,586900.0
1403/05/07,2024-07-28,1403,5,7,tgju,589600.0
1403/05/08,2024-07-29,1403,5,8,tgju,588650.0
1403/05/09,2024-07-30,1403,5,9,tgju,591400.0
1403/05/10,2024-07-31,1403,5,10,tgju,600505.0
1403/05/11,2024-08-01,1403,5,11,tgju,602800.0
1403/05/13,2024-08-03,1403,5,13,tgju,612730.0
1403/05/14,2024-08-04,1403,5,14,tgju,608750.0
1403/05/15,2024-08-05,1403,5,15,tgju,611050.0
1403/05/16,2024-08-06,1403,5,16,tgju,609100.0
1403/05/17,2024-08-07,1403,5,17,tgju,608800.0
1403/05/18,2024-08-08,1403,5,18,tgju,610200.0
1403/05/20,2024-08-10,1403,5,20,tgju,599650.0
1403/05/21,2024-08-11,1403,5,21,tgju,593550.0
1403/05/22,2024-08-12,1403,5,22,tgju,598475.0
1403/05/23,2024-08-13,1403,5,23,tgju,595900.0
1403/05/24,2024-08-14,1403,5,24,tgju,590550.0
1403/05/25,2024-08-15,1403,5,25,tgju,587450.0
1403/05/27,2024-08-17,1403,5,27,tgju,579500.0
1403/05/28,2024-08-18,1403,5,28,tgju,577350.0
1403/05/29,2024-08-19,1403,5,29,tgju,584075.0
1403/05/30,2024-08-20,1403,5,30,tgju,584325.0
1403/05/31,2024-08-21,1403,5,31,tgju,583075.0
1403/06/01,2024-08-22,1403,6,1,tgju,586000.0
1403/06/03,2024-08-24,1403,6,3,tgju,582900.0
1403/06/05,2024-08-26,1403,6,5,tgju,593850.0
1403/06/06,2024-08-27,1403,6,6,tgju,589150.0
1403/06/07,2024-08-28,1403,6,7,tgju,592700.0
1403/06/08,2024-08-29,1403,6,8,tgju,593150.0
1403/06/10,2024-08-31,1403,6,10,tgju,595300.0
1403/06/11,2024-09-01,1403,6,11,tgju,595500.0
1403/06/13,2024-09-03,1403,6,13,tgju,596050.0
1403/06/15,2024-09-05,1403,6,15,tgju,599300.0
1403/06/17,2024-09-07,1403,6,17,tgju,598550.0
1403/06/18,2024-09-08,1403,6,18,tgju,595900.0
1403/06/19,2024-09-09,1403,6,19,tgju,596200.0
1403/06/20,2024-09-10,1403,6,20,tgju,595200.0
1403/06/21,2024-09-11,1403,6,21,tgju,596600.0
1403/06/24,2024-09-14,1403,6,24,tgju,594650.0
1403/06/25,2024-09-15,1403,6,25,tgju,591950.0
1403/06/26,2024-09-16,1403,6,26,tgju,591150.0
1403/06/27,2024-09-17,1403,6,27,tgju,593500.0
1403/06/28,2024-09-18,1403,6,28,tgju,594875.0
1403/06/29,2024-09-19,1403,6,29,tgju,591500.0
1403/07/01,2024-09-22,1403,7,1,tgju,593350.0
1403/07/02,2024-09-23,1403,7,2,tgju,595800.0
1403/07/03,2024-09-24,1403,7,3,tgju,602350.0
1403/07/04,2024-09-25,1403,7,4,tgju,599950.0
1403/07/05,2024-09-26,1403,7,5,tgju,602050.0
1403/07/07,2024-09-28,1403,7,7,tgju,606550.0
1403/07/08,2024-09-29,1403,7,8,tgju,605500.0
1403/07/09,2024-09-30,1403,7,9,tgju,604400.0
1403/07/10,2024-10-01,1403,7,10,tgju,610300.0
1403/07/11,2024-10-02,1403,7,11,tgju,617250.0
1403/07/12,2024-10-03,1403,7,12,tgju,626100.0
1403/07/14,2024-10-05,1403,7,14,tgju,619550.0
1403/07/15,2024-10-06,1403,7,15,tgju,629500.0
1403/07/16,2024-10-07,1403,7,16,tgju,630750.0
1403/07/17,2024-10-08,1403,7,17,tgju,626650.0
1403/07/18,2024-10-09,1403,7,18,tgju,627000.0
1403/07/19,2024-10-10,1403,7,19,tgju,632500.0
1403/07/21,2024-10-12,1403,7,21,tgju,628000.0
1403/07/22,2024-10-13,1403,7,22,tgju,627650.0
1403/07/23,2024-10-14,1403,7,23,tgju,631400.0
1403/07/24,2024-10-15,1403,7,24,tgju,628450.0
1403/07/25,2024-10-16,1403,7,25,tgju,632500.0
1403/07/26,2024-10-17,1403,7,26,tgju,636050.0
1403/07/28,2024-10-19,1403,7,28,tgju,636800.0
1403/07/29,2024-10-20,1403,7,29,tgju,641925.0
1403/07/30,2024-10-21,1403,7,30,tgju,645100.0
1403/08/01,2024-10-22,1403,8,1,tgju,654975.0
1403/08/02,2024-10-23,1403,8,2,tgju,673900.0
1403/08/03,2024-10-24,1403,8,3,tgju,680100.0
1403/08/05,2024-10-26,1403,8,5,tgju,665900.0
1403/08/06,2024-10-27,1403,8,6,tgju,660825.0
1403/08/07,2024-10-28,1403,8,7,tgju,667500.0
1403/08/08,2024-10-29,1403,8,8,tgju,681225.0
1403/08/09,2024-10-30,1403,8,9,tgju,689000.0
1403/08/10,2024-10-31,1403,8,10,tgju,683900.0
1403/08/12,2024-11-02,1403,8,12,tgju,689250.0
1403/08/13,2024-11-03,1403,8,13,tgju,695600.0
1403/08/14,2024-11-04,1403,8,14,tgju,690500.0
1403/08/15,2024-11-05,1403,8,15,tgju,686500.0
1403/08/16,2024-11-06,1403,8,16,tgju,696400.0
1403/08/17,2024-11-07,1403,8,17,tgju,691500.0
1403/08/19,2024-11-09,1403,8,19,tgju,693850.0
1403/08/20,2024-11-10,1403,8,20,tgju,687500.0
1403/08/21,2024-11-11,1403,8,21,tgju,675850.0
1403/08/22,2024-11-12,1403,8,22,tgju,675000.0
1403/08/23,2024-11-13,1403,8,23,tgju,684000.0
1403/08/24,2024-11-14,1403,8,24,tgju,680750.0
1403/08/26,2024-11-16,1403,8,26,tgju,683000.0
1403/08/27,2024-11-17,1403,8,27,tgju,685025.0
1403/08/28,2024-11-18,1403,8,28,tgju,682700.0
1403/08/29,2024-11-19,1403,8,29,tgju,686250.0
1403/08/30,2024-11-20,1403,8,30,tgju,692000.0
1403/09/01,2024-11-21,1403,9,1,tgju,692150.0
1403/09/03,2024-11-23,1403,9,3,tgju,700250.0
1403/09/04,2024-11-24,1403,9,4,tgju,693800.0
1403/09/05,2024-11-25,1403,9,5,tgju,687250.0
1403/09/06,2024-11-26,1403,9,6,tgju,696500.0
1403/09/07,2024-11-27,1403,9,7,tgju,697650.0
1403/09/08,2024-11-28,1403,9,8,tgju,700250.0
1403/09/10,2024-11-30,1403,9,10,tgju,704500.0
1403/09/11,2024-12-01,1403,9,11,tgju,701650.0
1403/09/12,2024-12-02,1403,9,12,tgju,703300.0
1403/09/13,2024-12-03,1403,9,13,tgju,707850.0
1403/09/14,2024-12-04,1403,9,14,tgju,713000.0
1403/09/17,2024-12-07,1403,9,17,tgju,713850.0
1403/09/18,2024-12-08,1403,9,18,tgju,718150.0
1403/09/19,2024-12-09,1403,9,19,tgju,720250.0
1403/09/20,2024-12-10,1403,9,20,tgju,721500.0
1403/09/21,2024-12-11,1403,9,21,tgju,728000.0
1403/09/22,2024-12-12,1403,9,22,tgju,731250.0
1403/09/24,2024-12-14,1403,9,24,tgju,737886.0
1403/09/25,2024-12-15,1403,9,25,tgju,751200.0
1403/09/26,2024-12-16,1403,9,26,tgju,752750.0
1403/09/27,2024-12-17,1403,9,27,tgju,766000.0
1403/09/28,2024-12-18,1403,9,28,tgju,771250.0
1403/09/29,2024-12-19,1403,9,29,tgju,769750.0
1403/10/01,2024-12-21,1403,10,1,tgju,765250.0
1403/10/02,2024-12-22,1403,10,2,tgju,758200.0
1403/10/03,2024-12-23,1403,10,3,tgju,771300.0
1403/10/04,2024-12-24,1403,10,4,tgju,783500.0
1403/10/05,2024-12-25,1403,10,5,tgju,782750.0
1403/10/06,2024-12-26,1403,10,6,tgju,785750.0
1403/10/08,2024-12-28,1403,10,8,tgju,805275.0
1403/10/09,2024-12-29,1403,10,9,tgju,804000.0
1403/10/10,2024-12-30,1403,10,10,tgju,804025.0
1403/10/11,2024-12-31,1403,10,11,tgju,812000.0
1403/10/12,2025-01-01,1403,10,12,tgju,812400.0
1403/10/13,2025-01-02,1403,10,13,tgju,809150.0
1403/10/15,2025-01-04,1403,10,15,tgju,796000.0
1403/10/16,2025-01-05,1403,10,16,tgju,797950.0
1403/10/17,2025-01-06,1403,10,17,tgju,792000.0
1403/10/18,2025-01-07,1403,10,18,tgju,799500.0
1403/10/19,2025-01-08,1403,10,19,tgju,802000.0
1403/10/20,2025-01-09,1403,10,20,tgju,809250.0
1403/10/22,2025-01-11,1403,10,22,tgju,819750.0
1403/10/23,2025-01-12,1403,10,23,tgju,811750.0
1403/10/24,2025-01-13,1403,10,24,tgju,811250.0
1403/10/26,2025-01-15,1403,10,26,tgju,809250.0
1403/10/27,2025-01-16,1403,10,27,tgju,801500.0
1403/10/29,2025-01-18,1403,10,29,tgju,800750.0
1403/10/30,2025-01-19,1403,10,30,tgju,807750.0
1403/11/01,2025-01-20,1403,11,1,tgju,809250.0
1403/11/02,2025-01-21,1403,11,2,tgju,816250.0
1403/11/03,2025-01-22,1403,11,3,tgju,825500.0
1403/11/04,2025-01-23,1403,11,4,tgju,832000.0
1403/11/06,2025-01-25,1403,11,6,tgju,832500.0
1403/11/07,2025-01-26,1403,11,7,tgju,837500.0
1403/11/08,2025-01-27,1403,11,8,tgju,838250.0
1403/11/10,2025-01-29,1403,11,10,tgju,834150.0
1403/11/11,2025-01-30,1403,11,11,tgju,833150.0
1403/11/13,2025-02-01,1403,11,13,tgju,836250.0
1403/11/14,2025-02-02,1403,11,14,tgju,841900.0
1403/11/15,2025-02-03,1403,11,15,tgju,840250.0
1403/11/16,2025-02-04,1403,11,16,tgju,842000.0
1403/11/17,2025-02-05,1403,11,17,tgju,849750.0
1403/11/18,2025-02-06,1403,11,18,tgju,853750.0
1403/11/20,2025-02-08,1403,11,20,tgju,882500.0
1403/11/21,2025-02-09,1403,11,21,tgju,901000.0
1403/11/23,2025-02-11,1403,11,23,tgju,893250.0
1403/11/24,2025-02-12,1403,11,24,tgju,880000.0
1403/11/25,2025-02-13,1403,11,25,tgju,887250.0
1403/11/27,2025-02-15,1403,11,27,tgju,906000.0
1403/11/28,2025-02-16,1403,11,28,tgju,904500.0
1403/11/29,2025-02-17,1403,11,29,tgju,909525.0
1403/11/30,2025-02-18,1403,11,30,tgju,914250.0
1403/12/01,2025-02-19,1403,12,1,tgju,923500.0
1403/12/02,2025-02-20,1403,12,2,tgju,927000.0
1403/12/04,2025-02-22,1403,12,4,tgju,936650.0
1403/12/05,2025-02-23,1403,12,5,tgju,928000.0
1403/12/06,2025-02-24,1403,12,6,tgju,920500.0
1403/12/07,2025-02-25,1403,12,7,tgju,913250.0
1403/12/08,2025-02-26,1403,12,8,tgju,927250.0
1403/12/09,2025-02-27,1403,12,9,tgju,926500.0
1403/12/11,2025-03-01,1403,12,11,tgju,921000.0
1403/12/12,2025-03-02,1403,12,12,tgju,921250.0
1403/12/13,2025-03-03,1403,12,13,tgju,914250.0
1403/12/14,2025-03-04,1403,12,14,tgju,908250.0
1403/12/15,2025-03-05,1403,12,15,tgju,894750.0
1403/12/16,2025-03-06,1403,12,16,tgju,889500.0
1403/12/18,2025-03-08,1403,12,18,tgju,910050.0
1403/12/19,2025-03-09,1403,12,19,tgju,918000.0
1403/12/20,2025-03-10,1403,12,20,tgju,927500.0
1403/12/21,2025-03-11,1403,12,21,tgju,925750.0
1403/12/22,2025-03-12,1403,12,22,tgju,925500.0
1403/12/23,2025-03-13,1403,12,23,tgju,926050.0
1403/12/25,2025-03-15,1403,12,25,tgju,912500.0
1403/12/26,2025-03-16,1403,12,26,tgju,922250.0
1403/12/27,2025-03-17,1403,12,27,tgju,939000.0
1403/12/28,2025-03-18,1403,12,28,tgju,975000.0
1404/01/05,2025-03-25,1404,1,5,tgju,1006750.0
1404/01/06,2025-03-26,1404,1,6,tgju,1014500.0
1404/01/07,2025-03-27,1404,1,7,tgju,1021500.0
1404/01/09,2025-03-29,1404,1,9,tgju,1039500.0
1404/01/10,2025-03-30,1404,1,10,tgju,1033500.0
1404/01/16,2025-04-05,1404,1,16,tgju,1029100.0
1404/01/17,2025-04-06,1404,1,17,tgju,1036500.0
1404/01/18,2025-04-07,1404,1,18,tgju,1051500.0
1404/01/19,2025-04-08,1404,1,19,tgju,1021500.0
1404/01/20,2025-04-09,1404,1,20,tgju,1002500.0
1404/01/21,2025-04-10,1404,1,21,tgju,1010000.0
1404/01/23,2025-04-12,1404,1,23,tgju,974500.0
1404/01/24,2025-04-13,1404,1,24,tgju,867000.0
1404/01/25,2025-04-14,1404,1,25,tgju,874000.0
1404/01/26,2025-04-15,1404,1,26,tgju,889975.0
1404/01/27,2025-04-16,1404,1,27,tgju,879125.0
1404/01/28,2025-04-17,1404,1,28,tgju,866000.0
1404/01/30,2025-04-19,1404,1,30,tgju,848000.0
1404/01/31,2025-04-20,1404,1,31,tgju,822000.0
1404/02/01,2025-04-21,1404,2,1,tgju,829800.0
1404/02/02,2025-04-22,1404,2,2,tgju,806850.0
1404/02/03,2025-04-23,1404,2,3,tgju,808575.0
1404/02/06,2025-04-26,1404,2,6,tgju,811550.0
1404/02/07,2025-04-27,1404,2,7,tgju,835550.0
1404/02/08,2025-04-28,1404,2,8,tgju,822300.0
1404/02/09,2025-04-29,1404,2,9,tgju,807300.0
1404/02/10,2025-04-30,1404,2,10,tgju,812300.0
1404/02/11,2025-05-01,1404,2,11,tgju,816825.0
1404/02/13,2025-05-03,1404,2,13,tgju,859550.0
1404/02/14,2025-05-04,1404,2,14,tgju,858800.0
1404/02/15,2025-05-05,1404,2,15,tgju,851050.0
1404/02/16,2025-05-06,1404,2,16,tgju,832300.0
1404/02/17,2025-05-07,1404,2,17,tgju,823550.0
1404/02/18,2025-05-08,1404,2,18,tgju,830050.0
1404/02/20,2025-05-10,1404,2,20,tgju,827800.0
1404/02/21,2025-05-11,1404,2,21,tgju,838750.0
1404/02/22,2025-05-12,1404,2,22,tgju,834800.0
1404/02/23,2025-05-13,1404,2,23,tgju,835800.0
1404/02/24,2025-05-14,1404,2,24,tgju,834300.0
1404/02/25,2025-05-15,1404,2,25,tgju,830800.0
1404/02/27,2025-05-17,1404,2,27,tgju,828800.0
1404/02/28,2025-05-18,1404,2,28,tgju,819825.0
1404/02/29,2025-05-19,1404,2,29,tgju,821550.0
1404/02/30,2025-05-20,1404,2,30,tgju,838300.0
1404/02/31,2025-05-21,1404,2,31,tgju,842275.0
1404/03/01,2025-05-22,1404,3,1,tgju,825050.0
1404/03/03,2025-05-24,1404,3,3,tgju,831300.0
1404/03/04,2025-05-25,1404,3,4,tgju,825800.0
1404/03/05,2025-05-26,1404,3,5,tgju,818875.0
1404/03/06,2025-05-27,1404,3,6,tgju,825300.0
1404/03/07,2025-05-28,1404,3,7,tgju,827800.0
1404/03/08,2025-05-29,1404,3,8,tgju,822800.0
1404/03/10,2025-05-31,1404,3,10,tgju,828100.0
1404/03/11,2025-06-01,1404,3,11,tgju,823550.0
1404/03/12,2025-06-02,1404,3,12,tgju,819800.0
1404/03/13,2025-06-03,1404,3,13,tgju,825050.0
1404/03/17,2025-06-07,1404,3,17,tgju,828050.0
1404/03/18,2025-06-08,1404,3,18,tgju,820550.0
1404/03/19,2025-06-09,1404,3,19,tgju,824550.0
1404/03/20,2025-06-10,1404,3,20,tgju,822050.0
1404/03/21,2025-06-11,1404,3,21,tgju,823325.0
1404/03/22,2025-06-12,1404,3,22,tgju,832300.0
1404/04/04,2025-06-25,1404,4,4,tgju,828750.0
1404/04/05,2025-06-26,1404,4,5,tgju,834800.0
1404/04/07,2025-06-28,1404,4,7,tgju,841300.0
1404/04/08,2025-06-29,1404,4,8,tgju,864800.0
1404/04/09,2025-06-30,1404,4,9,tgju,895800.0
1404/04/10,2025-07-01,1404,4,10,tgju,922600.0
1404/04/11,2025-07-02,1404,4,11,tgju,909750.0
1404/04/12,2025-07-03,1404,4,12,tgju,919050.0
1404/04/16,2025-07-07,1404,4,16,tgju,895100.0
1404/04/17,2025-07-08,1404,4,17,tgju,874050.0
1404/04/18,2025-07-09,1404,4,18,tgju,876350.0
1404/04/19,2025-07-10,1404,4,19,tgju,879850.0
1404/04/21,2025-07-12,1404,4,21,tgju,875050.0
1404/04/22,2025-07-13,1404,4,22,tgju,881500.0
1404/04/23,2025-07-14,1404,4,23,tgju,895950.0
1404/04/24,2025-07-15,1404,4,24,tgju,891300.0
1404/04/25,2025-07-16,1404,4,25,tgju,887800.0
1404/04/26,2025-07-17,1404,4,26,tgju,886800.0
1404/04/28,2025-07-19,1404,4,28,tgju,881200.0
1404/04/29,2025-07-20,1404,4,29,tgju,872050.0
1404/04/30,2025-07-21,1404,4,30,tgju,875050.0
1404/04/31,2025-07-22,1404,4,31,tgju,883050.0
1404/05/01,2025-07-23,1404,5,1,tgju,882300.0
1404/05/03,2025-07-25,1404,5,3,tgju,884400.0
1404/05/04,2025-07-26,1404,5,4,tgju,878900.0
1404/05/05,2025-07-27,1404,5,5,tgju,887400.0
1404/05/06,2025-07-28,1404,5,6,tgju,893650.0
1404/05/07,2025-07-29,1404,5,7,tgju,893950.0
1404/05/08,2025-07-30,1404,5,8,tgju,902275.0
1404/05/10,2025-08-01,1404,5,10,tgju,908650.0
1404/05/11,2025-08-02,1404,5,11,tgju,919900.0
1404/05/12,2025-08-03,1404,5,12,tgju,930900.0
1404/05/13,2025-08-04,1404,5,13,tgju,940150.0
1404/05/14,2025-08-05,1404,5,14,tgju,931625.0
1404/05/15,2025-08-06,1404,5,15,tgju,931900.0
1404/05/18,2025-08-09,1404,5,18,tgju,925400.0
1404/05/19,2025-08-10,1404,5,19,tgju,918450.0
1404/05/20,2025-08-11,1404,5,20,tgju,927650.0
1404/05/21,2025-08-12,1404,5,21,tgju,927400.0
1404/05/22,2025-08-13,1404,5,22,tgju,930900.0
1404/05/25,2025-08-16,1404,5,25,tgju,930650.0
1404/05/26,2025-08-17,1404,5,26,tgju,931150.0
1404/05/27,2025-08-18,1404,5,27,tgju,936400.0
1404/05/28,2025-08-19,1404,5,28,tgju,935400.0
1404/05/29,2025-08-20,1404,5,29,tgju,937150.0
1404/05/30,2025-08-21,1404,5,30,tgju,945400.0
1404/06/01,2025-08-23,1404,6,1,tgju,937900.0
1404/06/03,2025-08-25,1404,6,3,tgju,953400.0
1404/06/04,2025-08-26,1404,6,4,tgju,962900.0
1404/06/05,2025-08-27,1404,6,5,tgju,999975.0
1404/06/06,2025-08-28,1404,6,6,tgju,999750.0
1404/06/08,2025-08-30,1404,6,8,tgju,1012950.0
1404/06/09,2025-08-31,1404,6,9,tgju,1036750.0
1404/06/11,2025-09-02,1404,6,11,tgju,1044000.0
1404/06/12,2025-09-03,1404,6,12,tgju,1028250.0
1404/06/13,2025-09-04,1404,6,13,tgju,1019250.0
1404/06/15,2025-09-06,1404,6,15,tgju,1022900.0
1404/06/16,2025-09-07,1404,6,16,tgju,1027900.0
1404/06/17,2025-09-08,1404,6,17,tgju,1018650.0
1404/06/18,2025-09-09,1404,6,18,tgju,999975.0
1404/06/20,2025-09-11,1404,6,20,tgju,993400.0
1404/06/22,2025-09-13,1404,6,22,tgju,983900.0
1404/06/23,2025-09-14,1404,6,23,tgju,982900.0
1404/06/24,2025-09-15,1404,6,24,tgju,989400.0
1404/06/25,2025-09-16,1404,6,25,tgju,999975.0
1404/06/26,2025-09-17,1404,6,26,tgju,999975.0
1404/06/27,2025-09-18,1404,6,27,tgju,990150.0
1404/06/29,2025-09-20,1404,6,29,tgju,1019400.0
1404/06/30,2025-09-21,1404,6,30,tgju,1042650.0
1404/06/31,2025-09-22,1404,6,31,tgju,1050150.0
1404/07/01,2025-09-23,1404,7,1,tgju,1033650.0
1404/07/02,2025-09-24,1404,7,2,tgju,1061450.0
1404/07/03,2025-09-25,1404,7,3,tgju,1079000.0
1404/07/05,2025-09-27,1404,7,5,tgju,1102500.0
1404/07/06,2025-09-28,1404,7,6,tgju,1100500.0
1404/07/07,2025-09-29,1404,7,7,tgju,1109250.0
1404/07/08,2025-09-30,1404,7,8,tgju,1131000.0
1404/07/09,2025-10-01,1404,7,9,tgju,1152000.0
1404/07/10,2025-10-02,1404,7,10,tgju,1169500.0
1404/07/12,2025-10-04,1404,7,12,tgju,1159500.0
1404/07/13,2025-10-05,1404,7,13,tgju,1146000.0
1404/07/14,2025-10-06,1404,7,14,tgju,1122500.0
1404/07/15,2025-10-07,1404,7,15,tgju,1124000.0
1404/07/16,2025-10-08,1404,7,16,tgju,1151250.0
1404/07/17,2025-10-09,1404,7,17,tgju,1143000.0
1404/07/19,2025-10-11,1404,7,19,tgju,1136750.0
1404/07/20,2025-10-12,1404,7,20,tgju,1120500.0
1404/07/21,2025-10-13,1404,7,21,tgju,1118500.0
1404/07/22,2025-10-14,1404,7,22,tgju,1095750.0
1404/07/23,2025-10-15,1404,7,23,tgju,1094000.0
1404/07/24,2025-10-16,1404,7,24,tgju,1106000.0
1404/07/26,2025-10-18,1404,7,26,tgju,1080750.0
1404/07/27,2025-10-19,1404,7,27,tgju,1082000.0
1404/07/28,2025-10-20,1404,7,28,tgju,1081500.0
1404/07/29,2025-10-21,1404,7,29,tgju,1075500.0
1404/07/30,2025-10-22,1404,7,30,tgju,1076000.0
1404/08/01,2025-10-23,1404,8,1,tgju,1086250.0
1404/08/03,2025-10-25,1404,8,3,tgju,1072000.0
1404/08/04,2025-10-26,1404,8,4,tgju,1078000.0
1404/08/05,2025-10-27,1404,8,5,tgju,1081750.0
1404/08/06,2025-10-28,1404,8,6,tgju,1116750.0
1404/08/07,2025-10-29,1404,8,7,tgju,1070750.0
1404/08/08,2025-10-30,1404,8,8,tgju,1074000.0
1404/08/10,2025-11-01,1404,8,10,tgju,1081500.0
1404/08/11,2025-11-02,1404,8,11,tgju,1085500.0
1404/08/12,2025-11-03,1404,8,12,tgju,1081500.0
1404/08/13,2025-11-04,1404,8,13,tgju,1082250.0
1404/08/14,2025-11-05,1404,8,14,tgju,1080500.0
1404/08/15,2025-11-06,1404,8,15,tgju,1077750.0
1404/08/17,2025-11-08,1404,8,17,tgju,1077750.0
1404/08/18,2025-11-09,1404,8,18,tgju,1078500.0
1404/08/19,2025-11-10,1404,8,19,tgju,1077250.0
1404/08/20,2025-11-11,1404,8,20,tgju,1087500.0
1404/08/21,2025-11-12,1404,8,21,tgju,1115000.0
1404/08/22,2025-11-13,1404,8,22,tgju,1130500.0
1404/08/24,2025-11-15,1404,8,24,tgju,1129500.0
1404/08/25,2025-11-16,1404,8,25,tgju,1125750.0
1404/08/26,2025-11-17,1404,8,26,tgju,1124050.0
1404/08/27,2025-11-18,1404,8,27,tgju,1125300.0
1404/08/28,2025-11-19,1404,8,28,tgju,1126050.0
1404/08/29,2025-11-20,1404,8,29,tgju,1137150.0
1404/09/01,2025-11-22,1404,9,1,tgju,1131500.0
1404/09/02,2025-11-23,1404,9,2,tgju,1132000.0
1404/09/04,2025-11-25,1404,9,4,tgju,1133000.0
1404/09/05,2025-11-26,1404,9,5,tgju,1135500.0
1404/09/06,2025-11-27,1404,9,6,tgju,1140000.0
1404/09/08,2025-11-29,1404,9,8,tgju,1149250.0
1404/09/09,2025-11-30,1404,9,9,tgju,1166750.0
1404/09/10,2025-12-01,1404,9,10,tgju,1184925.0
1404/09/11,2025-12-02,1404,9,11,tgju,1184600.0
1404/09/12,2025-12-03,1404,9,12,tgju,1199600.0
1404/09/13,2025-12-04,1404,9,13,tgju,1200600.0
1404/09/15,2025-12-06,1404,9,15,tgju,1209600.0
1404/09/16,2025-12-07,1404,9,16,tgju,1230600.0
1404/09/17,2025-12-08,1404,9,17,tgju,1251600.0
1404/09/18,2025-12-09,1404,9,18,tgju,1254825.0
1404/09/19,2025-12-10,1404,9,19,tgju,1246050.0
1404/09/20,2025-12-11,1404,9,20,tgju,1248300.0
1404/09/22,2025-12-13,1404,9,22,tgju,1278300.0
1404/09/23,2025-12-14,1404,9,23,tgju,1286550.0
1404/09/24,2025-12-15,1404,9,24,tgju,1308350.0
1404/09/25,2025-12-16,1404,9,25,tgju,1297800.0
1404/09/26,2025-12-17,1404,9,26,tgju,1310800.0
1404/09/27,2025-12-18,1404,9,27,tgju,1319050.0
1404/09/29,2025-12-20,1404,9,29,tgju,1319300.0
1404/09/30,2025-12-21,1404,9,30,tgju,1309300.0
1404/10/01,2025-12-22,1404,10,1,tgju,1314550.0
1404/10/02,2025-12-23,1404,10,2,tgju,1333575.0
1404/10/03,2025-12-24,1404,10,3,tgju,1351300.0
1404/10/04,2025-12-25,1404,10,4,tgju,1346800.0
1404/10/06,2025-12-27,1404,10,6,tgju,1366300.0
1404/10/07,2025-12-28,1404,10,7,tgju,1419800.0
1404/10/08,2025-12-29,1404,10,8,tgju,1396700.0
1404/10/09,2025-12-30,1404,10,9,tgju,1383400.0
1404/10/10,2025-12-31,1404,10,10,tgju,1376450.0
1404/10/11,2026-01-01,1404,10,11,tgju,1348600.0
1404/10/14,2026-01-04,1404,10,14,tgju,1376100.0
1404/10/15,2026-01-05,1404,10,15,tgju,1408100.0
1404/10/16,2026-01-06,1404,10,16,tgju,1457900.0
1404/10/17,2026-01-07,1404,10,17,tgju,1467000.0
1404/10/18,2026-01-08,1404,10,18,tgju,1462700.0
1404/10/20,2026-01-10,1404,10,20,tgju,1455200.0
1404/10/21,2026-01-11,1404,10,21,tgju,1455200.0
1404/10/22,2026-01-12,1404,10,22,tgju,1455200.0
1404/10/23,2026-01-13,1404,10,23,tgju,1455200.0
1404/10/24,2026-01-14,1404,10,24,tgju,1455200.0
1404/10/25,2026-01-15,1404,10,25,tgju,1455200.0
1404/10/27,2026-01-17,1404,10,27,tgju,1455200.0
1404/10/28,2026-01-18,1404,10,28,tgju,1455200.0
1404/10/29,2026-01-19,1404,10,29,tgju,1455200.0
1404/10/30,2026-01-20,1404,10,30,tgju,1455200.0
1404/11/01,2026-01-21,1404,11,1,tgju,1455200.0
1404/11/02,2026-01-22,1404,11,2,tgju,1429200.0
1404/11/04,2026-01-24,1404,11,4,tgju,1432700.0
1404/11/05,2026-01-25,1404,11,5,tgju,1418100.0
1404/11/06,2026-01-26,1404,11,6,tgju,1432520.0
1404/11/07,2026-01-27,1404,11,7,tgju,1491500.0
1404/11/08,2026-01-28,1404,11,8,tgju,1562000.0
1404/11/09,2026-01-29,1404,11,9,tgju,1607000.0
1404/11/11,2026-01-31,1404,11,11,tgju,1616000.0
1404/11/12,2026-02-01,1404,11,12,tgju,1599500.0
1404/11/13,2026-02-02,1404,11,13,tgju,1559500.0
1404/11/14,2026-02-03,1404,11,14,tgju,1553000.0
1404/11/16,2026-02-05,1404,11,16,tgju,1598500.0
1404/11/18,2026-02-07,1404,11,18,tgju,1592000.0
1404/11/19,2026-02-08,1404,11,19,tgju,1573000.0
1404/11/20,2026-02-09,1404,11,20,tgju,1605000.0
1404/11/21,2026-02-10,1404,11,21,tgju,1625500.0
1404/11/23,2026-02-12,1404,11,23,tgju,1622500.0
1404/11/25,2026-02-14,1404,11,25,tgju,1602750.0
1404/11/26,2026-02-15,1404,11,26,tgju,1595000.0
1404/11/27,2026-02-16,1404,11,27,tgju,1597500.0
1404/11/28,2026-02-17,1404,11,28,tgju,1614750.0
1404/11/29,2026-02-18,1404,11,29,tgju,1620000.0
1404/11/30,2026-02-19,1404,11,30,tgju,1632500.0
1404/12/02,2026-02-21,1404,12,2,tgju,1642500.0
1404/12/03,2026-02-22,1404,12,3,tgju,1639000.0
1404/12/04,2026-02-23,1404,12,4,tgju,1629000.0
1404/12/05,2026-02-24,1404,12,5,tgju,1636500.0
1404/12/06,2026-02-25,1404,12,6,tgju,1649500.0
1404/12/07,2026-02-26,1404,12,7,tgju,1653500.0
1404/12/09,2026-02-28,1404,12,9,tgju,1663500.0
1404/12/10,2026-03-01,1404,12,10,tgju,1663500.0
1404/12/11,2026-03-02,1404,12,11,tgju,1663500.0
1404/12/12,2026-03-03,1404,12,12,tgju,1663500.0
1404/12/13,2026-03-04,1404,12,13,tgju,1663500.0
1404/12/14,2026-03-05,1404,12,14,tgju,1663500.0
1404/12/16,2026-03-07,1404,12,16,tgju,1663500.0
1404/12/17,2026-03-08,1404,12,17,tgju,1663500.0
1404/12/18,2026-03-09,1404,12,18,tgju,1663500.0
1404/12/19,2026-03-10,1404,12,19,tgju,1663500.0
1404/12/20,2026-03-11,1404,12,20,tgju,1663500.0
1404/12/21,2026-03-12,1404,12,21,tgju,1663500.0
1404/12/23,2026-03-14,1404,12,23,tgju,1663500.0
1404/12/24,2026-03-15,1404,12,24,tgju,1470000.0
1404/12/25,2026-03-16,1404,12,25,tgju,1550350.0
1404/12/26,2026-03-17,1404,12,26,tgju,1442600.0
1404/12/27,2026-03-18,1404,12,27,tgju,1541150.0
1404/12/28,2026-03-19,1404,12,28,tgju,1579400.0
1405/01/03,2026-03-23,1405,1,3,tgju,1573250.0
1405/01/04,2026-03-24,1405,1,4,tgju,1523900.0
1405/01/05,2026-03-25,1405,1,5,tgju,1577600.0
1405/01/06,2026-03-26,1405,1,6,tgju,1581500.0
1405/01/08,2026-03-28,1405,1,8,tgju,1585600.0
1405/01/09,2026-03-29,1405,1,9,tgju,1585600.0
1405/01/10,2026-03-30,1405,1,10,tgju,1585600.0
1405/01/11,2026-03-31,1405,1,11,tgju,1585600.0
1405/01/12,2026-04-01,1405,1,12,tgju,1585600.0
1405/01/13,2026-04-02,1405,1,13,tgju,1585600.0
1405/01/15,2026-04-04,1405,1,15,tgju,1585600.0
1405/01/16,2026-04-05,1405,1,16,tgju,1527800.0
1405/01/18,2026-04-07,1405,1,18,tgju,1605000.0
1405/01/19,2026-04-08,1405,1,19,tgju,1551650.0
1405/01/20,2026-04-09,1405,1,20,tgju,1554650.0
1405/01/22,2026-04-11,1405,1,22,tgju,1550600.0
1405/01/23,2026-04-12,1405,1,23,tgju,1553100.0
1405/01/24,2026-04-13,1405,1,24,tgju,1578300.0
1405/01/25,2026-04-14,1405,1,25,tgju,1591000.0
1405/01/26,2026-04-15,1405,1,26,tgju,1558000.0
1405/01/27,2026-04-16,1405,1,27,tgju,1523000.0
1405/01/29,2026-04-18,1405,1,29,tgju,1496500.0
1405/01/30,2026-04-19,1405,1,30,tgju,1507300.0
1405/01/31,2026-04-20,1405,1,31,tgju,1512500.0
1405/02/01,2026-04-21,1405,2,1,tgju,1518500.0
1405/02/02,2026-04-22,1405,2,2,tgju,1542500.0
1405/02/03,2026-04-23,1405,2,3,tgju,1548500.0
1405/02/05,2026-04-25,1405,2,5,tgju,1550000.0
1405/02/06,2026-04-26,1405,2,6,tgju,1569500.0
1405/02/07,2026-04-27,1405,2,7,tgju,1576500.0
1405/02/08,2026-04-28,1405,2,8,tgju,1631500.0
1405/02/09,2026-04-29,1405,2,9,tgju,1776500.0
1405/02/10,2026-04-30,1405,2,10,tgju,1779000.0
1405/02/12,2026-05-02,1405,2,12,tgju,1824000.0
1405/02/13,2026-05-03,1405,2,13,tgju,1869000.0
1405/02/14,2026-05-04,1405,2,14,tgju,1849600.0
1405/02/15,2026-05-05,1405,2,15,tgju,1814000.0
1405/02/16,2026-05-06,1405,2,16,tgju,1769000.0
1405/02/17,2026-05-07,1405,2,17,tgju,1746500.0
1405/02/19,2026-05-09,1405,2,19,tgju,1781500.0
1405/02/20,2026-05-10,1405,2,20,tgju,1769000.0
1405/02/21,2026-05-11,1405,2,21,tgju,1812000.0
1405/02/22,2026-05-12,1405,2,22,tgju,1811500.0
1405/02/23,2026-05-13,1405,2,23,tgju,1791500.0
1405/02/24,2026-05-14,1405,2,24,tgju,1796500.0
1405/02/26,2026-05-16,1405,2,26,tgju,1804000.0
1405/02/27,2026-05-17,1405,2,27,tgju,1814000.0
1405/02/28,2026-05-18,1405,2,28,tgju,1799000.0
1405/02/29,2026-05-19,1405,2,29,tgju,1783025.0
1405/02/31,2026-05-20,1405,2,31,tgju,1793000.0
1405/03/02,2026-05-22,1405,3,2,tgju,1784025.0
1405/03/03,2026-05-23,1405,3,3,tgju,1725500.0
1405/03/04,2026-05-24,1405,3,4,tgju,1739000.0
1405/03/05,2026-05-25,1405,3,5,tgju,1726500.0
1405/03/07,2026-05-27,1405,3,7,tgju,1734500.0
1405/03/09,2026-05-29,1405,3,9,tgju,1720000.0
1405/03/11,2026-05-31,1405,3,11,tgju,1742500.0
1405/03/12,2026-06-01,1405,3,12,tgju,1747500.0
1405/03/13,2026-06-02,1405,3,13,tgju,1743000.0
1405/03/16,2026-06-05,1405,3,16,tgju,1745000.0
1405/03/17,2026-06-06,1405,3,17,tgju,1764000.0
1405/03/18,2026-06-07,1405,3,18,tgju,1780500.0
1405/03/20,2026-06-09,1405,3,20,tgju,1771500.0
1405/03/21,2026-06-10,1405,3,21,tgju,1796500.0
1405/03/23,2026-06-12,1405,3,23,tgju,1765000.0
1405/03/25,2026-06-14,1405,3,25,tgju,1662500.0
1405/03/26,2026-06-15,1405,3,26,tgju,1577500.0
1405/03/27,2026-06-16,1405,3,27,tgju,1572475.0
1405/03/28,2026-06-17,1405,3,28,tgju,1570000.0
1405/03/30,2026-06-19,1405,3,30,tgju,1621500.0
1405/03/31,2026-06-20,1405,3,31,tgju,1596500.0
1405/04/01,2026-06-21,1405,4,1,tgju,1590000.0
1405/04/02,2026-06-22,1405,4,2,tgju,1600000.0
1405/04/06,2026-06-26,1405,4,6,tgju,1671500.0
1405/04/07,2026-06-27,1405,4,7,tgju,1698500.0
1405/04/08,2026-06-28,1405,4,8,tgju,1721500.0
1405/04/09,2026-06-29,1405,4,9,tgju,1717000.0
1405/04/10,2026-06-30,1405,4,10,tgju,1747500.0
1405/04/11,2026-07-01,1405,4,11,tgju,1754000.0
1405/04/14,2026-07-04,1405,4,14,tgju,1752000.0
1405/04/15,2026-07-05,1405,4,15,tgju,1756040.0
1405/04/16,2026-07-06,1405,4,16,tgju,1760000.0
1405/04/17,2026-07-07,1405,4,17,tgju,1786000.0
1405/04/18,2026-07-08,1405,4,18,tgju,1813500.0
1405/04/20,2026-07-10,1405,4,20,tgju,1802500.0
1405/04/21,2026-07-11,1405,4,21,tgju,1786500.0
