period,jalali_year,quarter,real_gdp_constant_1400_billion_rial,nominal_gdp_current_price_billion_rial
1399-Q1,1399,1,19611406,9383858
1399-Q2,1399,2,23326240,13598562
1399-Q3,1399,3,21592704,14582250
1399-Q4,1399,4,22038389,17023819
1400-Q1,1400,1,21248029,17607447
1400-Q2,1400,2,23734294,22068639
1400-Q3,1400,3,22180744,23343683
1400-Q4,1400,4,22601104,26744401
1401-Q1,1401,1,22240012,30810827
1401-Q2,1401,2,24439493,34808219
1401-Q3,1401,3,23037408,33887184
1401-Q4,1401,4,23320071,37096060
1402-Q1,1402,1,23219052,40265378
1402-Q2,1402,2,25507917,47536662
1402-Q3,1402,3,24300055,47632464
1402-Q4,1402,4,24273998,50335467
1403-Q1,1403,1,24301518,53836136
1403-Q2,1403,2,26310347,61453907
1403-Q3,1403,3,24710289,61622795
1403-Q4,1403,4,24958692,74118431
1404-Q1,1404,1,24254879,74889386
1404-Q2,1404,2,26444846,88447645
1404-Q3,1404,3,25386729,92696235
1404-Q4,1404,4,24405666,115511470
