period,jalali_year,jalali_month,risk_free_rate_ikhza_pct,daily_observation_count,instrument_day_observation_count,aggregation_method,rate_frequency,source,notes
1399-01,1399,1,18.75241829,17,104,median_of_daily_transaction_value_weighted_ytm,annualized_rate_reported_monthly,TSETMC,
1399-02,1399,2,15.6331511,23,173,median_of_daily_transaction_value_weighted_ytm,annualized_rate_reported_monthly,TSETMC,
1399-03,1399,3,14.74881218,17,131,median_of_daily_transaction_value_weighted_ytm,annualized_rate_reported_monthly,TSETMC,
1399-04,1399,4,17.13441893,23,160,median_of_daily_transaction_value_weighted_ytm,annualized_rate_reported_monthly,TSETMC,
1399-05,1399,5,18.86553719,20,124,median_of_daily_transaction_value_weighted_ytm,annualized_rate_reported_monthly,TSETMC,
1399-06,1399,6,18.53828643,21,144,median_of_daily_transaction_value_weighted_ytm,annualized_rate_reported_monthly,TSETMC,
1399-07,1399,7,18.78305717,20,144,median_of_daily_transaction_value_weighted_ytm,annualized_rate_reported_monthly,TSETMC,
1399-08,1399,8,19.57755134,18,129,median_of_daily_transaction_value_weighted_ytm,annualized_rate_reported_monthly,TSETMC,
1399-09,1399,9,19.7525627,22,150,median_of_daily_transaction_value_weighted_ytm,annualized_rate_reported_monthly,TSETMC,
1399-10,1399,10,19.95544803,21,140,median_of_daily_transaction_value_weighted_ytm,annualized_rate_reported_monthly,TSETMC,
1399-11,1399,11,19.93983788,20,144,median_of_daily_transaction_value_weighted_ytm,annualized_rate_reported_monthly,TSETMC,
1399-12,1399,12,21.47353343,20,139,median_of_daily_transaction_value_weighted_ytm,annualized_rate_reported_monthly,TSETMC,
1400-01,1400,1,21.21502441,18,116,median_of_daily_transaction_value_weighted_ytm,annualized_rate_reported_monthly,TSETMC,
1400-02,1400,2,22.11954963,20,138,median_of_daily_transaction_value_weighted_ytm,annualized_rate_reported_monthly,TSETMC,
1400-03,1400,3,22.27489009,21,140,median_of_daily_transaction_value_weighted_ytm,annualized_rate_reported_monthly,TSETMC,
1400-04,1400,4,21.84271745,20,138,median_of_daily_transaction_value_weighted_ytm,annualized_rate_reported_monthly,TSETMC,
1400-05,1400,5,20.90405868,16,92,median_of_daily_transaction_value_weighted_ytm,annualized_rate_reported_monthly,TSETMC,
1400-06,1400,6,21.83551012,23,130,median_of_daily_transaction_value_weighted_ytm,annualized_rate_reported_monthly,TSETMC,
1400-07,1400,7,23.17205503,18,120,median_of_daily_transaction_value_weighted_ytm,annualized_rate_reported_monthly,TSETMC,
1400-08,1400,8,24.04205883,21,127,median_of_daily_transaction_value_weighted_ytm,annualized_rate_reported_monthly,TSETMC,
1400-09,1400,9,25.08439185,22,129,median_of_daily_transaction_value_weighted_ytm,annualized_rate_reported_monthly,TSETMC,
1400-10,1400,10,24.69227936,21,118,median_of_daily_transaction_value_weighted_ytm,annualized_rate_reported_monthly,TSETMC,
1400-11,1400,11,23.66812884,20,127,median_of_daily_transaction_value_weighted_ytm,annualized_rate_reported_monthly,TSETMC,
1400-12,1400,12,23.29778372,19,115,median_of_daily_transaction_value_weighted_ytm,annualized_rate_reported_monthly,TSETMC,
1401-01,1401,1,22.77137495,18,101,median_of_daily_transaction_value_weighted_ytm,annualized_rate_reported_monthly,TSETMC,
1401-02,1401,2,22.86136263,18,105,median_of_daily_transaction_value_weighted_ytm,annualized_rate_reported_monthly,TSETMC,
1401-03,1401,3,22.66057343,21,122,median_of_daily_transaction_value_weighted_ytm,annualized_rate_reported_monthly,TSETMC,
1401-04,1401,4,22.71729722,19,109,median_of_daily_transaction_value_weighted_ytm,annualized_rate_reported_monthly,TSETMC,
1401-05,1401,5,23.04827867,21,120,median_of_daily_transaction_value_weighted_ytm,annualized_rate_reported_monthly,TSETMC,
1401-06,1401,6,22.52266458,21,105,median_of_daily_transaction_value_weighted_ytm,annualized_rate_reported_monthly,TSETMC,
1401-07,1401,7,23.19037334,18,92,median_of_daily_transaction_value_weighted_ytm,annualized_rate_reported_monthly,TSETMC,
1401-08,1401,8,25.39302174,22,110,median_of_daily_transaction_value_weighted_ytm,annualized_rate_reported_monthly,TSETMC,
1401-09,1401,9,26.61078799,22,108,median_of_daily_transaction_value_weighted_ytm,annualized_rate_reported_monthly,TSETMC,
1401-10,1401,10,27.86153792,18,88,median_of_daily_transaction_value_weighted_ytm,annualized_rate_reported_monthly,TSETMC,
1401-11,1401,11,27.26748157,19,75,median_of_daily_transaction_value_weighted_ytm,annualized_rate_reported_monthly,TSETMC,
1401-12,1401,12,27.70669072,19,74,median_of_daily_transaction_value_weighted_ytm,annualized_rate_reported_monthly,TSETMC,
1402-01,1402,1,26.33951626,17,60,median_of_daily_transaction_value_weighted_ytm,annualized_rate_reported_monthly,TSETMC,
1402-02,1402,2,26.22072294,19,77,median_of_daily_transaction_value_weighted_ytm,annualized_rate_reported_monthly,TSETMC,
1402-03,1402,3,25.67874419,21,80,median_of_daily_transaction_value_weighted_ytm,annualized_rate_reported_monthly,TSETMC,
1402-04,1402,4,24.59136252,21,73,median_of_daily_transaction_value_weighted_ytm,annualized_rate_reported_monthly,TSETMC,
1402-05,1402,5,24.35603407,22,72,median_of_daily_transaction_value_weighted_ytm,annualized_rate_reported_monthly,TSETMC,
1402-06,1402,6,25.9489455,19,59,median_of_daily_transaction_value_weighted_ytm,annualized_rate_reported_monthly,TSETMC,
1402-07,1402,7,25.69313382,20,64,median_of_daily_transaction_value_weighted_ytm,annualized_rate_reported_monthly,TSETMC,
1402-08,1402,8,25.66387291,22,71,median_of_daily_transaction_value_weighted_ytm,annualized_rate_reported_monthly,TSETMC,
1402-09,1402,9,26.9332579,20,74,median_of_daily_transaction_value_weighted_ytm,annualized_rate_reported_monthly,TSETMC,
1402-10,1402,10,27.8902206,21,103,median_of_daily_transaction_value_weighted_ytm,annualized_rate_reported_monthly,TSETMC,
1402-11,1402,11,30.04410128,21,103,median_of_daily_transaction_value_weighted_ytm,annualized_rate_reported_monthly,TSETMC,
1402-12,1402,12,31.74476651,18,93,median_of_daily_transaction_value_weighted_ytm,annualized_rate_reported_monthly,TSETMC,
1403-01,1403,1,32.62184487,16,92,median_of_daily_transaction_value_weighted_ytm,annualized_rate_reported_monthly,TSETMC,
1403-02,1403,2,32.2881249,21,141,median_of_daily_transaction_value_weighted_ytm,annualized_rate_reported_monthly,TSETMC,
1403-03,1403,3,34.67679086,18,194,median_of_daily_transaction_value_weighted_ytm,annualized_rate_reported_monthly,TSETMC,
1403-04,1403,4,30.72643882,19,189,median_of_daily_transaction_value_weighted_ytm,annualized_rate_reported_monthly,TSETMC,
1403-05,1403,5,30.01172947,21,205,median_of_daily_transaction_value_weighted_ytm,annualized_rate_reported_monthly,TSETMC,
1403-06,1403,6,31.04437507,17,166,median_of_daily_transaction_value_weighted_ytm,annualized_rate_reported_monthly,TSETMC,
1403-07,1403,7,31.71760655,22,230,median_of_daily_transaction_value_weighted_ytm,annualized_rate_reported_monthly,TSETMC,
1403-08,1403,8,32.3260535,22,229,median_of_daily_transaction_value_weighted_ytm,annualized_rate_reported_monthly,TSETMC,
1403-09,1403,9,30.70949416,20,197,median_of_daily_transaction_value_weighted_ytm,annualized_rate_reported_monthly,TSETMC,
1403-10,1403,10,33.03993473,21,203,median_of_daily_transaction_value_weighted_ytm,annualized_rate_reported_monthly,TSETMC,
1403-11,1403,11,33.29882697,18,165,median_of_daily_transaction_value_weighted_ytm,annualized_rate_reported_monthly,TSETMC,
1403-12,1403,12,35.02632892,20,178,median_of_daily_transaction_value_weighted_ytm,annualized_rate_reported_monthly,TSETMC,
1404-01,1404,1,34.52339038,16,139,median_of_daily_transaction_value_weighted_ytm,annualized_rate_reported_monthly,TSETMC,
1404-02,1404,2,34.0482584,23,216,median_of_daily_transaction_value_weighted_ytm,annualized_rate_reported_monthly,TSETMC,
1404-03,1404,3,34.34329526,15,142,median_of_daily_transaction_value_weighted_ytm,annualized_rate_reported_monthly,TSETMC,
1404-04,1404,4,35.50419466,21,204,median_of_daily_transaction_value_weighted_ytm,annualized_rate_reported_monthly,TSETMC,
1404-05,1404,5,34.98815289,21,201,median_of_daily_transaction_value_weighted_ytm,annualized_rate_reported_monthly,TSETMC,
1404-06,1404,6,35.21965096,20,195,median_of_daily_transaction_value_weighted_ytm,annualized_rate_reported_monthly,TSETMC,
1404-07,1404,7,35.63104109,22,210,median_of_daily_transaction_value_weighted_ytm,annualized_rate_reported_monthly,TSETMC,
1404-08,1404,8,35.57730114,20,191,median_of_daily_transaction_value_weighted_ytm,annualized_rate_reported_monthly,TSETMC,
1404-09,1404,9,36.80771438,21,204,median_of_daily_transaction_value_weighted_ytm,annualized_rate_reported_monthly,TSETMC,
1404-10,1404,10,37.83527861,20,211,median_of_daily_transaction_value_weighted_ytm,annualized_rate_reported_monthly,TSETMC,
1404-11,1404,11,38.85523939,19,194,median_of_daily_transaction_value_weighted_ytm,annualized_rate_reported_monthly,TSETMC,
1404-12,1404,12,40.62556222,13,124,median_of_daily_transaction_value_weighted_ytm,annualized_rate_reported_monthly,TSETMC,
