period,jalali_year,jalali_month,cpi_index_1400_100,inflation_mom_pct,inflation_yoy_pct,inflation_12m_avg_pct
1399-01,1399,1,57.8,2.1,19.8,32.2
1399-02,1399,2,59.3,2.5,21.0,29.8
1399-03,1399,3,60.5,2.0,22.5,27.8
1399-04,1399,4,64.4,6.4,26.9,26.4
1399-05,1399,5,66.6,3.5,30.4,25.8
1399-06,1399,6,69.0,3.6,34.4,26.0
1399-07,1399,7,73.9,7.0,41.4,27.2
1399-08,1399,8,77.7,5.2,46.4,29.0
1399-09,1399,9,79.2,2.0,44.8,30.5
1399-10,1399,10,80.7,1.8,46.2,32.2
1399-11,1399,11,82.7,2.5,48.2,34.2
1399-12,1399,12,84.2,1.8,48.7,36.4
1400-01,1400,1,87.4,3.8,51.1,39.0
1400-02,1400,2,88.2,0.9,48.7,41.3
1400-03,1400,3,90.0,2.0,48.8,43.4
1400-04,1400,4,92.9,3.2,44.3,44.7
1400-05,1400,5,95.7,3.0,43.7,45.7
1400-06,1400,6,99.2,3.7,43.9,46.3
1400-07,1400,7,102.4,3.2,38.7,45.9
1400-08,1400,8,104.5,2.1,34.6,44.7
1400-09,1400,9,106.3,1.7,34.2,43.6
1400-10,1400,10,109.1,2.6,35.2,42.6
1400-11,1400,11,111.3,2.0,34.6,41.4
1400-12,1400,12,113.0,1.6,34.3,40.2
1401-01,1401,1,116.1,2.7,32.9,38.8
1401-02,1401,2,120.0,3.3,36.1,37.9
1401-03,1401,3,132.7,10.6,47.5,38.1
1401-04,1401,4,138.5,4.4,49.1,38.7
1401-05,1401,5,141.5,2.2,47.8,39.3
1401-06,1401,6,144.6,2.2,45.7,39.6
1401-07,1401,7,148.3,2.6,44.8,40.2
1401-08,1401,8,151.5,2.2,44.9,41.0
1401-09,1401,9,154.8,2.2,45.6,41.9
1401-10,1401,10,160.7,3.8,47.4,42.9
1401-11,1401,11,166.2,3.4,49.4,44.1
1401-12,1401,12,174.1,4.7,54.0,45.8
1402-01,1402,1,180.5,3.7,55.5,47.6
1402-02,1402,2,185.5,2.8,54.6,49.1
1402-03,1402,3,189.3,2.0,42.6,48.5
1402-04,1402,4,193.0,2.0,39.4,47.5
1402-05,1402,5,197.7,2.4,39.8,46.7
1402-06,1402,6,201.7,2.0,39.5,46.1
1402-07,1402,7,206.5,2.3,39.2,45.5
1402-08,1402,8,210.9,2.2,39.2,44.9
1402-09,1402,9,217.0,2.9,40.2,44.4
1402-10,1402,10,222.7,2.6,38.5,43.6
1402-11,1402,11,225.7,1.4,35.8,42.5
1402-12,1402,12,230.2,2.0,32.3,40.7
1403-01,1403,1,236.3,2.6,30.9,38.8
1403-02,1403,2,243.0,2.8,31.0,37.0
1403-03,1403,3,249.7,2.8,31.9,36.1
1403-04,1403,4,255.2,2.2,32.2,35.5
1403-05,1403,5,260.2,2.0,31.6,34.8
1403-06,1403,6,264.7,1.7,31.2,34.2
1403-07,1403,7,271.8,2.7,31.6,33.6
1403-08,1403,8,279.5,2.8,32.5,33.1
1403-09,1403,9,285.1,2.0,31.4,32.5
1403-10,1403,10,293.4,2.9,31.8,32.0
1403-11,1403,11,305.5,4.1,35.3,32.0
1403-12,1403,12,315.7,3.3,37.1,32.5
1404-01,1404,1,328.1,3.9,38.9,33.2
1404-02,1404,2,336.9,2.7,38.7,33.9
1404-03,1404,3,348.1,3.3,39.4,34.5
1404-04,1404,4,360.2,3.5,41.2,35.3
1404-05,1404,5,370.5,2.9,42.4,36.3
1404-06,1404,6,384.6,3.8,45.3,37.5
1404-07,1404,7,403.8,5.0,48.6,38.9
1404-08,1404,8,417.5,3.4,49.4,40.4
1404-09,1404,9,435.1,4.2,52.6,42.2
1404-10,1404,10,469.4,7.9,60.0,44.6
1404-11,1404,11,513.6,9.4,68.1,47.5
1404-12,1404,12,542.3,5.6,71.8,50.6
