period,jalali_year,jalali_month,gregorian_start,gregorian_end,fed_funds_effective_rate_pct
1399-01,1399,1,2020-03-20,2020-04-19,0.2823
1399-02,1399,2,2020-04-20,2020-05-20,0.05
1399-03,1399,3,2020-05-21,2020-06-20,0.0694
1399-04,1399,4,2020-06-21,2020-07-21,0.0868
1399-05,1399,5,2020-07-22,2020-08-21,0.0968
1399-06,1399,6,2020-08-22,2020-09-21,0.0932
1399-07,1399,7,2020-09-22,2020-10-21,0.09
1399-08,1399,8,2020-10-22,2020-11-20,0.09
1399-09,1399,9,2020-11-21,2020-12-20,0.09
1399-10,1399,10,2020-12-21,2021-01-19,0.09
1399-11,1399,11,2021-01-20,2021-02-18,0.084
1399-12,1399,12,2021-02-19,2021-03-20,0.0733
1400-01,1400,1,2021-03-21,2021-04-20,0.07
1400-02,1400,2,2021-04-21,2021-05-21,0.0632
1400-03,1400,3,2021-05-22,2021-06-21,0.0735
1400-04,1400,4,2021-06-22,2021-07-22,0.0942
1400-05,1400,5,2021-07-23,2021-08-22,0.0929
1400-06,1400,6,2021-08-23,2021-09-22,0.0829
1400-07,1400,7,2021-09-23,2021-10-22,0.08
1400-08,1400,8,2021-10-23,2021-11-21,0.08
1400-09,1400,9,2021-11-22,2021-12-21,0.08
1400-10,1400,10,2021-12-22,2022-01-20,0.08
1400-11,1400,11,2022-01-21,2022-02-19,0.08
1400-12,1400,12,2022-02-20,2022-03-20,0.1628
1401-01,1401,1,2022-03-21,2022-04-20,0.2839
1401-02,1401,2,2022-04-21,2022-05-21,0.6281
1401-03,1401,3,2022-05-22,2022-06-21,1.0681
1401-04,1401,4,2022-06-22,2022-07-22,1.5435
1401-05,1401,5,2022-07-23,2022-08-22,2.1413
1401-06,1401,6,2022-08-23,2022-09-22,2.4932
1401-07,1401,7,2022-09-23,2022-10-22,2.9413
1401-08,1401,8,2022-10-23,2022-11-21,3.57
1401-09,1401,9,2022-11-22,2022-12-21,4.004
1401-10,1401,10,2022-12-22,2023-01-20,4.2533
1401-11,1401,11,2023-01-21,2023-02-19,4.482
1401-12,1401,12,2023-02-20,2023-03-20,4.6252
1402-01,1402,1,2023-03-21,2023-04-20,4.7661
1402-02,1402,2,2023-04-21,2023-05-21,4.9858
1402-03,1402,3,2023-05-22,2023-06-21,5.0735
1402-04,1402,4,2023-06-22,2023-07-22,5.1084
1402-05,1402,5,2023-07-23,2023-08-22,5.269
1402-06,1402,6,2023-08-23,2023-09-22,5.33
1402-07,1402,7,2023-09-23,2023-10-22,5.33
1402-08,1402,8,2023-10-23,2023-11-21,5.33
1402-09,1402,9,2023-11-22,2023-12-21,5.33
1402-10,1402,10,2023-12-22,2024-01-20,5.33
1402-11,1402,11,2024-01-21,2024-02-19,5.33
1402-12,1402,12,2024-02-20,2024-03-19,5.33
1403-01,1403,1,2024-03-20,2024-04-19,5.33
1403-02,1403,2,2024-04-20,2024-05-20,5.33
1403-03,1403,3,2024-05-21,2024-06-20,5.33
1403-04,1403,4,2024-06-21,2024-07-21,5.33
1403-05,1403,5,2024-07-22,2024-08-21,5.33
1403-06,1403,6,2024-08-22,2024-09-21,5.1945
1403-07,1403,7,2024-09-22,2024-10-21,4.92
1403-08,1403,8,2024-10-22,2024-11-20,4.7033
1403-09,1403,9,2024-11-21,2024-12-20,4.5333
1403-10,1403,10,2024-12-21,2025-01-19,4.385
1403-11,1403,11,2025-01-20,2025-02-18,4.33
1403-12,1403,12,2025-02-19,2025-03-20,4.33
1404-01,1404,1,2025-03-21,2025-04-20,4.33
1404-02,1404,2,2025-04-21,2025-05-21,4.33
1404-03,1404,3,2025-05-22,2025-06-21,4.33
1404-04,1404,4,2025-06-22,2025-07-22,4.33
1404-05,1404,5,2025-07-23,2025-08-22,4.33
1404-06,1404,6,2025-08-23,2025-09-22,4.2519
1404-07,1404,7,2025-09-23,2025-10-22,4.1247
1404-08,1404,8,2025-10-23,2025-11-21,3.943
1404-09,1404,9,2025-11-22,2025-12-21,3.768
1404-10,1404,10,2025-12-22,2026-01-20,3.6667
1404-11,1404,11,2026-01-21,2026-02-19,3.64
1404-12,1404,12,2026-02-20,2026-03-20,3.64
