solar_hijri_period,solar_hijri_year,solar_hijri_quarter,material_group_fa,item_fa,transaction_unit_fa,minimum_price_rials,maximum_price_rials,average_price_rials,geography,source_table,source_row,source_file,source_sha256
1404-Q4,1404,4,خاک ، ماسه ،سیمان ،آجر،بلوک سفالی و لوله سیمانی,تن,5000000,6500000.0,5866667.0,,Tehran city,table_8,4,data/raw/construction_costs/input_price_indices/sci_tehran_residential_building_input_prices/1404/sci_tehran_residential_building_input_prices_1404_q4.xlsx,b869bda58b7b861d3673508f0e30ae87afc9ddeef6dad6de7b88b1d0ce002e53
1404-Q4,1404,4,خاک ، ماسه ،سیمان ،آجر،بلوک سفالی و لوله سیمانی,تن,4800000,8250000.0,6257692.0,,Tehran city,table_8,5,data/raw/construction_costs/input_price_indices/sci_tehran_residential_building_input_prices/1404/sci_tehran_residential_building_input_prices_1404_q4.xlsx,b869bda58b7b861d3673508f0e30ae87afc9ddeef6dad6de7b88b1d0ce002e53
1404-Q4,1404,4,خاک ، ماسه ،سیمان ،آجر،بلوک سفالی و لوله سیمانی,تن,4000000,12500000.0,6596774.0,,Tehran city,table_8,6,data/raw/construction_costs/input_price_indices/sci_tehran_residential_building_input_prices/1404/sci_tehran_residential_building_input_prices_1404_q4.xlsx,b869bda58b7b861d3673508f0e30ae87afc9ddeef6dad6de7b88b1d0ce002e53
1404-Q4,1404,4,خاک ، ماسه ،سیمان ،آجر،بلوک سفالی و لوله سیمانی,تن,5400000,8250000.0,6495455.0,,Tehran city,table_8,7,data/raw/construction_costs/input_price_indices/sci_tehran_residential_building_input_prices/1404/sci_tehran_residential_building_input_prices_1404_q4.xlsx,b869bda58b7b861d3673508f0e30ae87afc9ddeef6dad6de7b88b1d0ce002e53
1404-Q4,1404,4,خاک ، ماسه ،سیمان ،آجر،بلوک سفالی و لوله سیمانی,تن,5000000,8000000.0,5980769.0,,Tehran city,table_8,8,data/raw/construction_costs/input_price_indices/sci_tehran_residential_building_input_prices/1404/sci_tehran_residential_building_input_prices_1404_q4.xlsx,b869bda58b7b861d3673508f0e30ae87afc9ddeef6dad6de7b88b1d0ce002e53
1404-Q4,1404,4,خاک ، ماسه ،سیمان ،آجر،بلوک سفالی و لوله سیمانی,تن,5000000,7500000.0,6027273.0,,Tehran city,table_8,9,data/raw/construction_costs/input_price_indices/sci_tehran_residential_building_input_prices/1404/sci_tehran_residential_building_input_prices_1404_q4.xlsx,b869bda58b7b861d3673508f0e30ae87afc9ddeef6dad6de7b88b1d0ce002e53
1404-Q4,1404,4,خاک ، ماسه ،سیمان ،آجر،بلوک سفالی و لوله سیمانی,تن,5000000,7000000.0,6128889.0,,Tehran city,table_8,10,data/raw/construction_costs/input_price_indices/sci_tehran_residential_building_input_prices/1404/sci_tehran_residential_building_input_prices_1404_q4.xlsx,b869bda58b7b861d3673508f0e30ae87afc9ddeef6dad6de7b88b1d0ce002e53
1404-Q4,1404,4,خاک ، ماسه ،سیمان ،آجر،بلوک سفالی و لوله سیمانی,کیسه(20 الی30 کیلوگرم),250000,625000.0,387500.0,,Tehran city,table_8,11,data/raw/construction_costs/input_price_indices/sci_tehran_residential_building_input_prices/1404/sci_tehran_residential_building_input_prices_1404_q4.xlsx,b869bda58b7b861d3673508f0e30ae87afc9ddeef6dad6de7b88b1d0ce002e53
1404-Q4,1404,4,خاک ، ماسه ،سیمان ،آجر،بلوک سفالی و لوله سیمانی,قالب,42000,70000.0,54083.0,,Tehran city,table_8,12,data/raw/construction_costs/input_price_indices/sci_tehran_residential_building_input_prices/1404/sci_tehran_residential_building_input_prices_1404_q4.xlsx,b869bda58b7b861d3673508f0e30ae87afc9ddeef6dad6de7b88b1d0ce002e53
1404-Q4,1404,4,خاک ، ماسه ،سیمان ،آجر،بلوک سفالی و لوله سیمانی,قالب,×,,,,Tehran city,table_8,13,data/raw/construction_costs/input_price_indices/sci_tehran_residential_building_input_prices/1404/sci_tehran_residential_building_input_prices_1404_q4.xlsx,b869bda58b7b861d3673508f0e30ae87afc9ddeef6dad6de7b88b1d0ce002e53
1404-Q4,1404,4,خاک ، ماسه ،سیمان ،آجر،بلوک سفالی و لوله سیمانی,قالب,45000,65000.0,53500.0,,Tehran city,table_8,14,data/raw/construction_costs/input_price_indices/sci_tehran_residential_building_input_prices/1404/sci_tehran_residential_building_input_prices_1404_q4.xlsx,b869bda58b7b861d3673508f0e30ae87afc9ddeef6dad6de7b88b1d0ce002e53
1404-Q4,1404,4,خاک ، ماسه ،سیمان ،آجر،بلوک سفالی و لوله سیمانی,قالب,62000,110000.0,72727.0,,Tehran city,table_8,15,data/raw/construction_costs/input_price_indices/sci_tehran_residential_building_input_prices/1404/sci_tehran_residential_building_input_prices_1404_q4.xlsx,b869bda58b7b861d3673508f0e30ae87afc9ddeef6dad6de7b88b1d0ce002e53
1404-Q4,1404,4,خاک ، ماسه ،سیمان ،آجر،بلوک سفالی و لوله سیمانی,قالب,90000,110000.0,101111.0,,Tehran city,table_8,16,data/raw/construction_costs/input_price_indices/sci_tehran_residential_building_input_prices/1404/sci_tehran_residential_building_input_prices_1404_q4.xlsx,b869bda58b7b861d3673508f0e30ae87afc9ddeef6dad6de7b88b1d0ce002e53
1404-Q4,1404,4,خاک ، ماسه ،سیمان ،آجر،بلوک سفالی و لوله سیمانی,قالب,80000,110000.0,97308.0,,Tehran city,table_8,17,data/raw/construction_costs/input_price_indices/sci_tehran_residential_building_input_prices/1404/sci_tehran_residential_building_input_prices_1404_q4.xlsx,b869bda58b7b861d3673508f0e30ae87afc9ddeef6dad6de7b88b1d0ce002e53
1404-Q4,1404,4,خاک ، ماسه ،سیمان ،آجر،بلوک سفالی و لوله سیمانی,کیسه,780000,1260000.0,976552.0,,Tehran city,table_8,18,data/raw/construction_costs/input_price_indices/sci_tehran_residential_building_input_prices/1404/sci_tehran_residential_building_input_prices_1404_q4.xlsx,b869bda58b7b861d3673508f0e30ae87afc9ddeef6dad6de7b88b1d0ce002e53
1404-Q4,1404,4,خاک ، ماسه ،سیمان ،آجر،بلوک سفالی و لوله سیمانی,کیسه,1650000,2800000.0,1975484.0,,Tehran city,table_8,19,data/raw/construction_costs/input_price_indices/sci_tehran_residential_building_input_prices/1404/sci_tehran_residential_building_input_prices_1404_q4.xlsx,b869bda58b7b861d3673508f0e30ae87afc9ddeef6dad6de7b88b1d0ce002e53
1404-Q4,1404,4,خاک ، ماسه ،سیمان ،آجر،بلوک سفالی و لوله سیمانی,شاخه,3200000,4800000.0,4055556.0,,Tehran city,table_8,20,data/raw/construction_costs/input_price_indices/sci_tehran_residential_building_input_prices/1404/sci_tehran_residential_building_input_prices_1404_q4.xlsx,b869bda58b7b861d3673508f0e30ae87afc9ddeef6dad6de7b88b1d0ce002e53
1404-Q4,1404,4,خاک ، ماسه ،سیمان ،آجر،بلوک سفالی و لوله سیمانی,شاخه,3800000,5500000.0,4922222.0,,Tehran city,table_8,21,data/raw/construction_costs/input_price_indices/sci_tehran_residential_building_input_prices/1404/sci_tehran_residential_building_input_prices_1404_q4.xlsx,b869bda58b7b861d3673508f0e30ae87afc9ddeef6dad6de7b88b1d0ce002e53
1404-Q4,1404,4,خاک ، ماسه ،سیمان ،آجر،بلوک سفالی و لوله سیمانی,مترمکعب,18500000,26500000.0,23408333.0,,Tehran city,table_8,22,data/raw/construction_costs/input_price_indices/sci_tehran_residential_building_input_prices/1404/sci_tehran_residential_building_input_prices_1404_q4.xlsx,b869bda58b7b861d3673508f0e30ae87afc9ddeef6dad6de7b88b1d0ce002e53
1404-Q4,1404,4,خاک ، ماسه ،سیمان ،آجر،بلوک سفالی و لوله سیمانی,مترمکعب,23500000,28500000.0,26323077.0,,Tehran city,table_8,23,data/raw/construction_costs/input_price_indices/sci_tehran_residential_building_input_prices/1404/sci_tehran_residential_building_input_prices_1404_q4.xlsx,b869bda58b7b861d3673508f0e30ae87afc9ddeef6dad6de7b88b1d0ce002e53
1404-Q4,1404,4,موزاییک,مترمربع,1600000,4000000.0,2500000.0,,Tehran city,table_9,4,data/raw/construction_costs/input_price_indices/sci_tehran_residential_building_input_prices/1404/sci_tehran_residential_building_input_prices_1404_q4.xlsx,b869bda58b7b861d3673508f0e30ae87afc9ddeef6dad6de7b88b1d0ce002e53
1404-Q4,1404,4,موزاییک,مترمربع,1600000,4000000.0,2600000.0,,Tehran city,table_9,5,data/raw/construction_costs/input_price_indices/sci_tehran_residential_building_input_prices/1404/sci_tehran_residential_building_input_prices_1404_q4.xlsx,b869bda58b7b861d3673508f0e30ae87afc9ddeef6dad6de7b88b1d0ce002e53
1404-Q4,1404,4,موزاییک,مترمربع,2200000,3500000.0,2794444.0,,Tehran city,table_9,6,data/raw/construction_costs/input_price_indices/sci_tehran_residential_building_input_prices/1404/sci_tehran_residential_building_input_prices_1404_q4.xlsx,b869bda58b7b861d3673508f0e30ae87afc9ddeef6dad6de7b88b1d0ce002e53
1404-Q4,1404,4,موزاییک,مترمربع,2000000,4000000.0,2781818.0,,Tehran city,table_9,7,data/raw/construction_costs/input_price_indices/sci_tehran_residential_building_input_prices/1404/sci_tehran_residential_building_input_prices_1404_q4.xlsx,b869bda58b7b861d3673508f0e30ae87afc9ddeef6dad6de7b88b1d0ce002e53
1404-Q4,1404,4,موزاییک,مترمربع,2000000,7000000.0,3450000.0,,Tehran city,table_9,8,data/raw/construction_costs/input_price_indices/sci_tehran_residential_building_input_prices/1404/sci_tehran_residential_building_input_prices_1404_q4.xlsx,b869bda58b7b861d3673508f0e30ae87afc9ddeef6dad6de7b88b1d0ce002e53
1404-Q4,1404,4,موزاییک,مترمربع,1600000,5000000.0,2754545.0,,Tehran city,table_9,9,data/raw/construction_costs/input_price_indices/sci_tehran_residential_building_input_prices/1404/sci_tehran_residential_building_input_prices_1404_q4.xlsx,b869bda58b7b861d3673508f0e30ae87afc9ddeef6dad6de7b88b1d0ce002e53
1404-Q4,1404,4,موزاییک,مترمربع,3800000,7300000.0,5118519.0,,Tehran city,table_9,10,data/raw/construction_costs/input_price_indices/sci_tehran_residential_building_input_prices/1404/sci_tehran_residential_building_input_prices_1404_q4.xlsx,b869bda58b7b861d3673508f0e30ae87afc9ddeef6dad6de7b88b1d0ce002e53
1404-Q4,1404,4,موزاییک,مترمربع,×,,,,Tehran city,table_9,11,data/raw/construction_costs/input_price_indices/sci_tehran_residential_building_input_prices/1404/sci_tehran_residential_building_input_prices_1404_q4.xlsx,b869bda58b7b861d3673508f0e30ae87afc9ddeef6dad6de7b88b1d0ce002e53
1404-Q4,1404,4,موزاییک,مترمربع,2900000,8000000.0,4633871.0,,Tehran city,table_9,12,data/raw/construction_costs/input_price_indices/sci_tehran_residential_building_input_prices/1404/sci_tehran_residential_building_input_prices_1404_q4.xlsx,b869bda58b7b861d3673508f0e30ae87afc9ddeef6dad6de7b88b1d0ce002e53
1404-Q4,1404,4,موزاییک,مترمربع,3500000,8800000.0,5200000.0,,Tehran city,table_9,13,data/raw/construction_costs/input_price_indices/sci_tehran_residential_building_input_prices/1404/sci_tehran_residential_building_input_prices_1404_q4.xlsx,b869bda58b7b861d3673508f0e30ae87afc9ddeef6dad6de7b88b1d0ce002e53
1404-Q4,1404,4,موزاییک,مترمربع,2300000,6200000.0,3657143.0,,Tehran city,table_9,14,data/raw/construction_costs/input_price_indices/sci_tehran_residential_building_input_prices/1404/sci_tehran_residential_building_input_prices_1404_q4.xlsx,b869bda58b7b861d3673508f0e30ae87afc9ddeef6dad6de7b88b1d0ce002e53
1404-Q4,1404,4,سنگ,مترمربع,8000000,14500000.0,9892308.0,,Tehran city,table_10,4,data/raw/construction_costs/input_price_indices/sci_tehran_residential_building_input_prices/1404/sci_tehran_residential_building_input_prices_1404_q4.xlsx,b869bda58b7b861d3673508f0e30ae87afc9ddeef6dad6de7b88b1d0ce002e53
1404-Q4,1404,4,سنگ,مترمربع,9200000,30000000.0,23053846.0,,Tehran city,table_10,5,data/raw/construction_costs/input_price_indices/sci_tehran_residential_building_input_prices/1404/sci_tehran_residential_building_input_prices_1404_q4.xlsx,b869bda58b7b861d3673508f0e30ae87afc9ddeef6dad6de7b88b1d0ce002e53
1404-Q4,1404,4,سنگ,مترمربع,8000000,21000000.0,13355556.0,,Tehran city,table_10,6,data/raw/construction_costs/input_price_indices/sci_tehran_residential_building_input_prices/1404/sci_tehran_residential_building_input_prices_1404_q4.xlsx,b869bda58b7b861d3673508f0e30ae87afc9ddeef6dad6de7b88b1d0ce002e53
1404-Q4,1404,4,سنگ,مترمربع,8000000,20000000.0,13300000.0,,Tehran city,table_10,7,data/raw/construction_costs/input_price_indices/sci_tehran_residential_building_input_prices/1404/sci_tehran_residential_building_input_prices_1404_q4.xlsx,b869bda58b7b861d3673508f0e30ae87afc9ddeef6dad6de7b88b1d0ce002e53
1404-Q4,1404,4,سنگ,مترمربع,8000000,27500000.0,16357143.0,,Tehran city,table_10,8,data/raw/construction_costs/input_price_indices/sci_tehran_residential_building_input_prices/1404/sci_tehran_residential_building_input_prices_1404_q4.xlsx,b869bda58b7b861d3673508f0e30ae87afc9ddeef6dad6de7b88b1d0ce002e53
1404-Q4,1404,4,سنگ,مترمربع,8000000,19000000.0,11835714.0,,Tehran city,table_10,9,data/raw/construction_costs/input_price_indices/sci_tehran_residential_building_input_prices/1404/sci_tehran_residential_building_input_prices_1404_q4.xlsx,b869bda58b7b861d3673508f0e30ae87afc9ddeef6dad6de7b88b1d0ce002e53
1404-Q4,1404,4,سنگ,مترمربع,9000000,20000000.0,13414286.0,,Tehran city,table_10,10,data/raw/construction_costs/input_price_indices/sci_tehran_residential_building_input_prices/1404/sci_tehran_residential_building_input_prices_1404_q4.xlsx,b869bda58b7b861d3673508f0e30ae87afc9ddeef6dad6de7b88b1d0ce002e53
1404-Q4,1404,4,سنگ,مترمربع,8000000,12000000.0,10535714.0,,Tehran city,table_10,11,data/raw/construction_costs/input_price_indices/sci_tehran_residential_building_input_prices/1404/sci_tehran_residential_building_input_prices_1404_q4.xlsx,b869bda58b7b861d3673508f0e30ae87afc9ddeef6dad6de7b88b1d0ce002e53
1404-Q4,1404,4,سنگ,مترمربع,7000000,11000000.0,8753846.0,,Tehran city,table_10,12,data/raw/construction_costs/input_price_indices/sci_tehran_residential_building_input_prices/1404/sci_tehran_residential_building_input_prices_1404_q4.xlsx,b869bda58b7b861d3673508f0e30ae87afc9ddeef6dad6de7b88b1d0ce002e53
1404-Q4,1404,4,سنگ,مترمربع,8000000,10200000.0,9053846.0,,Tehran city,table_10,13,data/raw/construction_costs/input_price_indices/sci_tehran_residential_building_input_prices/1404/sci_tehran_residential_building_input_prices_1404_q4.xlsx,b869bda58b7b861d3673508f0e30ae87afc9ddeef6dad6de7b88b1d0ce002e53
1404-Q4,1404,4,سنگ,مترمربع,7000000,13000000.0,9923077.0,,Tehran city,table_10,14,data/raw/construction_costs/input_price_indices/sci_tehran_residential_building_input_prices/1404/sci_tehran_residential_building_input_prices_1404_q4.xlsx,b869bda58b7b861d3673508f0e30ae87afc9ddeef6dad6de7b88b1d0ce002e53
1404-Q4,1404,4,سنگ,مترمربع,8000000,15000000.0,11900000.0,,Tehran city,table_10,15,data/raw/construction_costs/input_price_indices/sci_tehran_residential_building_input_prices/1404/sci_tehran_residential_building_input_prices_1404_q4.xlsx,b869bda58b7b861d3673508f0e30ae87afc9ddeef6dad6de7b88b1d0ce002e53
1404-Q4,1404,4,سنگ,مترمربع,12000000,29000000.0,15833333.0,,Tehran city,table_10,16,data/raw/construction_costs/input_price_indices/sci_tehran_residential_building_input_prices/1404/sci_tehran_residential_building_input_prices_1404_q4.xlsx,b869bda58b7b861d3673508f0e30ae87afc9ddeef6dad6de7b88b1d0ce002e53
1404-Q4,1404,4,سنگ,مترمربع,15000000,30000000.0,23500000.0,,Tehran city,table_10,17,data/raw/construction_costs/input_price_indices/sci_tehran_residential_building_input_prices/1404/sci_tehran_residential_building_input_prices_1404_q4.xlsx,b869bda58b7b861d3673508f0e30ae87afc9ddeef6dad6de7b88b1d0ce002e53
1404-Q4,1404,4,سنگ,مترمربع,9000000,26000000.0,15018182.0,,Tehran city,table_10,18,data/raw/construction_costs/input_price_indices/sci_tehran_residential_building_input_prices/1404/sci_tehran_residential_building_input_prices_1404_q4.xlsx,b869bda58b7b861d3673508f0e30ae87afc9ddeef6dad6de7b88b1d0ce002e53
1404-Q4,1404,4,سنگ,کیسه,400000,830000.0,560769.0,,Tehran city,table_10,19,data/raw/construction_costs/input_price_indices/sci_tehran_residential_building_input_prices/1404/sci_tehran_residential_building_input_prices_1404_q4.xlsx,b869bda58b7b861d3673508f0e30ae87afc9ddeef6dad6de7b88b1d0ce002e53
1404-Q4,1404,4,سنگ,مترمربع,9000000,12500000.0,10300000.0,,Tehran city,table_10,20,data/raw/construction_costs/input_price_indices/sci_tehran_residential_building_input_prices/1404/sci_tehran_residential_building_input_prices_1404_q4.xlsx,b869bda58b7b861d3673508f0e30ae87afc9ddeef6dad6de7b88b1d0ce002e53
1404-Q4,1404,4,سنگ,مترمربع,8500000,14000000.0,10746154.0,,Tehran city,table_10,21,data/raw/construction_costs/input_price_indices/sci_tehran_residential_building_input_prices/1404/sci_tehran_residential_building_input_prices_1404_q4.xlsx,b869bda58b7b861d3673508f0e30ae87afc9ddeef6dad6de7b88b1d0ce002e53
1404-Q4,1404,4,سنگ,مترمربع,8000000,12000000.0,9290000.0,,Tehran city,table_10,22,data/raw/construction_costs/input_price_indices/sci_tehran_residential_building_input_prices/1404/sci_tehran_residential_building_input_prices_1404_q4.xlsx,b869bda58b7b861d3673508f0e30ae87afc9ddeef6dad6de7b88b1d0ce002e53
1404-Q4,1404,4,آهن الات و میلگرد,کیلوگرم,670000,1075000.0,785169.0,,Tehran city,table_11,4,data/raw/construction_costs/input_price_indices/sci_tehran_residential_building_input_prices/1404/sci_tehran_residential_building_input_prices_1404_q4.xlsx,b869bda58b7b861d3673508f0e30ae87afc9ddeef6dad6de7b88b1d0ce002e53
1404-Q4,1404,4,آهن الات و میلگرد,کیلوگرم,670000,1100000.0,807591.0,,Tehran city,table_11,5,data/raw/construction_costs/input_price_indices/sci_tehran_residential_building_input_prices/1404/sci_tehran_residential_building_input_prices_1404_q4.xlsx,b869bda58b7b861d3673508f0e30ae87afc9ddeef6dad6de7b88b1d0ce002e53
1404-Q4,1404,4,آهن الات و میلگرد,کیلوگرم,589000,1250000.0,921077.0,,Tehran city,table_11,6,data/raw/construction_costs/input_price_indices/sci_tehran_residential_building_input_prices/1404/sci_tehran_residential_building_input_prices_1404_q4.xlsx,b869bda58b7b861d3673508f0e30ae87afc9ddeef6dad6de7b88b1d0ce002e53
1404-Q4,1404,4,آهن الات و میلگرد,کیلوگرم,669000,950000.0,863000.0,,Tehran city,table_11,7,data/raw/construction_costs/input_price_indices/sci_tehran_residential_building_input_prices/1404/sci_tehran_residential_building_input_prices_1404_q4.xlsx,b869bda58b7b861d3673508f0e30ae87afc9ddeef6dad6de7b88b1d0ce002e53
1404-Q4,1404,4,آهن الات و میلگرد,کیلوگرم,610000,680000.0,652644.0,,Tehran city,table_11,8,data/raw/construction_costs/input_price_indices/sci_tehran_residential_building_input_prices/1404/sci_tehran_residential_building_input_prices_1404_q4.xlsx,b869bda58b7b861d3673508f0e30ae87afc9ddeef6dad6de7b88b1d0ce002e53
1404-Q4,1404,4,آهن الات و میلگرد,کیلوگرم,610000,680000.0,648835.0,,Tehran city,table_11,9,data/raw/construction_costs/input_price_indices/sci_tehran_residential_building_input_prices/1404/sci_tehran_residential_building_input_prices_1404_q4.xlsx,b869bda58b7b861d3673508f0e30ae87afc9ddeef6dad6de7b88b1d0ce002e53
1404-Q4,1404,4,آهن الات و میلگرد,کیلوگرم,599700,688000.0,639857.0,,Tehran city,table_11,10,data/raw/construction_costs/input_price_indices/sci_tehran_residential_building_input_prices/1404/sci_tehran_residential_building_input_prices_1404_q4.xlsx,b869bda58b7b861d3673508f0e30ae87afc9ddeef6dad6de7b88b1d0ce002e53
1404-Q4,1404,4,آهن الات و میلگرد,کیلوگرم,599700,897000.0,658315.0,,Tehran city,table_11,11,data/raw/construction_costs/input_price_indices/sci_tehran_residential_building_input_prices/1404/sci_tehran_residential_building_input_prices_1404_q4.xlsx,b869bda58b7b861d3673508f0e30ae87afc9ddeef6dad6de7b88b1d0ce002e53
1404-Q4,1404,4,آهن الات و میلگرد,کیلوگرم,599700,695300.0,635495.0,,Tehran city,table_11,12,data/raw/construction_costs/input_price_indices/sci_tehran_residential_building_input_prices/1404/sci_tehran_residential_building_input_prices_1404_q4.xlsx,b869bda58b7b861d3673508f0e30ae87afc9ddeef6dad6de7b88b1d0ce002e53
1404-Q4,1404,4,آهن الات و میلگرد,کیلوگرم,599700,675000.0,636912.0,,Tehran city,table_11,13,data/raw/construction_costs/input_price_indices/sci_tehran_residential_building_input_prices/1404/sci_tehran_residential_building_input_prices_1404_q4.xlsx,b869bda58b7b861d3673508f0e30ae87afc9ddeef6dad6de7b88b1d0ce002e53
1404-Q4,1404,4,آهن الات و میلگرد,کیلوگرم,599700,675000.0,632055.0,,Tehran city,table_11,14,data/raw/construction_costs/input_price_indices/sci_tehran_residential_building_input_prices/1404/sci_tehran_residential_building_input_prices_1404_q4.xlsx,b869bda58b7b861d3673508f0e30ae87afc9ddeef6dad6de7b88b1d0ce002e53
1404-Q4,1404,4,آهن الات و میلگرد,کیلوگرم,910000,917430.0,915372.0,,Tehran city,table_11,15,data/raw/construction_costs/input_price_indices/sci_tehran_residential_building_input_prices/1404/sci_tehran_residential_building_input_prices_1404_q4.xlsx,b869bda58b7b861d3673508f0e30ae87afc9ddeef6dad6de7b88b1d0ce002e53
1404-Q4,1404,4,آهن الات و میلگرد,کیلوگرم,911270,950000.0,924659.0,,Tehran city,table_11,16,data/raw/construction_costs/input_price_indices/sci_tehran_residential_building_input_prices/1404/sci_tehran_residential_building_input_prices_1404_q4.xlsx,b869bda58b7b861d3673508f0e30ae87afc9ddeef6dad6de7b88b1d0ce002e53
1404-Q4,1404,4,آهن الات و میلگرد,کیلوگرم,913100,920000.0,916759.0,,Tehran city,table_11,17,data/raw/construction_costs/input_price_indices/sci_tehran_residential_building_input_prices/1404/sci_tehran_residential_building_input_prices_1404_q4.xlsx,b869bda58b7b861d3673508f0e30ae87afc9ddeef6dad6de7b88b1d0ce002e53
1404-Q4,1404,4,آهن الات و میلگرد,کیلوگرم,911560,933660.0,921484.0,,Tehran city,table_11,18,data/raw/construction_costs/input_price_indices/sci_tehran_residential_building_input_prices/1404/sci_tehran_residential_building_input_prices_1404_q4.xlsx,b869bda58b7b861d3673508f0e30ae87afc9ddeef6dad6de7b88b1d0ce002e53
1404-Q4,1404,4,آهن الات و میلگرد,کیلوگرم,958000,985380.0,975020.0,,Tehran city,table_11,19,data/raw/construction_costs/input_price_indices/sci_tehran_residential_building_input_prices/1404/sci_tehran_residential_building_input_prices_1404_q4.xlsx,b869bda58b7b861d3673508f0e30ae87afc9ddeef6dad6de7b88b1d0ce002e53
1404-Q4,1404,4,آهن الات و میلگرد,کیلوگرم,1054000,1106740.0,1077239.0,,Tehran city,table_11,20,data/raw/construction_costs/input_price_indices/sci_tehran_residential_building_input_prices/1404/sci_tehran_residential_building_input_prices_1404_q4.xlsx,b869bda58b7b861d3673508f0e30ae87afc9ddeef6dad6de7b88b1d0ce002e53
1404-Q4,1404,4,آهن الات و میلگرد,کیلوگرم,890900,1120130.0,947138.0,,Tehran city,table_11,21,data/raw/construction_costs/input_price_indices/sci_tehran_residential_building_input_prices/1404/sci_tehran_residential_building_input_prices_1404_q4.xlsx,b869bda58b7b861d3673508f0e30ae87afc9ddeef6dad6de7b88b1d0ce002e53
1404-Q4,1404,4,آهن الات و میلگرد,کیلوگرم,889700,922850.0,904940.0,,Tehran city,table_11,22,data/raw/construction_costs/input_price_indices/sci_tehran_residential_building_input_prices/1404/sci_tehran_residential_building_input_prices_1404_q4.xlsx,b869bda58b7b861d3673508f0e30ae87afc9ddeef6dad6de7b88b1d0ce002e53
1404-Q4,1404,4,آهن الات و میلگرد,کیلوگرم,×,,,,Tehran city,table_11,23,data/raw/construction_costs/input_price_indices/sci_tehran_residential_building_input_prices/1404/sci_tehran_residential_building_input_prices_1404_q4.xlsx,b869bda58b7b861d3673508f0e30ae87afc9ddeef6dad6de7b88b1d0ce002e53
1404-Q4,1404,4,آهن الات و میلگرد,کیلوگرم,1356000,1926610.0,1644585.0,,Tehran city,table_11,24,data/raw/construction_costs/input_price_indices/sci_tehran_residential_building_input_prices/1404/sci_tehran_residential_building_input_prices_1404_q4.xlsx,b869bda58b7b861d3673508f0e30ae87afc9ddeef6dad6de7b88b1d0ce002e53
1404-Q4,1404,4,آهن الات و میلگرد,کیلوگرم,1361000,1976000.0,1756864.0,,Tehran city,table_11,25,data/raw/construction_costs/input_price_indices/sci_tehran_residential_building_input_prices/1404/sci_tehran_residential_building_input_prices_1404_q4.xlsx,b869bda58b7b861d3673508f0e30ae87afc9ddeef6dad6de7b88b1d0ce002e53
1404-Q4,1404,4,آهن الات و میلگرد,کیلوگرم,669000,830000.0,735886.0,,Tehran city,table_11,26,data/raw/construction_costs/input_price_indices/sci_tehran_residential_building_input_prices/1404/sci_tehran_residential_building_input_prices_1404_q4.xlsx,b869bda58b7b861d3673508f0e30ae87afc9ddeef6dad6de7b88b1d0ce002e53
1404-Q4,1404,4,آهن الات و میلگرد,کیلوگرم,663000,830000.0,724864.0,,Tehran city,table_11,27,data/raw/construction_costs/input_price_indices/sci_tehran_residential_building_input_prices/1404/sci_tehran_residential_building_input_prices_1404_q4.xlsx,b869bda58b7b861d3673508f0e30ae87afc9ddeef6dad6de7b88b1d0ce002e53
1404-Q4,1404,4,آهن الات و میلگرد,کیلوگرم,476900,950000.0,636933.0,,Tehran city,table_11,28,data/raw/construction_costs/input_price_indices/sci_tehran_residential_building_input_prices/1404/sci_tehran_residential_building_input_prices_1404_q4.xlsx,b869bda58b7b861d3673508f0e30ae87afc9ddeef6dad6de7b88b1d0ce002e53
1404-Q4,1404,4,آهن الات و میلگرد,کیلوگرم,690000,1075000.0,765533.0,,Tehran city,table_11,29,data/raw/construction_costs/input_price_indices/sci_tehran_residential_building_input_prices/1404/sci_tehran_residential_building_input_prices_1404_q4.xlsx,b869bda58b7b861d3673508f0e30ae87afc9ddeef6dad6de7b88b1d0ce002e53
1404-Q4,1404,4,آهن الات و میلگرد,کیلوگرم,1600000,1950000.0,1818919.0,,Tehran city,table_11,30,data/raw/construction_costs/input_price_indices/sci_tehran_residential_building_input_prices/1404/sci_tehran_residential_building_input_prices_1404_q4.xlsx,b869bda58b7b861d3673508f0e30ae87afc9ddeef6dad6de7b88b1d0ce002e53
1404-Q4,1404,4,آهن الات و میلگرد,کیلوگرم,1720000,2150000.0,1911429.0,,Tehran city,table_11,31,data/raw/construction_costs/input_price_indices/sci_tehran_residential_building_input_prices/1404/sci_tehran_residential_building_input_prices_1404_q4.xlsx,b869bda58b7b861d3673508f0e30ae87afc9ddeef6dad6de7b88b1d0ce002e53
1404-Q4,1404,4,آهن الات و میلگرد,کیلوگرم,1890000,2150000.0,2003571.0,,Tehran city,table_11,32,data/raw/construction_costs/input_price_indices/sci_tehran_residential_building_input_prices/1404/sci_tehran_residential_building_input_prices_1404_q4.xlsx,b869bda58b7b861d3673508f0e30ae87afc9ddeef6dad6de7b88b1d0ce002e53
1404-Q4,1404,4,آهن الات و میلگرد,کیلوگرم,1720000,2100000.0,1966429.0,,Tehran city,table_11,33,data/raw/construction_costs/input_price_indices/sci_tehran_residential_building_input_prices/1404/sci_tehran_residential_building_input_prices_1404_q4.xlsx,b869bda58b7b861d3673508f0e30ae87afc9ddeef6dad6de7b88b1d0ce002e53
1404-Q4,1404,4,ورق های فلزی,کیلوگرم,1180000,1450000.0,1304286.0,,Tehran city,table_12,4,data/raw/construction_costs/input_price_indices/sci_tehran_residential_building_input_prices/1404/sci_tehran_residential_building_input_prices_1404_q4.xlsx,b869bda58b7b861d3673508f0e30ae87afc9ddeef6dad6de7b88b1d0ce002e53
1404-Q4,1404,4,ورق های فلزی,کیلوگرم,×,,,,Tehran city,table_12,5,data/raw/construction_costs/input_price_indices/sci_tehran_residential_building_input_prices/1404/sci_tehran_residential_building_input_prices_1404_q4.xlsx,b869bda58b7b861d3673508f0e30ae87afc9ddeef6dad6de7b88b1d0ce002e53
1404-Q4,1404,4,ورق های فلزی,کیلوگرم,23000000,37700000.0,34600000.0,,Tehran city,table_12,6,data/raw/construction_costs/input_price_indices/sci_tehran_residential_building_input_prices/1404/sci_tehran_residential_building_input_prices_1404_q4.xlsx,b869bda58b7b861d3673508f0e30ae87afc9ddeef6dad6de7b88b1d0ce002e53
1404-Q4,1404,4,ورق های فلزی,کیلوگرم,×,,,,Tehran city,table_12,7,data/raw/construction_costs/input_price_indices/sci_tehran_residential_building_input_prices/1404/sci_tehran_residential_building_input_prices_1404_q4.xlsx,b869bda58b7b861d3673508f0e30ae87afc9ddeef6dad6de7b88b1d0ce002e53
1404-Q4,1404,4,گونی چتایی,یارد,1400000,2800000.0,1934483.0,,Tehran city,table_13,4,data/raw/construction_costs/input_price_indices/sci_tehran_residential_building_input_prices/1404/sci_tehran_residential_building_input_prices_1404_q4.xlsx,b869bda58b7b861d3673508f0e30ae87afc9ddeef6dad6de7b88b1d0ce002e53
1404-Q4,1404,4,محصولات پلاستیکی پوشش کف و دیوار,مترمربع,5200000,9000000.0,7387500.0,,Tehran city,table_14,4,data/raw/construction_costs/input_price_indices/sci_tehran_residential_building_input_prices/1404/sci_tehran_residential_building_input_prices_1404_q4.xlsx,b869bda58b7b861d3673508f0e30ae87afc9ddeef6dad6de7b88b1d0ce002e53
1404-Q4,1404,4,محصولات پلاستیکی پوشش کف و دیوار,مترمربع,5900000,12500000.0,7465385.0,,Tehran city,table_14,5,data/raw/construction_costs/input_price_indices/sci_tehran_residential_building_input_prices/1404/sci_tehran_residential_building_input_prices_1404_q4.xlsx,b869bda58b7b861d3673508f0e30ae87afc9ddeef6dad6de7b88b1d0ce002e53
1404-Q4,1404,4,محصولات پلاستیکی پوشش کف و دیوار,مترمربع,6100000,11000000.0,7492308.0,,Tehran city,table_14,6,data/raw/construction_costs/input_price_indices/sci_tehran_residential_building_input_prices/1404/sci_tehran_residential_building_input_prices_1404_q4.xlsx,b869bda58b7b861d3673508f0e30ae87afc9ddeef6dad6de7b88b1d0ce002e53
1404-Q4,1404,4,مصالح پلاستیکی و لاستیکی,ورق,×,,,,Tehran city,table_15,4,data/raw/construction_costs/input_price_indices/sci_tehran_residential_building_input_prices/1404/sci_tehran_residential_building_input_prices_1404_q4.xlsx,b869bda58b7b861d3673508f0e30ae87afc9ddeef6dad6de7b88b1d0ce002e53
1404-Q4,1404,4,مصالح پلاستیکی و لاستیکی,مترمربع,5200000,6100000.0,5589286.0,,Tehran city,table_15,5,data/raw/construction_costs/input_price_indices/sci_tehran_residential_building_input_prices/1404/sci_tehran_residential_building_input_prices_1404_q4.xlsx,b869bda58b7b861d3673508f0e30ae87afc9ddeef6dad6de7b88b1d0ce002e53
1404-Q4,1404,4,مصالح پلاستیکی و لاستیکی,مترمربع,5300000,6000000.0,5582143.0,,Tehran city,table_15,6,data/raw/construction_costs/input_price_indices/sci_tehran_residential_building_input_prices/1404/sci_tehran_residential_building_input_prices_1404_q4.xlsx,b869bda58b7b861d3673508f0e30ae87afc9ddeef6dad6de7b88b1d0ce002e53
1404-Q4,1404,4,مصالح پلاستیکی و لاستیکی,ورق,50000000,112000000.0,79246429.0,,Tehran city,table_15,7,data/raw/construction_costs/input_price_indices/sci_tehran_residential_building_input_prices/1404/sci_tehran_residential_building_input_prices_1404_q4.xlsx,b869bda58b7b861d3673508f0e30ae87afc9ddeef6dad6de7b88b1d0ce002e53
1404-Q4,1404,4,چوب,ورق,61000000,87000000.0,69357143.0,,Tehran city,table_16,4,data/raw/construction_costs/input_price_indices/sci_tehran_residential_building_input_prices/1404/sci_tehran_residential_building_input_prices_1404_q4.xlsx,b869bda58b7b861d3673508f0e30ae87afc9ddeef6dad6de7b88b1d0ce002e53
1404-Q4,1404,4,چوب,ورق,60000000,100000000.0,74128571.0,,Tehran city,table_16,5,data/raw/construction_costs/input_price_indices/sci_tehran_residential_building_input_prices/1404/sci_tehran_residential_building_input_prices_1404_q4.xlsx,b869bda58b7b861d3673508f0e30ae87afc9ddeef6dad6de7b88b1d0ce002e53
1404-Q4,1404,4,چوب,ورق,81000000,130000000.0,99592857.0,,Tehran city,table_16,6,data/raw/construction_costs/input_price_indices/sci_tehran_residential_building_input_prices/1404/sci_tehran_residential_building_input_prices_1404_q4.xlsx,b869bda58b7b861d3673508f0e30ae87afc9ddeef6dad6de7b88b1d0ce002e53
1404-Q4,1404,4,چوب,ورق,63900000,107000000.0,91492857.0,,Tehran city,table_16,7,data/raw/construction_costs/input_price_indices/sci_tehran_residential_building_input_prices/1404/sci_tehran_residential_building_input_prices_1404_q4.xlsx,b869bda58b7b861d3673508f0e30ae87afc9ddeef6dad6de7b88b1d0ce002e53
1404-Q4,1404,4,چوب,ورق,88000000,125000000.0,101800000.0,,Tehran city,table_16,8,data/raw/construction_costs/input_price_indices/sci_tehran_residential_building_input_prices/1404/sci_tehran_residential_building_input_prices_1404_q4.xlsx,b869bda58b7b861d3673508f0e30ae87afc9ddeef6dad6de7b88b1d0ce002e53
1404-Q4,1404,4,چوب,ورق,81000000,120000000.0,96200000.0,,Tehran city,table_16,9,data/raw/construction_costs/input_price_indices/sci_tehran_residential_building_input_prices/1404/sci_tehran_residential_building_input_prices_1404_q4.xlsx,b869bda58b7b861d3673508f0e30ae87afc9ddeef6dad6de7b88b1d0ce002e53
1404-Q4,1404,4,چوب,مترمربع,9100000,21000000.0,16469231.0,,Tehran city,table_16,10,data/raw/construction_costs/input_price_indices/sci_tehran_residential_building_input_prices/1404/sci_tehran_residential_building_input_prices_1404_q4.xlsx,b869bda58b7b861d3673508f0e30ae87afc9ddeef6dad6de7b88b1d0ce002e53
1404-Q4,1404,4,چوب,مترمربع,8900000,18000000.0,14658333.0,,Tehran city,table_16,11,data/raw/construction_costs/input_price_indices/sci_tehran_residential_building_input_prices/1404/sci_tehran_residential_building_input_prices_1404_q4.xlsx,b869bda58b7b861d3673508f0e30ae87afc9ddeef6dad6de7b88b1d0ce002e53
1404-Q4,1404,4,چوب,لنگه,45000000,219000000.0,64308824.0,,Tehran city,table_16,12,data/raw/construction_costs/input_price_indices/sci_tehran_residential_building_input_prices/1404/sci_tehran_residential_building_input_prices_1404_q4.xlsx,b869bda58b7b861d3673508f0e30ae87afc9ddeef6dad6de7b88b1d0ce002e53
1404-Q4,1404,4,چوب,شاخه,80000000,98000000.0,91978571.0,,Tehran city,table_16,13,data/raw/construction_costs/input_price_indices/sci_tehran_residential_building_input_prices/1404/sci_tehran_residential_building_input_prices_1404_q4.xlsx,b869bda58b7b861d3673508f0e30ae87afc9ddeef6dad6de7b88b1d0ce002e53
1404-Q4,1404,4,چوب,شاخه,79000000,96000000.0,90542857.0,,Tehran city,table_16,14,data/raw/construction_costs/input_price_indices/sci_tehran_residential_building_input_prices/1404/sci_tehran_residential_building_input_prices_1404_q4.xlsx,b869bda58b7b861d3673508f0e30ae87afc9ddeef6dad6de7b88b1d0ce002e53
1404-Q4,1404,4,چوب,شاخه,71000000,95000000.0,85607143.0,,Tehran city,table_16,15,data/raw/construction_costs/input_price_indices/sci_tehran_residential_building_input_prices/1404/sci_tehran_residential_building_input_prices_1404_q4.xlsx,b869bda58b7b861d3673508f0e30ae87afc9ddeef6dad6de7b88b1d0ce002e53
1404-Q4,1404,4,چوب,شاخه,69000000,94500000.0,80521429.0,,Tehran city,table_16,16,data/raw/construction_costs/input_price_indices/sci_tehran_residential_building_input_prices/1404/sci_tehran_residential_building_input_prices_1404_q4.xlsx,b869bda58b7b861d3673508f0e30ae87afc9ddeef6dad6de7b88b1d0ce002e53
1404-Q4,1404,4,تأسیسات مکانیکی,کیلوگرم,4400000,6900000.0,5282308.0,,Tehran city,table_17,4,data/raw/construction_costs/input_price_indices/sci_tehran_residential_building_input_prices/1404/sci_tehran_residential_building_input_prices_1404_q4.xlsx,b869bda58b7b861d3673508f0e30ae87afc9ddeef6dad6de7b88b1d0ce002e53
1404-Q4,1404,4,تأسیسات مکانیکی,کیلوگرم,6000000,8200000.0,6975000.0,,Tehran city,table_17,5,data/raw/construction_costs/input_price_indices/sci_tehran_residential_building_input_prices/1404/sci_tehran_residential_building_input_prices_1404_q4.xlsx,b869bda58b7b861d3673508f0e30ae87afc9ddeef6dad6de7b88b1d0ce002e53
1404-Q4,1404,4,تأسیسات مکانیکی,شاخه 6 متری,15500000,42000000.0,30895000.0,,Tehran city,table_17,6,data/raw/construction_costs/input_price_indices/sci_tehran_residential_building_input_prices/1404/sci_tehran_residential_building_input_prices_1404_q4.xlsx,b869bda58b7b861d3673508f0e30ae87afc9ddeef6dad6de7b88b1d0ce002e53
1404-Q4,1404,4,تأسیسات مکانیکی,شاخه 6 متری,17300000,27000000.0,22732353.0,,Tehran city,table_17,7,data/raw/construction_costs/input_price_indices/sci_tehran_residential_building_input_prices/1404/sci_tehran_residential_building_input_prices_1404_q4.xlsx,b869bda58b7b861d3673508f0e30ae87afc9ddeef6dad6de7b88b1d0ce002e53
1404-Q4,1404,4,تأسیسات مکانیکی,شاخه 6 متری,11000000,19700000.0,14633333.0,,Tehran city,table_17,8,data/raw/construction_costs/input_price_indices/sci_tehran_residential_building_input_prices/1404/sci_tehran_residential_building_input_prices_1404_q4.xlsx,b869bda58b7b861d3673508f0e30ae87afc9ddeef6dad6de7b88b1d0ce002e53
1404-Q4,1404,4,تأسیسات مکانیکی,شاخه 6 متری,14000000,26000000.0,20921212.0,,Tehran city,table_17,9,data/raw/construction_costs/input_price_indices/sci_tehran_residential_building_input_prices/1404/sci_tehran_residential_building_input_prices_1404_q4.xlsx,b869bda58b7b861d3673508f0e30ae87afc9ddeef6dad6de7b88b1d0ce002e53
1404-Q4,1404,4,تأسیسات مکانیکی,متر,1072940,1350000.0,1244264.0,,Tehran city,table_17,10,data/raw/construction_costs/input_price_indices/sci_tehran_residential_building_input_prices/1404/sci_tehran_residential_building_input_prices_1404_q4.xlsx,b869bda58b7b861d3673508f0e30ae87afc9ddeef6dad6de7b88b1d0ce002e53
1404-Q4,1404,4,تأسیسات مکانیکی,متر,1661330,2150000.0,1949046.0,,Tehran city,table_17,11,data/raw/construction_costs/input_price_indices/sci_tehran_residential_building_input_prices/1404/sci_tehran_residential_building_input_prices_1404_q4.xlsx,b869bda58b7b861d3673508f0e30ae87afc9ddeef6dad6de7b88b1d0ce002e53
1404-Q4,1404,4,تأسیسات مکانیکی,متر,3236530,3920000.0,3625189.0,,Tehran city,table_17,12,data/raw/construction_costs/input_price_indices/sci_tehran_residential_building_input_prices/1404/sci_tehran_residential_building_input_prices_1404_q4.xlsx,b869bda58b7b861d3673508f0e30ae87afc9ddeef6dad6de7b88b1d0ce002e53
1404-Q4,1404,4,تأسیسات مکانیکی,دستگاه,240000000,560000000.0,358307692.0,,Tehran city,table_17,13,data/raw/construction_costs/input_price_indices/sci_tehran_residential_building_input_prices/1404/sci_tehran_residential_building_input_prices_1404_q4.xlsx,b869bda58b7b861d3673508f0e30ae87afc9ddeef6dad6de7b88b1d0ce002e53
1404-Q4,1404,4,تأسیسات مکانیکی,دستگاه,150000000,258000000.0,219870968.0,,Tehran city,table_17,14,data/raw/construction_costs/input_price_indices/sci_tehran_residential_building_input_prices/1404/sci_tehran_residential_building_input_prices_1404_q4.xlsx,b869bda58b7b861d3673508f0e30ae87afc9ddeef6dad6de7b88b1d0ce002e53
1404-Q4,1404,4,تأسیسات مکانیکی,پره,5450000,10700000.0,7958182.0,,Tehran city,table_17,15,data/raw/construction_costs/input_price_indices/sci_tehran_residential_building_input_prices/1404/sci_tehran_residential_building_input_prices_1404_q4.xlsx,b869bda58b7b861d3673508f0e30ae87afc9ddeef6dad6de7b88b1d0ce002e53
1404-Q4,1404,4,تأسیسات مکانیکی,دستگاه,290000000,495000000.0,404468750.0,,Tehran city,table_17,16,data/raw/construction_costs/input_price_indices/sci_tehran_residential_building_input_prices/1404/sci_tehran_residential_building_input_prices_1404_q4.xlsx,b869bda58b7b861d3673508f0e30ae87afc9ddeef6dad6de7b88b1d0ce002e53
1404-Q4,1404,4,یراق آلات,12کیلوگرم,7900000,31000000.0,18637037.0,,Tehran city,table_18,4,data/raw/construction_costs/input_price_indices/sci_tehran_residential_building_input_prices/1404/sci_tehran_residential_building_input_prices_1404_q4.xlsx,b869bda58b7b861d3673508f0e30ae87afc9ddeef6dad6de7b88b1d0ce002e53
1404-Q4,1404,4,یراق آلات,12کیلوگرم,6500000,27000000.0,13391034.0,,Tehran city,table_18,5,data/raw/construction_costs/input_price_indices/sci_tehran_residential_building_input_prices/1404/sci_tehran_residential_building_input_prices_1404_q4.xlsx,b869bda58b7b861d3673508f0e30ae87afc9ddeef6dad6de7b88b1d0ce002e53
1404-Q4,1404,4,یراق آلات,4کیلوگرم,5500000,20000000.0,9467857.0,,Tehran city,table_18,6,data/raw/construction_costs/input_price_indices/sci_tehran_residential_building_input_prices/1404/sci_tehran_residential_building_input_prices_1404_q4.xlsx,b869bda58b7b861d3673508f0e30ae87afc9ddeef6dad6de7b88b1d0ce002e53
1404-Q4,1404,4,یراق آلات,4کیلوگرم,7800000,23000000.0,13856429.0,,Tehran city,table_18,7,data/raw/construction_costs/input_price_indices/sci_tehran_residential_building_input_prices/1404/sci_tehran_residential_building_input_prices_1404_q4.xlsx,b869bda58b7b861d3673508f0e30ae87afc9ddeef6dad6de7b88b1d0ce002e53
1404-Q4,1404,4,یراق آلات,4کیلوگرم,8500000,24000000.0,12996296.0,,Tehran city,table_18,8,data/raw/construction_costs/input_price_indices/sci_tehran_residential_building_input_prices/1404/sci_tehran_residential_building_input_prices_1404_q4.xlsx,b869bda58b7b861d3673508f0e30ae87afc9ddeef6dad6de7b88b1d0ce002e53
1404-Q4,1404,4,یراق آلات,کیلوگرم,1350000,3500000.0,2534828.0,,Tehran city,table_18,9,data/raw/construction_costs/input_price_indices/sci_tehran_residential_building_input_prices/1404/sci_tehran_residential_building_input_prices_1404_q4.xlsx,b869bda58b7b861d3673508f0e30ae87afc9ddeef6dad6de7b88b1d0ce002e53
1404-Q4,1404,4,یراق آلات,کیلوگرم,×,,,,Tehran city,table_18,10,data/raw/construction_costs/input_price_indices/sci_tehran_residential_building_input_prices/1404/sci_tehran_residential_building_input_prices_1404_q4.xlsx,b869bda58b7b861d3673508f0e30ae87afc9ddeef6dad6de7b88b1d0ce002e53
1404-Q4,1404,4,یراق آلات,عدد,2500000,7500000.0,5654545.0,,Tehran city,table_18,11,data/raw/construction_costs/input_price_indices/sci_tehran_residential_building_input_prices/1404/sci_tehran_residential_building_input_prices_1404_q4.xlsx,b869bda58b7b861d3673508f0e30ae87afc9ddeef6dad6de7b88b1d0ce002e53
1404-Q4,1404,4,یراق آلات,عدد,5600000,39000000.0,15887879.0,,Tehran city,table_18,12,data/raw/construction_costs/input_price_indices/sci_tehran_residential_building_input_prices/1404/sci_tehran_residential_building_input_prices_1404_q4.xlsx,b869bda58b7b861d3673508f0e30ae87afc9ddeef6dad6de7b88b1d0ce002e53
1404-Q4,1404,4,ایزوگام,رول,17000000,26000000.0,21564286.0,,Tehran city,table_19,4,data/raw/construction_costs/input_price_indices/sci_tehran_residential_building_input_prices/1404/sci_tehran_residential_building_input_prices_1404_q4.xlsx,b869bda58b7b861d3673508f0e30ae87afc9ddeef6dad6de7b88b1d0ce002e53
1404-Q4,1404,4,شیشه,مترمربع,3500000,6400000.0,4209091.0,,Tehran city,table_20,4,data/raw/construction_costs/input_price_indices/sci_tehran_residential_building_input_prices/1404/sci_tehran_residential_building_input_prices_1404_q4.xlsx,b869bda58b7b861d3673508f0e30ae87afc9ddeef6dad6de7b88b1d0ce002e53
1404-Q4,1404,4,شیشه,مترمربع,4600000,8000000.0,5806061.0,,Tehran city,table_20,5,data/raw/construction_costs/input_price_indices/sci_tehran_residential_building_input_prices/1404/sci_tehran_residential_building_input_prices_1404_q4.xlsx,b869bda58b7b861d3673508f0e30ae87afc9ddeef6dad6de7b88b1d0ce002e53
