solar_hijri_period,solar_hijri_year,quarter,material_group_fa,item_fa,transaction_unit_fa,minimum_price_irr,maximum_price_irr,average_price_irr,minimum_missing_marker,maximum_missing_marker,average_missing_marker,source_sheet,source_file
1404-Q4,1404,4,خاک ، ماسه ،سیمان ،آجر،بلوک سفالی و لوله سیمانی,ما سه بادی,تن,5000000,6500000,5866667,,,,جدول8,sci_tehran_residential_building_input_indices_material_prices_1390_1404.xlsx
1404-Q4,1404,4,خاک ، ماسه ،سیمان ،آجر،بلوک سفالی و لوله سیمانی,ماسه طبیعی(ماسه کفی ),تن,4800000,8250000,6257692,,,,جدول8,sci_tehran_residential_building_input_indices_material_prices_1390_1404.xlsx
1404-Q4,1404,4,خاک ، ماسه ،سیمان ،آجر،بلوک سفالی و لوله سیمانی,ماسه شسته,تن,4000000,12500000,6596774,,,,جدول8,sci_tehran_residential_building_input_indices_material_prices_1390_1404.xlsx
1404-Q4,1404,4,خاک ، ماسه ،سیمان ،آجر،بلوک سفالی و لوله سیمانی,ماسه شسته دانه بندی شده,تن,5400000,8250000,6495455,,,,جدول8,sci_tehran_residential_building_input_indices_material_prices_1390_1404.xlsx
1404-Q4,1404,4,خاک ، ماسه ،سیمان ،آجر،بلوک سفالی و لوله سیمانی,شن طبیعی,تن,5000000,8000000,5980769,,,,جدول8,sci_tehran_residential_building_input_indices_material_prices_1390_1404.xlsx
1404-Q4,1404,4,خاک ، ماسه ،سیمان ،آجر،بلوک سفالی و لوله سیمانی,مخلوط شن وماسه رود خانه ای-توتان,تن,5000000,7500000,6027273,,,,جدول8,sci_tehran_residential_building_input_indices_material_prices_1390_1404.xlsx
1404-Q4,1404,4,خاک ، ماسه ،سیمان ،آجر،بلوک سفالی و لوله سیمانی,سنگ قلوه,تن,5000000,7000000,6128889,,,,جدول8,sci_tehran_residential_building_input_indices_material_prices_1390_1404.xlsx
1404-Q4,1404,4,خاک ، ماسه ،سیمان ،آجر،بلوک سفالی و لوله سیمانی,خاک رس,کیسه(20 الی30 کیلوگرم),250000,625000,387500,,,,جدول8,sci_tehran_residential_building_input_indices_material_prices_1390_1404.xlsx
1404-Q4,1404,4,خاک ، ماسه ،سیمان ،آجر،بلوک سفالی و لوله سیمانی,آجر فشاری,قالب,42000,70000,54083,,,,جدول8,sci_tehran_residential_building_input_indices_material_prices_1390_1404.xlsx
1404-Q4,1404,4,خاک ، ماسه ،سیمان ،آجر،بلوک سفالی و لوله سیمانی,اجرماشینی سوراخدارسفید 4سانتی,قالب,,,,×,×,×,جدول8,sci_tehran_residential_building_input_indices_material_prices_1390_1404.xlsx
1404-Q4,1404,4,خاک ، ماسه ،سیمان ،آجر،بلوک سفالی و لوله سیمانی,آجرماشینی سوراخدارسفید5/5 سانتی,قالب,45000,65000,53500,,,,جدول8,sci_tehran_residential_building_input_indices_material_prices_1390_1404.xlsx
1404-Q4,1404,4,خاک ، ماسه ،سیمان ،آجر،بلوک سفالی و لوله سیمانی,آجرماشینی سوراخدارقرمز5/5 سانتی,قالب,62000,110000,72727,,,,جدول8,sci_tehran_residential_building_input_indices_material_prices_1390_1404.xlsx
1404-Q4,1404,4,خاک ، ماسه ،سیمان ،آجر،بلوک سفالی و لوله سیمانی,آجر قزاقی 4 سانتی,قالب,90000,110000,101111,,,,جدول8,sci_tehran_residential_building_input_indices_material_prices_1390_1404.xlsx
1404-Q4,1404,4,خاک ، ماسه ،سیمان ،آجر،بلوک سفالی و لوله سیمانی,آجر قزاقی 5/5 سانتی,قالب,80000,110000,97308,,,,جدول8,sci_tehran_residential_building_input_indices_material_prices_1390_1404.xlsx
1404-Q4,1404,4,خاک ، ماسه ،سیمان ،آجر،بلوک سفالی و لوله سیمانی,گچ کیسه 30کیلویی,کیسه,780000,1260000,976552,,,,جدول8,sci_tehran_residential_building_input_indices_material_prices_1390_1404.xlsx
1404-Q4,1404,4,خاک ، ماسه ،سیمان ،آجر،بلوک سفالی و لوله سیمانی,سیمان پرتلند تیپ 2 و 50 کیلویی,کیسه,1650000,2800000,1975484,,,,جدول8,sci_tehran_residential_building_input_indices_material_prices_1390_1404.xlsx
1404-Q4,1404,4,خاک ، ماسه ،سیمان ،آجر،بلوک سفالی و لوله سیمانی,لوله سیمانی معمولی نمره 10- درجه یک,شاخه,3200000,4800000,4055556,,,,جدول8,sci_tehran_residential_building_input_indices_material_prices_1390_1404.xlsx
1404-Q4,1404,4,خاک ، ماسه ،سیمان ،آجر،بلوک سفالی و لوله سیمانی,لوله سیمانی معمولی نمره 15- درجه یک,شاخه,3800000,5500000,4922222,,,,جدول8,sci_tehran_residential_building_input_indices_material_prices_1390_1404.xlsx
1404-Q4,1404,4,خاک ، ماسه ،سیمان ،آجر،بلوک سفالی و لوله سیمانی,بتن آماده با عیار 200کیلوگرم درمترمکعب,مترمکعب,18500000,26500000,23408333,,,,جدول8,sci_tehran_residential_building_input_indices_material_prices_1390_1404.xlsx
1404-Q4,1404,4,خاک ، ماسه ،سیمان ،آجر،بلوک سفالی و لوله سیمانی,بتن آماده با عیار 300کیلوگرم درمترمکعب,مترمکعب,23500000,28500000,26323077,,,,جدول8,sci_tehran_residential_building_input_indices_material_prices_1390_1404.xlsx
1404-Q4,1404,4,موزاییک,موزاییک سیمانی ساده به ابعاد 30×30,مترمربع,1600000,4000000,2500000,,,,جدول 9,sci_tehran_residential_building_input_indices_material_prices_1390_1404.xlsx
1404-Q4,1404,4,موزاییک,مو زاییک ایرانی با سنگ موزاییک معمولی30×30,مترمربع,1600000,4000000,2600000,,,,جدول 9,sci_tehran_residential_building_input_indices_material_prices_1390_1404.xlsx
1404-Q4,1404,4,موزاییک,مو زاییک ایرانی با سنگ موزاییک معمولی40×40,مترمربع,2200000,3500000,2794444,,,,جدول 9,sci_tehran_residential_building_input_indices_material_prices_1390_1404.xlsx
1404-Q4,1404,4,موزاییک,موزاییک فرنگی با خرده سنگ مر مر یا مرمر یت تا نمره 5 به ابعاد 30×30,مترمربع,2000000,4000000,2781818,,,,جدول 9,sci_tehran_residential_building_input_indices_material_prices_1390_1404.xlsx
1404-Q4,1404,4,موزاییک,موزاییک فرنگی با خرده سنگ مر مر یا مرمر یت تا نمره 5 به ابعاد 40×40,مترمربع,2000000,7000000,3450000,,,,جدول 9,sci_tehran_residential_building_input_indices_material_prices_1390_1404.xlsx
1404-Q4,1404,4,موزاییک,مو زاییک ایرانی آجداربرای فرش محوطه به ابعاد 30×30,مترمربع,1600000,5000000,2754545,,,,جدول 9,sci_tehran_residential_building_input_indices_material_prices_1390_1404.xlsx
1404-Q4,1404,4,موزاییک,سرامیک کف سرویس بهداشتی سایز 30×30,مترمربع,3800000,7300000,5118519,,,,جدول 9,sci_tehran_residential_building_input_indices_material_prices_1390_1404.xlsx
1404-Q4,1404,4,موزاییک,سرامیک کف سرویس بهداشتی سایز 25×25,مترمربع,,,,×,×,×,جدول 9,sci_tehran_residential_building_input_indices_material_prices_1390_1404.xlsx
1404-Q4,1404,4,موزاییک,سرامیک کف اتاق سایز60×60,مترمربع,2900000,8000000,4633871,,,,جدول 9,sci_tehran_residential_building_input_indices_material_prices_1390_1404.xlsx
1404-Q4,1404,4,موزاییک,کاشی دیوار سایز90×30,مترمربع,3500000,8800000,5200000,,,,جدول 9,sci_tehran_residential_building_input_indices_material_prices_1390_1404.xlsx
1404-Q4,1404,4,موزاییک,کاشی دیوار سایز60×30,مترمربع,2300000,6200000,3657143,,,,جدول 9,sci_tehran_residential_building_input_indices_material_prices_1390_1404.xlsx
1404-Q4,1404,4,سنگ,سنگ دوتیشه ریشه دار لاشتر,مترمربع,8000000,14500000,9892308,,,,جدول 10,sci_tehran_residential_building_input_indices_material_prices_1390_1404.xlsx
1404-Q4,1404,4,سنگ,سنگ پلاک صیقلی تراورتن سفید درجه یک,مترمربع,9200000,30000000,23053846,,,,جدول 10,sci_tehran_residential_building_input_indices_material_prices_1390_1404.xlsx
1404-Q4,1404,4,سنگ,سنگ پلاک تیشه ای کلنگی تراورتن سفید درجه یک,مترمربع,8000000,21000000,13355556,,,,جدول 10,sci_tehran_residential_building_input_indices_material_prices_1390_1404.xlsx
1404-Q4,1404,4,سنگ,سنگ پلاک صیقلی تراورتن گردویی آذر شهر,مترمربع,8000000,20000000,13300000,,,,جدول 10,sci_tehran_residential_building_input_indices_material_prices_1390_1404.xlsx
1404-Q4,1404,4,سنگ,سنگ پلاک صیقلی تراورتن قرمز آذر شهر,مترمربع,8000000,27500000,16357143,,,,جدول 10,sci_tehran_residential_building_input_indices_material_prices_1390_1404.xlsx
1404-Q4,1404,4,سنگ,سنگ پلاک دوتیشه سیاه لاشتراصفهان درجه یک,مترمربع,8000000,19000000,11835714,,,,جدول 10,sci_tehran_residential_building_input_indices_material_prices_1390_1404.xlsx
1404-Q4,1404,4,سنگ,سنگ پلاک صیقلی سیاه لاشتراصفهان درجه یک,مترمربع,9000000,20000000,13414286,,,,جدول 10,sci_tehran_residential_building_input_indices_material_prices_1390_1404.xlsx
1404-Q4,1404,4,سنگ,سنگ پلاک صیقلی سیاه نجف اباددرجه یک,مترمربع,8000000,12000000,10535714,,,,جدول 10,sci_tehran_residential_building_input_indices_material_prices_1390_1404.xlsx
1404-Q4,1404,4,سنگ,سنگ پلاک صیقلی مرمریت گوهرخرم آباد درجه یک,مترمربع,7000000,11000000,8753846,,,,جدول 10,sci_tehran_residential_building_input_indices_material_prices_1390_1404.xlsx
1404-Q4,1404,4,سنگ,سنگ پلاک صیقلی مرمریت اباده درجه یک,مترمربع,8000000,10200000,9053846,,,,جدول 10,sci_tehran_residential_building_input_indices_material_prices_1390_1404.xlsx
1404-Q4,1404,4,سنگ,نگ پلاک صیقلی مرمریت کرم یاصورتی کرمان درجه یک,مترمربع,7000000,13000000,9923077,,,,جدول 10,sci_tehran_residential_building_input_indices_material_prices_1390_1404.xlsx
1404-Q4,1404,4,سنگ,سنگ پلاک صیقلی چینی ابری لاپبید درجه یک,مترمربع,8000000,15000000,11900000,,,,جدول 10,sci_tehran_residential_building_input_indices_material_prices_1390_1404.xlsx
1404-Q4,1404,4,سنگ,سنگ پلاک صیقلی چینی سفید الیگودرز درجه یک,مترمربع,12000000,29000000,15833333,,,,جدول 10,sci_tehran_residential_building_input_indices_material_prices_1390_1404.xlsx
1404-Q4,1404,4,سنگ,سنگ پلاک صیقلی چینی سفید ازنا درجه یک,مترمربع,15000000,30000000,23500000,,,,جدول 10,sci_tehran_residential_building_input_indices_material_prices_1390_1404.xlsx
1404-Q4,1404,4,سنگ,سنگ پلاک صیقلی چینی سفید نی ریز درجه یک,مترمربع,9000000,26000000,15018182,,,,جدول 10,sci_tehran_residential_building_input_indices_material_prices_1390_1404.xlsx
1404-Q4,1404,4,سنگ,پودرسنگ معمولی(کیسه ای),کیسه,400000,830000,560769,,,,جدول 10,sci_tehran_residential_building_input_indices_material_prices_1390_1404.xlsx
1404-Q4,1404,4,سنگ,سنگ پلاک صیقلی مرمریت صورتی بجستان درجه یک,مترمربع,9000000,12500000,10300000,,,,جدول 10,sci_tehran_residential_building_input_indices_material_prices_1390_1404.xlsx
1404-Q4,1404,4,سنگ,سنگ پلاک صیقلی سمیرم درجه یک,مترمربع,8500000,14000000,10746154,,,,جدول 10,sci_tehran_residential_building_input_indices_material_prices_1390_1404.xlsx
1404-Q4,1404,4,سنگ,سنگ پلاک صیقلی گرانیت گل پنبه نطنز درجه یک,مترمربع,8000000,12000000,9290000,,,,جدول 10,sci_tehran_residential_building_input_indices_material_prices_1390_1404.xlsx
1404-Q4,1404,4,آهن الات و میلگرد,ناودانی نمره 16 وکمتر,کیلوگرم,670000,1075000,785169,,,,جدول 11,sci_tehran_residential_building_input_indices_material_prices_1390_1404.xlsx
1404-Q4,1404,4,آهن الات و میلگرد,ناودانی نمره 18 وبالاتر,کیلوگرم,670000,1100000,807591,,,,جدول 11,sci_tehran_residential_building_input_indices_material_prices_1390_1404.xlsx
1404-Q4,1404,4,آهن الات و میلگرد,شبکه جوشی مش فولادی با میلگرد ساده,کیلوگرم,589000,1250000,921077,,,,جدول 11,sci_tehran_residential_building_input_indices_material_prices_1390_1404.xlsx
1404-Q4,1404,4,آهن الات و میلگرد,مفتول سیاه,کیلوگرم,669000,950000,863000,,,,جدول 11,sci_tehran_residential_building_input_indices_material_prices_1390_1404.xlsx
1404-Q4,1404,4,آهن الات و میلگرد,میلگردساده نمره 18 وکمتر,کیلوگرم,610000,680000,652644,,,,جدول 11,sci_tehran_residential_building_input_indices_material_prices_1390_1404.xlsx
1404-Q4,1404,4,آهن الات و میلگرد,میلگردساده نمره 20 و بالاتر,کیلوگرم,610000,680000,648835,,,,جدول 11,sci_tehran_residential_building_input_indices_material_prices_1390_1404.xlsx
1404-Q4,1404,4,آهن الات و میلگرد,میلگردآجداره نمره 20 وبالاتر,کیلوگرم,599700,688000,639857,,,,جدول 11,sci_tehran_residential_building_input_indices_material_prices_1390_1404.xlsx
1404-Q4,1404,4,آهن الات و میلگرد,میلگرد آجدار نمره 12,کیلوگرم,599700,897000,658315,,,,جدول 11,sci_tehran_residential_building_input_indices_material_prices_1390_1404.xlsx
1404-Q4,1404,4,آهن الات و میلگرد,میلگرد اجدار نمره 10 و کمتر,کیلوگرم,599700,695300,635495,,,,جدول 11,sci_tehran_residential_building_input_indices_material_prices_1390_1404.xlsx
1404-Q4,1404,4,آهن الات و میلگرد,میلگرد آجدار نمره16,کیلوگرم,599700,675000,636912,,,,جدول 11,sci_tehran_residential_building_input_indices_material_prices_1390_1404.xlsx
1404-Q4,1404,4,آهن الات و میلگرد,میلگرد آجدار نمره18,کیلوگرم,599700,675000,632055,,,,جدول 11,sci_tehran_residential_building_input_indices_material_prices_1390_1404.xlsx
1404-Q4,1404,4,آهن الات و میلگرد,تیر آهن نمره 12,کیلوگرم,910000,917430,915372,,,,جدول 11,sci_tehran_residential_building_input_indices_material_prices_1390_1404.xlsx
1404-Q4,1404,4,آهن الات و میلگرد,تیر آهن نمره 14,کیلوگرم,911270,950000,924659,,,,جدول 11,sci_tehran_residential_building_input_indices_material_prices_1390_1404.xlsx
1404-Q4,1404,4,آهن الات و میلگرد,تیر آهن نمره 16,کیلوگرم,913100,920000,916759,,,,جدول 11,sci_tehran_residential_building_input_indices_material_prices_1390_1404.xlsx
1404-Q4,1404,4,آهن الات و میلگرد,تیر آهن نمره 18,کیلوگرم,911560,933660,921484,,,,جدول 11,sci_tehran_residential_building_input_indices_material_prices_1390_1404.xlsx
1404-Q4,1404,4,آهن الات و میلگرد,تیر آهن نمره 20,کیلوگرم,958000,985380,975020,,,,جدول 11,sci_tehran_residential_building_input_indices_material_prices_1390_1404.xlsx
1404-Q4,1404,4,آهن الات و میلگرد,تیر آهن نمره 22,کیلوگرم,1054000,1106740,1077239,,,,جدول 11,sci_tehran_residential_building_input_indices_material_prices_1390_1404.xlsx
1404-Q4,1404,4,آهن الات و میلگرد,تیر آهن نمره 24,کیلوگرم,890900,1120130,947138,,,,جدول 11,sci_tehran_residential_building_input_indices_material_prices_1390_1404.xlsx
1404-Q4,1404,4,آهن الات و میلگرد,تیر آهن نمره 30,کیلوگرم,889700,922850,904940,,,,جدول 11,sci_tehran_residential_building_input_indices_material_prices_1390_1404.xlsx
1404-Q4,1404,4,آهن الات و میلگرد,تیر آهن نمره 32,کیلوگرم,,,,×,×,×,جدول 11,sci_tehran_residential_building_input_indices_material_prices_1390_1404.xlsx
1404-Q4,1404,4,آهن الات و میلگرد,تیر آهن بال پهن نمره 10 تا 20,کیلوگرم,1356000,1926610,1644585,,,,جدول 11,sci_tehran_residential_building_input_indices_material_prices_1390_1404.xlsx
1404-Q4,1404,4,آهن الات و میلگرد,تیر آهن بال پهن نمره بالاتراز22,کیلوگرم,1361000,1976000,1756864,,,,جدول 11,sci_tehran_residential_building_input_indices_material_prices_1390_1404.xlsx
1404-Q4,1404,4,آهن الات و میلگرد,نبشی نمره 30الی60,کیلوگرم,669000,830000,735886,,,,جدول 11,sci_tehran_residential_building_input_indices_material_prices_1390_1404.xlsx
1404-Q4,1404,4,آهن الات و میلگرد,نبشی نمره 70 وبالاتر,کیلوگرم,663000,830000,724864,,,,جدول 11,sci_tehran_residential_building_input_indices_material_prices_1390_1404.xlsx
1404-Q4,1404,4,آهن الات و میلگرد,صفحه ستون,کیلوگرم,476900,950000,636933,,,,جدول 11,sci_tehran_residential_building_input_indices_material_prices_1390_1404.xlsx
1404-Q4,1404,4,آهن الات و میلگرد,انواع سپری,کیلوگرم,690000,1075000,765533,,,,جدول 11,sci_tehran_residential_building_input_indices_material_prices_1390_1404.xlsx
1404-Q4,1404,4,آهن الات و میلگرد,ورق گا لوانیزه صاف,کیلوگرم,1600000,1950000,1818919,,,,جدول 11,sci_tehran_residential_building_input_indices_material_prices_1390_1404.xlsx
1404-Q4,1404,4,آهن الات و میلگرد,ورق گالوانیزه کرکره‏ای,کیلوگرم,1720000,2150000,1911429,,,,جدول 11,sci_tehran_residential_building_input_indices_material_prices_1390_1404.xlsx
1404-Q4,1404,4,آهن الات و میلگرد,ورق گا لوانیزه آبی کورهای,کیلوگرم,1890000,2150000,2003571,,,,جدول 11,sci_tehran_residential_building_input_indices_material_prices_1390_1404.xlsx
1404-Q4,1404,4,آهن الات و میلگرد,ورق گا لوانیزه با موج ذوزنقه,کیلوگرم,1720000,2100000,1966429,,,,جدول 11,sci_tehran_residential_building_input_indices_material_prices_1390_1404.xlsx
1404-Q4,1404,4,ورق های فلزی,ورق سیاه به ضخامت بیش از 3میلی متر,کیلوگرم,1180000,1450000,1304286,,,,جدول 12,sci_tehran_residential_building_input_indices_material_prices_1390_1404.xlsx
1404-Q4,1404,4,ورق های فلزی,ورق استیل از نوع نگیر,کیلوگرم,,,,×,×,×,جدول 12,sci_tehran_residential_building_input_indices_material_prices_1390_1404.xlsx
1404-Q4,1404,4,ورق های فلزی,ورق مس,کیلوگرم,23000000,37700000,34600000,,,,جدول 12,sci_tehran_residential_building_input_indices_material_prices_1390_1404.xlsx
1404-Q4,1404,4,ورق های فلزی,ورق برنز,کیلوگرم,,,,×,×,×,جدول 12,sci_tehran_residential_building_input_indices_material_prices_1390_1404.xlsx
1404-Q4,1404,4,گونی چتایی,گونی چتایی9×45,یارد,1400000,2800000,1934483,,,,جدول 13,sci_tehran_residential_building_input_indices_material_prices_1390_1404.xlsx
1404-Q4,1404,4,محصولات پلاستیکی پوشش کف و دیوار,کفپوش پلاستیکی از نوع وینیل به ضخامت 1/5میلی متر به صورت تایل,مترمربع,5200000,9000000,7387500,,,,جدول 14,sci_tehran_residential_building_input_indices_material_prices_1390_1404.xlsx
1404-Q4,1404,4,محصولات پلاستیکی پوشش کف و دیوار,کفپوش pvc سایز15*90 به صورت تایل,مترمربع,5900000,12500000,7465385,,,,جدول 14,sci_tehran_residential_building_input_indices_material_prices_1390_1404.xlsx
1404-Q4,1404,4,محصولات پلاستیکی پوشش کف و دیوار,کفپوش pvc سایز120*20 به صورت تایل,مترمربع,6100000,11000000,7492308,,,,جدول 14,sci_tehran_residential_building_input_indices_material_prices_1390_1404.xlsx
1404-Q4,1404,4,مصالح پلاستیکی و لاستیکی,ورق بدون موج اکر یلیک به ضخامت حدود3میلی متر,ورق,,,,×,×,×,جدول 15,sci_tehran_residential_building_input_indices_material_prices_1390_1404.xlsx
1404-Q4,1404,4,مصالح پلاستیکی و لاستیکی,ورق فایبر گلاس ساده به ضخامت 1تا1/5میلی متر,مترمربع,5200000,6100000,5589286,,,,جدول 15,sci_tehran_residential_building_input_indices_material_prices_1390_1404.xlsx
1404-Q4,1404,4,مصالح پلاستیکی و لاستیکی,ورق فایبر گلاس موجدار به ضخامت 1تا 1/5میلی متر,مترمربع,5300000,6000000,5582143,,,,جدول 15,sci_tehran_residential_building_input_indices_material_prices_1390_1404.xlsx
1404-Q4,1404,4,مصالح پلاستیکی و لاستیکی,ورق بدن موج پلی استابرن به ضخامت 10 میلی متر,ورق,50000000,112000000,79246429,,,,جدول 15,sci_tehran_residential_building_input_indices_material_prices_1390_1404.xlsx
1404-Q4,1404,4,چوب,نئوپان ملامینه سفید به ضخامت 16 میلی متر درجه یک 3/66*1/83,ورق,61000000,87000000,69357143,,,,جدول 16,sci_tehran_residential_building_input_indices_material_prices_1390_1404.xlsx
1404-Q4,1404,4,چوب,نئوپان ملامینه رنگی به ضخامت 16 میلی متر درجه یک 3/66*1/84,ورق,60000000,100000000,74128571,,,,جدول 16,sci_tehran_residential_building_input_indices_material_prices_1390_1404.xlsx
1404-Q4,1404,4,چوب,ام دی اف ملامینه رنگی به ضخامت 16 میلیمتر,ورق,81000000,130000000,99592857,,,,جدول 16,sci_tehran_residential_building_input_indices_material_prices_1390_1404.xlsx
1404-Q4,1404,4,چوب,ام دی اف ملامینه سفید به ضخامت 16 میلیمتر,ورق,63900000,107000000,91492857,,,,جدول 16,sci_tehran_residential_building_input_indices_material_prices_1390_1404.xlsx
1404-Q4,1404,4,چوب,ام دی اف هایگلاس رنگی به ضخامت 16 میلیمتر,ورق,88000000,125000000,101800000,,,,جدول 16,sci_tehran_residential_building_input_indices_material_prices_1390_1404.xlsx
1404-Q4,1404,4,چوب,ام دی اف هایگلاس سفید به ضخامت 16 میلیمتر,ورق,81000000,120000000,96200000,,,,جدول 16,sci_tehran_residential_building_input_indices_material_prices_1390_1404.xlsx
1404-Q4,1404,4,چوب,پارکت 8 میل,مترمربع,9100000,21000000,16469231,,,,جدول 16,sci_tehran_residential_building_input_indices_material_prices_1390_1404.xlsx
1404-Q4,1404,4,چوب,لمینیت20 * 120,مترمربع,8900000,18000000,14658333,,,,جدول 16,sci_tehran_residential_building_input_indices_material_prices_1390_1404.xlsx
1404-Q4,1404,4,چوب,درب چوبی 110*210,لنگه,45000000,219000000,64308824,,,,جدول 16,sci_tehran_residential_building_input_indices_material_prices_1390_1404.xlsx
1404-Q4,1404,4,چوب,صفحه کابینت 5 سانت براق دولب سایز 60*4/10,شاخه,80000000,98000000,91978571,,,,جدول 16,sci_tehran_residential_building_input_indices_material_prices_1390_1404.xlsx
1404-Q4,1404,4,چوب,صفحه کابینت 5 سانت مات دولب سایز 60*4/11,شاخه,79000000,96000000,90542857,,,,جدول 16,sci_tehran_residential_building_input_indices_material_prices_1390_1404.xlsx
1404-Q4,1404,4,چوب,صفحه کابینت 3 سانت براق دولب سایز 60*4/10,شاخه,71000000,95000000,85607143,,,,جدول 16,sci_tehran_residential_building_input_indices_material_prices_1390_1404.xlsx
1404-Q4,1404,4,چوب,صفحه کابینت 3سانت مات دولب سایز 60*4/10,شاخه,69000000,94500000,80521429,,,,جدول 16,sci_tehran_residential_building_input_indices_material_prices_1390_1404.xlsx
1404-Q4,1404,4,تأسیسات مکانیکی,لوله استیل201 L,کیلوگرم,4400000,6900000,5282308,,,,جدول 17,sci_tehran_residential_building_input_indices_material_prices_1390_1404.xlsx
1404-Q4,1404,4,تأسیسات مکانیکی,لوله استیل304 L,کیلوگرم,6000000,8200000,6975000,,,,جدول 17,sci_tehran_residential_building_input_indices_material_prices_1390_1404.xlsx
1404-Q4,1404,4,تأسیسات مکانیکی,لوله گالوانیزه به قطر نامی یک اینچ,شاخه 6 متری,15500000,42000000,30895000,,,,جدول 17,sci_tehran_residential_building_input_indices_material_prices_1390_1404.xlsx
1404-Q4,1404,4,تأسیسات مکانیکی,لوله گالوانیزه آب سایز3/4,شاخه 6 متری,17300000,27000000,22732353,,,,جدول 17,sci_tehran_residential_building_input_indices_material_prices_1390_1404.xlsx
1404-Q4,1404,4,تأسیسات مکانیکی,لوله سیاه سایز1/2(گاز-شوفاژ),شاخه 6 متری,11000000,19700000,14633333,,,,جدول 17,sci_tehran_residential_building_input_indices_material_prices_1390_1404.xlsx
1404-Q4,1404,4,تأسیسات مکانیکی,لوله سیاه سایز3/4(گاز-شوفاژ),شاخه 6 متری,14000000,26000000,20921212,,,,جدول 17,sci_tehran_residential_building_input_indices_material_prices_1390_1404.xlsx
1404-Q4,1404,4,تأسیسات مکانیکی,لوله آبرسانی سایز 20(معروف به لوله سبز),متر,1072940,1350000,1244264,,,,جدول 17,sci_tehran_residential_building_input_indices_material_prices_1390_1404.xlsx
1404-Q4,1404,4,تأسیسات مکانیکی,لوله آبرسانی سایز 25(معروف به لوله سبز),متر,1661330,2150000,1949046,,,,جدول 17,sci_tehran_residential_building_input_indices_material_prices_1390_1404.xlsx
1404-Q4,1404,4,تأسیسات مکانیکی,لوله آبرسانی سایز 32(معروف به لوله سبز),متر,3236530,3920000,3625189,,,,جدول 17,sci_tehran_residential_building_input_indices_material_prices_1390_1404.xlsx
1404-Q4,1404,4,تأسیسات مکانیکی,آبگرم کن ایستاده,دستگاه,240000000,560000000,358307692,,,,جدول 17,sci_tehran_residential_building_input_indices_material_prices_1390_1404.xlsx
1404-Q4,1404,4,تأسیسات مکانیکی,آبگرم کن دیواری,دستگاه,150000000,258000000,219870968,,,,جدول 17,sci_tehran_residential_building_input_indices_material_prices_1390_1404.xlsx
1404-Q4,1404,4,تأسیسات مکانیکی,رادیاتور,پره,5450000,10700000,7958182,,,,جدول 17,sci_tehran_residential_building_input_indices_material_prices_1390_1404.xlsx
1404-Q4,1404,4,تأسیسات مکانیکی,کولرآبی با قدرت 7000,دستگاه,290000000,495000000,404468750,,,,جدول 17,sci_tehran_residential_building_input_indices_material_prices_1390_1404.xlsx
1404-Q4,1404,4,یراق آلات,رنگ پلاستیک ایرانی 12 کیلویی درجه یک,12کیلوگرم,7900000,31000000,18637037,,,,جدول 18,sci_tehran_residential_building_input_indices_material_prices_1390_1404.xlsx
1404-Q4,1404,4,یراق آلات,رنگ پلاستیک ایرانی درجه دو,12کیلوگرم,6500000,27000000,13391034,,,,جدول 18,sci_tehran_residential_building_input_indices_material_prices_1390_1404.xlsx
1404-Q4,1404,4,یراق آلات,رنگ پلاستیک ایرانی درجه یک 4کیلویی,4کیلوگرم,5500000,20000000,9467857,,,,جدول 18,sci_tehran_residential_building_input_indices_material_prices_1390_1404.xlsx
1404-Q4,1404,4,یراق آلات,رنگ روغنی ایرانی براق 4 کیلویی,4کیلوگرم,7800000,23000000,13856429,,,,جدول 18,sci_tehran_residential_building_input_indices_material_prices_1390_1404.xlsx
1404-Q4,1404,4,یراق آلات,رنگ روغنی ایرانی مات 4کیلویی,4کیلوگرم,8500000,24000000,12996296,,,,جدول 18,sci_tehran_residential_building_input_indices_material_prices_1390_1404.xlsx
1404-Q4,1404,4,یراق آلات,ضد زنگ 1 کیلویی,کیلوگرم,1350000,3500000,2534828,,,,جدول 18,sci_tehran_residential_building_input_indices_material_prices_1390_1404.xlsx
1404-Q4,1404,4,یراق آلات,ضد زنگ نوع دو,کیلوگرم,,,,×,×,×,جدول 18,sci_tehran_residential_building_input_indices_material_prices_1390_1404.xlsx
1404-Q4,1404,4,یراق آلات,یراق آلات سوییچی (درب ورودی آپارتمان),عدد,2500000,7500000,5654545,,,,جدول 18,sci_tehran_residential_building_input_indices_material_prices_1390_1404.xlsx
1404-Q4,1404,4,یراق آلات,یراق آلات درب ورودی حیاط,عدد,5600000,39000000,15887879,,,,جدول 18,sci_tehran_residential_building_input_indices_material_prices_1390_1404.xlsx
1404-Q4,1404,4,ایزوگام,ایزوگام با پوشش های مختلف,رول,17000000,26000000,21564286,,,,جدول 19,sci_tehran_residential_building_input_indices_material_prices_1390_1404.xlsx
1404-Q4,1404,4,شیشه,شیشه ایرانی 4 میل,مترمربع,3500000,6400000,4209091,,,,جدول 20,sci_tehran_residential_building_input_indices_material_prices_1390_1404.xlsx
1404-Q4,1404,4,شیشه,شیشه ایرانی 6 میل,مترمربع,4600000,8000000,5806061,,,,جدول 20,sci_tehran_residential_building_input_indices_material_prices_1390_1404.xlsx
