solar_hijri_period,solar_hijri_year,month,period_type,measure,value,unit,base_year,source_missing_marker,source_sheet,source_file
1315,1315,,annual,total_cpi_index,0.0011709046433471982,index points,1400,,جدول 11,ts_urban_140503-14050421160048.xlsx
1316,1316,,annual,total_cpi_index,0.0011709046433471982,index points,1400,,جدول 11,ts_urban_140503-14050421160048.xlsx
1317,1317,,annual,total_cpi_index,0.0011709046433471982,index points,1400,,جدول 11,ts_urban_140503-14050421160048.xlsx
1318,1318,,annual,total_cpi_index,0.0011709046433471982,index points,1400,,جدول 11,ts_urban_140503-14050421160048.xlsx
1319,1319,,annual,total_cpi_index,0.0011709046433471982,index points,1400,,جدول 11,ts_urban_140503-14050421160048.xlsx
1320,1320,,annual,total_cpi_index,0.0023418092866943963,index points,1400,,جدول 11,ts_urban_140503-14050421160048.xlsx
1321,1321,,annual,total_cpi_index,0.0035127139300415947,index points,1400,,جدول 11,ts_urban_140503-14050421160048.xlsx
1322,1322,,annual,total_cpi_index,0.008196332503430388,index points,1400,,جدول 11,ts_urban_140503-14050421160048.xlsx
1323,1323,,annual,total_cpi_index,0.008196332503430388,index points,1400,,جدول 11,ts_urban_140503-14050421160048.xlsx
1324,1324,,annual,total_cpi_index,0.0070254278600831895,index points,1400,,جدول 11,ts_urban_140503-14050421160048.xlsx
1325,1325,,annual,total_cpi_index,0.0058545232167359915,index points,1400,,جدول 11,ts_urban_140503-14050421160048.xlsx
1326,1326,,annual,total_cpi_index,0.0070254278600831895,index points,1400,,جدول 11,ts_urban_140503-14050421160048.xlsx
1327,1327,,annual,total_cpi_index,0.0070254278600831895,index points,1400,,جدول 11,ts_urban_140503-14050421160048.xlsx
1328,1328,,annual,total_cpi_index,0.008196332503430388,index points,1400,,جدول 11,ts_urban_140503-14050421160048.xlsx
1329,1329,,annual,total_cpi_index,0.0058545232167359915,index points,1400,,جدول 11,ts_urban_140503-14050421160048.xlsx
1330,1330,,annual,total_cpi_index,0.0070254278600831895,index points,1400,,جدول 11,ts_urban_140503-14050421160048.xlsx
1331,1331,,annual,total_cpi_index,0.0070254278600831895,index points,1400,,جدول 11,ts_urban_140503-14050421160048.xlsx
1332,1332,,annual,total_cpi_index,0.008196332503430388,index points,1400,,جدول 11,ts_urban_140503-14050421160048.xlsx
1333,1333,,annual,total_cpi_index,0.009367237146777585,index points,1400,,جدول 11,ts_urban_140503-14050421160048.xlsx
1334,1334,,annual,total_cpi_index,0.009367237146777585,index points,1400,,جدول 11,ts_urban_140503-14050421160048.xlsx
1335,1335,,annual,total_cpi_index,0.010538141790124784,index points,1400,,جدول 11,ts_urban_140503-14050421160048.xlsx
1336,1336,,annual,total_cpi_index,0.010538141790124784,index points,1400,,جدول 11,ts_urban_140503-14050421160048.xlsx
1337,1337,,annual,total_cpi_index,0.010538141790124784,index points,1400,,جدول 11,ts_urban_140503-14050421160048.xlsx
1338,1338,,annual,total_cpi_index,0.012879951076819184,index points,1400,,جدول 11,ts_urban_140503-14050421160048.xlsx
1339,1339,,annual,total_cpi_index,0.014050855720166382,index points,1400,,جدول 11,ts_urban_140503-14050421160048.xlsx
1340,1340,,annual,total_cpi_index,0.014050855720166382,index points,1400,,جدول 11,ts_urban_140503-14050421160048.xlsx
1341,1341,,annual,total_cpi_index,0.014050855720166382,index points,1400,,جدول 11,ts_urban_140503-14050421160048.xlsx
1342,1342,,annual,total_cpi_index,0.014050855720166382,index points,1400,,جدول 11,ts_urban_140503-14050421160048.xlsx
1343,1343,,annual,total_cpi_index,0.015221760363513581,index points,1400,,جدول 11,ts_urban_140503-14050421160048.xlsx
1344,1344,,annual,total_cpi_index,0.015221760363513581,index points,1400,,جدول 11,ts_urban_140503-14050421160048.xlsx
1345,1345,,annual,total_cpi_index,0.015221760363513581,index points,1400,,جدول 11,ts_urban_140503-14050421160048.xlsx
1346,1346,,annual,total_cpi_index,0.015221760363513581,index points,1400,,جدول 11,ts_urban_140503-14050421160048.xlsx
1347,1347,,annual,total_cpi_index,0.015221760363513581,index points,1400,,جدول 11,ts_urban_140503-14050421160048.xlsx
1348,1348,,annual,total_cpi_index,0.015221760363513581,index points,1400,,جدول 11,ts_urban_140503-14050421160048.xlsx
1349,1349,,annual,total_cpi_index,0.016392665006860783,index points,1400,,جدول 11,ts_urban_140503-14050421160048.xlsx
1350,1350,,annual,total_cpi_index,0.016392665006860783,index points,1400,,جدول 11,ts_urban_140503-14050421160048.xlsx
1351,1351,,annual,total_cpi_index,0.017563569650207982,index points,1400,,جدول 11,ts_urban_140503-14050421160048.xlsx
1352,1352,,annual,total_cpi_index,0.020198105097739182,index points,1400,,جدول 11,ts_urban_140503-14050421160048.xlsx
1353,1353,,annual,total_cpi_index,0.02253991438443358,index points,1400,,جدول 11,ts_urban_140503-14050421160048.xlsx
1354,1354,,annual,total_cpi_index,0.024881723671127974,index points,1400,,جدول 11,ts_urban_140503-14050421160048.xlsx
1355,1355,,annual,total_cpi_index,0.029565342244516773,index points,1400,,جدول 11,ts_urban_140503-14050421160048.xlsx
1356,1356,,annual,total_cpi_index,0.039518031712967965,index points,1400,,جدول 11,ts_urban_140503-14050421160048.xlsx
1357,1357,,annual,total_cpi_index,0.04010348403464157,index points,1400,,جدول 11,ts_urban_140503-14050421160048.xlsx
1358,1358,,annual,total_cpi_index,0.044787102608030364,index points,1400,,جدول 11,ts_urban_140503-14050421160048.xlsx
1359,1359,,annual,total_cpi_index,0.05561797055899196,index points,1400,,جدول 11,ts_urban_140503-14050421160048.xlsx
1360,1360,,annual,total_cpi_index,0.06849792163581116,index points,1400,,جدول 11,ts_urban_140503-14050421160048.xlsx
1361,1361,,annual,total_cpi_index,0.07734641964746196,index points,1400,,جدول 11,ts_urban_140503-14050421160048.xlsx
1362,1362,,annual,total_cpi_index,0.0923166944179385,index points,1400,,جدول 11,ts_urban_140503-14050421160048.xlsx
1363,1363,,annual,total_cpi_index,0.11726715236873271,index points,1400,,جدول 11,ts_urban_140503-14050421160048.xlsx
1364,1364,,annual,total_cpi_index,0.11976219816381213,index points,1400,,جدول 11,ts_urban_140503-14050421160048.xlsx
1365,1365,,annual,total_cpi_index,0.1372275187293681,index points,1400,,جدول 11,ts_urban_140503-14050421160048.xlsx
1366,1366,,annual,total_cpi_index,0.17964329724571812,index points,1400,,جدول 11,ts_urban_140503-14050421160048.xlsx
1367,1367,,annual,total_cpi_index,0.232039258942386,index points,1400,,جدول 11,ts_urban_140503-14050421160048.xlsx
1368,1368,,annual,total_cpi_index,0.26946494586857733,index points,1400,,جدول 11,ts_urban_140503-14050421160048.xlsx
1369,1369,,annual,total_cpi_index,0.29691044961445096,index points,1400,,جدول 11,ts_urban_140503-14050421160048.xlsx
1370,1370,,annual,total_cpi_index,0.3567915486963571,index points,1400,,جدول 11,ts_urban_140503-14050421160048.xlsx
1371,1371,,annual,total_cpi_index,0.4441181515241366,index points,1400,,جدول 11,ts_urban_140503-14050421160048.xlsx
1372,1372,,annual,total_cpi_index,0.5439199833273135,index points,1400,,جدول 11,ts_urban_140503-14050421160048.xlsx
1373,1373,,annual,total_cpi_index,0.7335434637533493,index points,1400,,جدول 11,ts_urban_140503-14050421160048.xlsx
1374,1374,,annual,total_cpi_index,1.095325104039865,index points,1400,,جدول 11,ts_urban_140503-14050421160048.xlsx
1375,1375,,annual,total_cpi_index,1.3573049125232042,index points,1400,,جدول 11,ts_urban_140503-14050421160048.xlsx
1376,1376,,annual,total_cpi_index,1.5818590340803516,index points,1400,,جدول 11,ts_urban_140503-14050421160048.xlsx
1377,1377,,annual,total_cpi_index,1.8737793921046435,index points,1400,,جدول 11,ts_urban_140503-14050421160048.xlsx
1378,1378,,annual,total_cpi_index,2.253026352956715,index points,1400,,جدول 11,ts_urban_140503-14050421160048.xlsx
1379,1379,,annual,total_cpi_index,2.5299764362105304,index points,1400,,جدول 11,ts_urban_140503-14050421160048.xlsx
1380,1380,,annual,total_cpi_index,2.821896794234822,index points,1400,,جدول 11,ts_urban_140503-14050421160048.xlsx
1381,1381,,annual,total_cpi_index,3.1951060455336684,index points,1400,,جدول 11,ts_urban_140503-14050421160048.xlsx
1382,1382,,annual,total_cpi_index,3.639121121183072,index points,1400,,جدول 11,ts_urban_140503-14050421160048.xlsx
1383,1383,,annual,total_cpi_index,4.1708513180650115,index points,1400,,جدول 11,ts_urban_140503-14050421160048.xlsx
1384,1384,,annual,total_cpi_index,4.675781153094392,index points,1400,,جدول 11,ts_urban_140503-14050421160048.xlsx
1385,1385,,annual,total_cpi_index,5.316313700913836,index points,1400,,جدول 11,ts_urban_140503-14050421160048.xlsx
1386,1386,,annual,total_cpi_index,6.232269600201147,index points,1400,,جدول 11,ts_urban_140503-14050421160048.xlsx
1387,1387,,annual,total_cpi_index,7.824497232128766,index points,1400,,جدول 11,ts_urban_140503-14050421160048.xlsx
1388,1388,,annual,total_cpi_index,8.565144733133753,index points,1400,,جدول 11,ts_urban_140503-14050421160048.xlsx
1389,1389,,annual,total_cpi_index,9.757508556336942,index points,1400,,جدول 11,ts_urban_140503-14050421160048.xlsx
1390,1390,,annual,total_cpi_index,12.33001527843427,index points,1400,,جدول 11,ts_urban_140503-14050421160048.xlsx
1391,1391,,annual,total_cpi_index,15.851243049150142,index points,1400,,جدول 11,ts_urban_140503-14050421160048.xlsx
1392,1392,,annual,total_cpi_index,20.935204210983446,index points,1400,,جدول 11,ts_urban_140503-14050421160048.xlsx
1393,1393,,annual,total_cpi_index,24.038983542823452,index points,1400,,جدول 11,ts_urban_140503-14050421160048.xlsx
1394,1394,,annual,total_cpi_index,26.752301830041446,index points,1400,,جدول 11,ts_urban_140503-14050421160048.xlsx
1395,1395,,annual,total_cpi_index,28.558409828859773,index points,1400,,جدول 11,ts_urban_140503-14050421160048.xlsx
1396,1396,,annual,total_cpi_index,30.8799319466483,index points,1400,,جدول 11,ts_urban_140503-14050421160048.xlsx
1397,1397,,annual,total_cpi_index,39.103728586075064,index points,1400,,جدول 11,ts_urban_140503-14050421160048.xlsx
1398,1398,,annual,total_cpi_index,52.546287796445355,index points,1400,,جدول 11,ts_urban_140503-14050421160048.xlsx
1399,1399,,annual,total_cpi_index,71.56802063703526,index points,1400,,جدول 11,ts_urban_140503-14050421160048.xlsx
1400,1400,,annual,total_cpi_index,100,index points,1400,,جدول 11,ts_urban_140503-14050421160048.xlsx
1401,1401,,annual,total_cpi_index,144.9577563977919,index points,1400,,جدول 11,ts_urban_140503-14050421160048.xlsx
1402,1402,,annual,total_cpi_index,203.9602786158415,index points,1400,,جدول 11,ts_urban_140503-14050421160048.xlsx
1403,1403,,annual,total_cpi_index,270.8361344391956,index points,1400,,جدول 11,ts_urban_140503-14050421160048.xlsx
1404,1404,,annual,total_cpi_index,405.0818111987786,index points,1400,,جدول 11,ts_urban_140503-14050421160048.xlsx
1405,1405,,annual,total_cpi_index,,index points,1400,blank,جدول 11,ts_urban_140503-14050421160048.xlsx
1361-01,1361,1,monthly,total_cpi_index,0.08982164862285906,index points,1400,,جدول 12,ts_urban_140503-14050421160048.xlsx
1361-02,1361,2,monthly,total_cpi_index,0.05988109908190605,index points,1400,,جدول 12,ts_urban_140503-14050421160048.xlsx
1361-03,1361,3,monthly,total_cpi_index,0.05988109908190605,index points,1400,,جدول 12,ts_urban_140503-14050421160048.xlsx
1361-04,1361,4,monthly,total_cpi_index,0.05988109908190605,index points,1400,,جدول 12,ts_urban_140503-14050421160048.xlsx
1361-05,1361,5,monthly,total_cpi_index,0.05988109908190605,index points,1400,,جدول 12,ts_urban_140503-14050421160048.xlsx
1361-06,1361,6,monthly,total_cpi_index,0.05988109908190605,index points,1400,,جدول 12,ts_urban_140503-14050421160048.xlsx
1361-07,1361,7,monthly,total_cpi_index,0.08982164862285906,index points,1400,,جدول 12,ts_urban_140503-14050421160048.xlsx
1361-08,1361,8,monthly,total_cpi_index,0.08982164862285906,index points,1400,,جدول 12,ts_urban_140503-14050421160048.xlsx
1361-09,1361,9,monthly,total_cpi_index,0.08982164862285906,index points,1400,,جدول 12,ts_urban_140503-14050421160048.xlsx
1361-10,1361,10,monthly,total_cpi_index,0.08982164862285906,index points,1400,,جدول 12,ts_urban_140503-14050421160048.xlsx
1361-11,1361,11,monthly,total_cpi_index,0.08982164862285906,index points,1400,,جدول 12,ts_urban_140503-14050421160048.xlsx
1361-12,1361,12,monthly,total_cpi_index,0.08982164862285906,index points,1400,,جدول 12,ts_urban_140503-14050421160048.xlsx
1362-01,1362,1,monthly,total_cpi_index,0.08982164862285906,index points,1400,,جدول 12,ts_urban_140503-14050421160048.xlsx
1362-02,1362,2,monthly,total_cpi_index,0.08982164862285906,index points,1400,,جدول 12,ts_urban_140503-14050421160048.xlsx
1362-03,1362,3,monthly,total_cpi_index,0.08982164862285906,index points,1400,,جدول 12,ts_urban_140503-14050421160048.xlsx
1362-04,1362,4,monthly,total_cpi_index,0.08982164862285906,index points,1400,,جدول 12,ts_urban_140503-14050421160048.xlsx
1362-05,1362,5,monthly,total_cpi_index,0.08982164862285906,index points,1400,,جدول 12,ts_urban_140503-14050421160048.xlsx
1362-06,1362,6,monthly,total_cpi_index,0.08982164862285906,index points,1400,,جدول 12,ts_urban_140503-14050421160048.xlsx
1362-07,1362,7,monthly,total_cpi_index,0.08982164862285906,index points,1400,,جدول 12,ts_urban_140503-14050421160048.xlsx
1362-08,1362,8,monthly,total_cpi_index,0.08982164862285906,index points,1400,,جدول 12,ts_urban_140503-14050421160048.xlsx
1362-09,1362,9,monthly,total_cpi_index,0.08982164862285906,index points,1400,,جدول 12,ts_urban_140503-14050421160048.xlsx
1362-10,1362,10,monthly,total_cpi_index,0.08982164862285906,index points,1400,,جدول 12,ts_urban_140503-14050421160048.xlsx
1362-11,1362,11,monthly,total_cpi_index,0.08982164862285906,index points,1400,,جدول 12,ts_urban_140503-14050421160048.xlsx
1362-12,1362,12,monthly,total_cpi_index,0.1197621981638121,index points,1400,,جدول 12,ts_urban_140503-14050421160048.xlsx
1363-01,1363,1,monthly,total_cpi_index,0.1197621981638121,index points,1400,,جدول 12,ts_urban_140503-14050421160048.xlsx
1363-02,1363,2,monthly,total_cpi_index,0.1197621981638121,index points,1400,,جدول 12,ts_urban_140503-14050421160048.xlsx
1363-03,1363,3,monthly,total_cpi_index,0.1197621981638121,index points,1400,,جدول 12,ts_urban_140503-14050421160048.xlsx
1363-04,1363,4,monthly,total_cpi_index,0.1197621981638121,index points,1400,,جدول 12,ts_urban_140503-14050421160048.xlsx
1363-05,1363,5,monthly,total_cpi_index,0.1197621981638121,index points,1400,,جدول 12,ts_urban_140503-14050421160048.xlsx
1363-06,1363,6,monthly,total_cpi_index,0.08982164862285906,index points,1400,,جدول 12,ts_urban_140503-14050421160048.xlsx
1363-07,1363,7,monthly,total_cpi_index,0.1197621981638121,index points,1400,,جدول 12,ts_urban_140503-14050421160048.xlsx
1363-08,1363,8,monthly,total_cpi_index,0.1197621981638121,index points,1400,,جدول 12,ts_urban_140503-14050421160048.xlsx
1363-09,1363,9,monthly,total_cpi_index,0.1197621981638121,index points,1400,,جدول 12,ts_urban_140503-14050421160048.xlsx
1363-10,1363,10,monthly,total_cpi_index,0.1197621981638121,index points,1400,,جدول 12,ts_urban_140503-14050421160048.xlsx
1363-11,1363,11,monthly,total_cpi_index,0.1197621981638121,index points,1400,,جدول 12,ts_urban_140503-14050421160048.xlsx
1363-12,1363,12,monthly,total_cpi_index,0.1197621981638121,index points,1400,,جدول 12,ts_urban_140503-14050421160048.xlsx
1364-01,1364,1,monthly,total_cpi_index,0.1197621981638121,index points,1400,,جدول 12,ts_urban_140503-14050421160048.xlsx
1364-02,1364,2,monthly,total_cpi_index,0.1197621981638121,index points,1400,,جدول 12,ts_urban_140503-14050421160048.xlsx
1364-03,1364,3,monthly,total_cpi_index,0.1197621981638121,index points,1400,,جدول 12,ts_urban_140503-14050421160048.xlsx
1364-04,1364,4,monthly,total_cpi_index,0.1197621981638121,index points,1400,,جدول 12,ts_urban_140503-14050421160048.xlsx
1364-05,1364,5,monthly,total_cpi_index,0.1197621981638121,index points,1400,,جدول 12,ts_urban_140503-14050421160048.xlsx
1364-06,1364,6,monthly,total_cpi_index,0.1197621981638121,index points,1400,,جدول 12,ts_urban_140503-14050421160048.xlsx
1364-07,1364,7,monthly,total_cpi_index,0.1197621981638121,index points,1400,,جدول 12,ts_urban_140503-14050421160048.xlsx
1364-08,1364,8,monthly,total_cpi_index,0.1197621981638121,index points,1400,,جدول 12,ts_urban_140503-14050421160048.xlsx
1364-09,1364,9,monthly,total_cpi_index,0.1197621981638121,index points,1400,,جدول 12,ts_urban_140503-14050421160048.xlsx
1364-10,1364,10,monthly,total_cpi_index,0.1197621981638121,index points,1400,,جدول 12,ts_urban_140503-14050421160048.xlsx
1364-11,1364,11,monthly,total_cpi_index,0.1197621981638121,index points,1400,,جدول 12,ts_urban_140503-14050421160048.xlsx
1364-12,1364,12,monthly,total_cpi_index,0.1197621981638121,index points,1400,,جدول 12,ts_urban_140503-14050421160048.xlsx
1365-01,1365,1,monthly,total_cpi_index,0.1197621981638121,index points,1400,,جدول 12,ts_urban_140503-14050421160048.xlsx
1365-02,1365,2,monthly,total_cpi_index,0.1197621981638121,index points,1400,,جدول 12,ts_urban_140503-14050421160048.xlsx
1365-03,1365,3,monthly,total_cpi_index,0.1197621981638121,index points,1400,,جدول 12,ts_urban_140503-14050421160048.xlsx
1365-04,1365,4,monthly,total_cpi_index,0.1197621981638121,index points,1400,,جدول 12,ts_urban_140503-14050421160048.xlsx
1365-05,1365,5,monthly,total_cpi_index,0.1197621981638121,index points,1400,,جدول 12,ts_urban_140503-14050421160048.xlsx
1365-06,1365,6,monthly,total_cpi_index,0.1497027477047651,index points,1400,,جدول 12,ts_urban_140503-14050421160048.xlsx
1365-07,1365,7,monthly,total_cpi_index,0.1497027477047651,index points,1400,,جدول 12,ts_urban_140503-14050421160048.xlsx
1365-08,1365,8,monthly,total_cpi_index,0.1497027477047651,index points,1400,,جدول 12,ts_urban_140503-14050421160048.xlsx
1365-09,1365,9,monthly,total_cpi_index,0.1497027477047651,index points,1400,,جدول 12,ts_urban_140503-14050421160048.xlsx
1365-10,1365,10,monthly,total_cpi_index,0.1497027477047651,index points,1400,,جدول 12,ts_urban_140503-14050421160048.xlsx
1365-11,1365,11,monthly,total_cpi_index,0.1497027477047651,index points,1400,,جدول 12,ts_urban_140503-14050421160048.xlsx
1365-12,1365,12,monthly,total_cpi_index,0.1497027477047651,index points,1400,,جدول 12,ts_urban_140503-14050421160048.xlsx
1366-01,1366,1,monthly,total_cpi_index,0.1497027477047651,index points,1400,,جدول 12,ts_urban_140503-14050421160048.xlsx
1366-02,1366,2,monthly,total_cpi_index,0.17964329724571812,index points,1400,,جدول 12,ts_urban_140503-14050421160048.xlsx
1366-03,1366,3,monthly,total_cpi_index,0.17964329724571812,index points,1400,,جدول 12,ts_urban_140503-14050421160048.xlsx
1366-04,1366,4,monthly,total_cpi_index,0.17964329724571812,index points,1400,,جدول 12,ts_urban_140503-14050421160048.xlsx
1366-05,1366,5,monthly,total_cpi_index,0.17964329724571812,index points,1400,,جدول 12,ts_urban_140503-14050421160048.xlsx
1366-06,1366,6,monthly,total_cpi_index,0.17964329724571812,index points,1400,,جدول 12,ts_urban_140503-14050421160048.xlsx
1366-07,1366,7,monthly,total_cpi_index,0.17964329724571812,index points,1400,,جدول 12,ts_urban_140503-14050421160048.xlsx
1366-08,1366,8,monthly,total_cpi_index,0.17964329724571812,index points,1400,,جدول 12,ts_urban_140503-14050421160048.xlsx
1366-09,1366,9,monthly,total_cpi_index,0.17964329724571812,index points,1400,,جدول 12,ts_urban_140503-14050421160048.xlsx
1366-10,1366,10,monthly,total_cpi_index,0.17964329724571812,index points,1400,,جدول 12,ts_urban_140503-14050421160048.xlsx
1366-11,1366,11,monthly,total_cpi_index,0.17964329724571812,index points,1400,,جدول 12,ts_urban_140503-14050421160048.xlsx
1366-12,1366,12,monthly,total_cpi_index,0.20958384678667116,index points,1400,,جدول 12,ts_urban_140503-14050421160048.xlsx
1367-01,1367,1,monthly,total_cpi_index,0.20958384678667116,index points,1400,,جدول 12,ts_urban_140503-14050421160048.xlsx
1367-02,1367,2,monthly,total_cpi_index,0.20958384678667116,index points,1400,,جدول 12,ts_urban_140503-14050421160048.xlsx
1367-03,1367,3,monthly,total_cpi_index,0.23952439632762423,index points,1400,,جدول 12,ts_urban_140503-14050421160048.xlsx
1367-04,1367,4,monthly,total_cpi_index,0.23952439632762423,index points,1400,,جدول 12,ts_urban_140503-14050421160048.xlsx
1367-05,1367,5,monthly,total_cpi_index,0.20958384678667116,index points,1400,,جدول 12,ts_urban_140503-14050421160048.xlsx
1367-06,1367,6,monthly,total_cpi_index,0.20958384678667116,index points,1400,,جدول 12,ts_urban_140503-14050421160048.xlsx
1367-07,1367,7,monthly,total_cpi_index,0.23952439632762423,index points,1400,,جدول 12,ts_urban_140503-14050421160048.xlsx
1367-08,1367,8,monthly,total_cpi_index,0.23952439632762423,index points,1400,,جدول 12,ts_urban_140503-14050421160048.xlsx
1367-09,1367,9,monthly,total_cpi_index,0.23952439632762423,index points,1400,,جدول 12,ts_urban_140503-14050421160048.xlsx
1367-10,1367,10,monthly,total_cpi_index,0.23952439632762423,index points,1400,,جدول 12,ts_urban_140503-14050421160048.xlsx
1367-11,1367,11,monthly,total_cpi_index,0.23952439632762423,index points,1400,,جدول 12,ts_urban_140503-14050421160048.xlsx
1367-12,1367,12,monthly,total_cpi_index,0.2694649458685772,index points,1400,,جدول 12,ts_urban_140503-14050421160048.xlsx
1368-01,1368,1,monthly,total_cpi_index,0.2694649458685772,index points,1400,,جدول 12,ts_urban_140503-14050421160048.xlsx
1368-02,1368,2,monthly,total_cpi_index,0.2694649458685772,index points,1400,,جدول 12,ts_urban_140503-14050421160048.xlsx
1368-03,1368,3,monthly,total_cpi_index,0.2694649458685772,index points,1400,,جدول 12,ts_urban_140503-14050421160048.xlsx
1368-04,1368,4,monthly,total_cpi_index,0.2694649458685772,index points,1400,,جدول 12,ts_urban_140503-14050421160048.xlsx
1368-05,1368,5,monthly,total_cpi_index,0.2694649458685772,index points,1400,,جدول 12,ts_urban_140503-14050421160048.xlsx
1368-06,1368,6,monthly,total_cpi_index,0.2694649458685772,index points,1400,,جدول 12,ts_urban_140503-14050421160048.xlsx
1368-07,1368,7,monthly,total_cpi_index,0.2694649458685772,index points,1400,,جدول 12,ts_urban_140503-14050421160048.xlsx
1368-08,1368,8,monthly,total_cpi_index,0.2694649458685772,index points,1400,,جدول 12,ts_urban_140503-14050421160048.xlsx
1368-09,1368,9,monthly,total_cpi_index,0.2694649458685772,index points,1400,,جدول 12,ts_urban_140503-14050421160048.xlsx
1368-10,1368,10,monthly,total_cpi_index,0.2694649458685772,index points,1400,,جدول 12,ts_urban_140503-14050421160048.xlsx
1368-11,1368,11,monthly,total_cpi_index,0.2694649458685772,index points,1400,,جدول 12,ts_urban_140503-14050421160048.xlsx
1368-12,1368,12,monthly,total_cpi_index,0.2694649458685772,index points,1400,,جدول 12,ts_urban_140503-14050421160048.xlsx
1369-01,1369,1,monthly,total_cpi_index,0.29940549540953026,index points,1400,,جدول 12,ts_urban_140503-14050421160048.xlsx
1369-02,1369,2,monthly,total_cpi_index,0.29940549540953026,index points,1400,,جدول 12,ts_urban_140503-14050421160048.xlsx
1369-03,1369,3,monthly,total_cpi_index,0.29940549540953026,index points,1400,,جدول 12,ts_urban_140503-14050421160048.xlsx
1369-04,1369,4,monthly,total_cpi_index,0.29940549540953026,index points,1400,,جدول 12,ts_urban_140503-14050421160048.xlsx
1369-05,1369,5,monthly,total_cpi_index,0.2694649458685772,index points,1400,,جدول 12,ts_urban_140503-14050421160048.xlsx
1369-06,1369,6,monthly,total_cpi_index,0.29940549540953026,index points,1400,,جدول 12,ts_urban_140503-14050421160048.xlsx
1369-07,1369,7,monthly,total_cpi_index,0.29940549540953026,index points,1400,,جدول 12,ts_urban_140503-14050421160048.xlsx
1369-08,1369,8,monthly,total_cpi_index,0.29940549540953026,index points,1400,,جدول 12,ts_urban_140503-14050421160048.xlsx
1369-09,1369,9,monthly,total_cpi_index,0.29940549540953026,index points,1400,,جدول 12,ts_urban_140503-14050421160048.xlsx
1369-10,1369,10,monthly,total_cpi_index,0.29940549540953026,index points,1400,,جدول 12,ts_urban_140503-14050421160048.xlsx
1369-11,1369,11,monthly,total_cpi_index,0.29940549540953026,index points,1400,,جدول 12,ts_urban_140503-14050421160048.xlsx
1369-12,1369,12,monthly,total_cpi_index,0.29940549540953026,index points,1400,,جدول 12,ts_urban_140503-14050421160048.xlsx
1370-01,1370,1,monthly,total_cpi_index,0.32934604495048336,index points,1400,,جدول 12,ts_urban_140503-14050421160048.xlsx
1370-02,1370,2,monthly,total_cpi_index,0.32934604495048336,index points,1400,,جدول 12,ts_urban_140503-14050421160048.xlsx
1370-03,1370,3,monthly,total_cpi_index,0.32934604495048336,index points,1400,,جدول 12,ts_urban_140503-14050421160048.xlsx
1370-04,1370,4,monthly,total_cpi_index,0.32934604495048336,index points,1400,,جدول 12,ts_urban_140503-14050421160048.xlsx
1370-05,1370,5,monthly,total_cpi_index,0.3592865944914363,index points,1400,,جدول 12,ts_urban_140503-14050421160048.xlsx
1370-06,1370,6,monthly,total_cpi_index,0.3592865944914363,index points,1400,,جدول 12,ts_urban_140503-14050421160048.xlsx
1370-07,1370,7,monthly,total_cpi_index,0.3592865944914363,index points,1400,,جدول 12,ts_urban_140503-14050421160048.xlsx
1370-08,1370,8,monthly,total_cpi_index,0.3592865944914363,index points,1400,,جدول 12,ts_urban_140503-14050421160048.xlsx
1370-09,1370,9,monthly,total_cpi_index,0.3592865944914363,index points,1400,,جدول 12,ts_urban_140503-14050421160048.xlsx
1370-10,1370,10,monthly,total_cpi_index,0.3592865944914363,index points,1400,,جدول 12,ts_urban_140503-14050421160048.xlsx
1370-11,1370,11,monthly,total_cpi_index,0.38922714403238945,index points,1400,,جدول 12,ts_urban_140503-14050421160048.xlsx
1370-12,1370,12,monthly,total_cpi_index,0.41916769357334244,index points,1400,,جدول 12,ts_urban_140503-14050421160048.xlsx
1371-01,1371,1,monthly,total_cpi_index,0.41916769357334244,index points,1400,,جدول 12,ts_urban_140503-14050421160048.xlsx
1371-02,1371,2,monthly,total_cpi_index,0.41916769357334244,index points,1400,,جدول 12,ts_urban_140503-14050421160048.xlsx
1371-03,1371,3,monthly,total_cpi_index,0.41916769357334244,index points,1400,,جدول 12,ts_urban_140503-14050421160048.xlsx
1371-04,1371,4,monthly,total_cpi_index,0.41916769357334244,index points,1400,,جدول 12,ts_urban_140503-14050421160048.xlsx
1371-05,1371,5,monthly,total_cpi_index,0.4491082431142954,index points,1400,,جدول 12,ts_urban_140503-14050421160048.xlsx
1371-06,1371,6,monthly,total_cpi_index,0.4491082431142954,index points,1400,,جدول 12,ts_urban_140503-14050421160048.xlsx
1371-07,1371,7,monthly,total_cpi_index,0.4491082431142954,index points,1400,,جدول 12,ts_urban_140503-14050421160048.xlsx
1371-08,1371,8,monthly,total_cpi_index,0.4491082431142954,index points,1400,,جدول 12,ts_urban_140503-14050421160048.xlsx
1371-09,1371,9,monthly,total_cpi_index,0.4491082431142954,index points,1400,,جدول 12,ts_urban_140503-14050421160048.xlsx
1371-10,1371,10,monthly,total_cpi_index,0.4491082431142954,index points,1400,,جدول 12,ts_urban_140503-14050421160048.xlsx
1371-11,1371,11,monthly,total_cpi_index,0.47904879265524847,index points,1400,,جدول 12,ts_urban_140503-14050421160048.xlsx
1371-12,1371,12,monthly,total_cpi_index,0.47904879265524847,index points,1400,,جدول 12,ts_urban_140503-14050421160048.xlsx
1372-01,1372,1,monthly,total_cpi_index,0.5089893421962015,index points,1400,,جدول 12,ts_urban_140503-14050421160048.xlsx
1372-02,1372,2,monthly,total_cpi_index,0.5089893421962015,index points,1400,,جدول 12,ts_urban_140503-14050421160048.xlsx
1372-03,1372,3,monthly,total_cpi_index,0.5089893421962015,index points,1400,,جدول 12,ts_urban_140503-14050421160048.xlsx
1372-04,1372,4,monthly,total_cpi_index,0.5089893421962015,index points,1400,,جدول 12,ts_urban_140503-14050421160048.xlsx
1372-05,1372,5,monthly,total_cpi_index,0.5089893421962015,index points,1400,,جدول 12,ts_urban_140503-14050421160048.xlsx
1372-06,1372,6,monthly,total_cpi_index,0.5389298917371546,index points,1400,,جدول 12,ts_urban_140503-14050421160048.xlsx
1372-07,1372,7,monthly,total_cpi_index,0.5389298917371546,index points,1400,,جدول 12,ts_urban_140503-14050421160048.xlsx
1372-08,1372,8,monthly,total_cpi_index,0.5389298917371546,index points,1400,,جدول 12,ts_urban_140503-14050421160048.xlsx
1372-09,1372,9,monthly,total_cpi_index,0.5688704412781076,index points,1400,,جدول 12,ts_urban_140503-14050421160048.xlsx
1372-10,1372,10,monthly,total_cpi_index,0.5688704412781076,index points,1400,,جدول 12,ts_urban_140503-14050421160048.xlsx
1372-11,1372,11,monthly,total_cpi_index,0.5988109908190605,index points,1400,,جدول 12,ts_urban_140503-14050421160048.xlsx
1372-12,1372,12,monthly,total_cpi_index,0.6287515403600136,index points,1400,,جدول 12,ts_urban_140503-14050421160048.xlsx
1373-01,1373,1,monthly,total_cpi_index,0.6287515403600136,index points,1400,,جدول 12,ts_urban_140503-14050421160048.xlsx
1373-02,1373,2,monthly,total_cpi_index,0.6586920899009667,index points,1400,,جدول 12,ts_urban_140503-14050421160048.xlsx
1373-03,1373,3,monthly,total_cpi_index,0.6586920899009667,index points,1400,,جدول 12,ts_urban_140503-14050421160048.xlsx
1373-04,1373,4,monthly,total_cpi_index,0.6886326394419195,index points,1400,,جدول 12,ts_urban_140503-14050421160048.xlsx
1373-05,1373,5,monthly,total_cpi_index,0.6886326394419195,index points,1400,,جدول 12,ts_urban_140503-14050421160048.xlsx
1373-06,1373,6,monthly,total_cpi_index,0.7185731889828726,index points,1400,,جدول 12,ts_urban_140503-14050421160048.xlsx
1373-07,1373,7,monthly,total_cpi_index,0.7485137385238256,index points,1400,,جدول 12,ts_urban_140503-14050421160048.xlsx
1373-08,1373,8,monthly,total_cpi_index,0.7485137385238256,index points,1400,,جدول 12,ts_urban_140503-14050421160048.xlsx
1373-09,1373,9,monthly,total_cpi_index,0.7485137385238256,index points,1400,,جدول 12,ts_urban_140503-14050421160048.xlsx
1373-10,1373,10,monthly,total_cpi_index,0.7784542880647788,index points,1400,,جدول 12,ts_urban_140503-14050421160048.xlsx
1373-11,1373,11,monthly,total_cpi_index,0.8383353871466847,index points,1400,,جدول 12,ts_urban_140503-14050421160048.xlsx
1373-12,1373,12,monthly,total_cpi_index,0.8982164862285906,index points,1400,,جدول 12,ts_urban_140503-14050421160048.xlsx
1374-01,1374,1,monthly,total_cpi_index,0.9580975853104966,index points,1400,,جدول 12,ts_urban_140503-14050421160048.xlsx
1374-02,1374,2,monthly,total_cpi_index,1.0479192339333556,index points,1400,,جدول 12,ts_urban_140503-14050421160048.xlsx
1374-03,1374,3,monthly,total_cpi_index,1.0479192339333556,index points,1400,,جدول 12,ts_urban_140503-14050421160048.xlsx
1374-04,1374,4,monthly,total_cpi_index,1.0479192339333556,index points,1400,,جدول 12,ts_urban_140503-14050421160048.xlsx
1374-05,1374,5,monthly,total_cpi_index,1.0479192339333556,index points,1400,,جدول 12,ts_urban_140503-14050421160048.xlsx
1374-06,1374,6,monthly,total_cpi_index,1.0479192339333556,index points,1400,,جدول 12,ts_urban_140503-14050421160048.xlsx
1374-07,1374,7,monthly,total_cpi_index,1.0778597834743089,index points,1400,,جدول 12,ts_urban_140503-14050421160048.xlsx
1374-08,1374,8,monthly,total_cpi_index,1.107800333015262,index points,1400,,جدول 12,ts_urban_140503-14050421160048.xlsx
1374-09,1374,9,monthly,total_cpi_index,1.137740882556215,index points,1400,,جدول 12,ts_urban_140503-14050421160048.xlsx
1374-10,1374,10,monthly,total_cpi_index,1.1976219816381208,index points,1400,,جدول 12,ts_urban_140503-14050421160048.xlsx
1374-11,1374,11,monthly,total_cpi_index,1.1976219816381208,index points,1400,,جدول 12,ts_urban_140503-14050421160048.xlsx
1374-12,1374,12,monthly,total_cpi_index,1.2275625311790737,index points,1400,,جدول 12,ts_urban_140503-14050421160048.xlsx
1375-01,1375,1,monthly,total_cpi_index,1.317384179801933,index points,1400,,جدول 12,ts_urban_140503-14050421160048.xlsx
1375-02,1375,2,monthly,total_cpi_index,1.317384179801933,index points,1400,,جدول 12,ts_urban_140503-14050421160048.xlsx
1375-03,1375,3,monthly,total_cpi_index,1.317384179801933,index points,1400,,جدول 12,ts_urban_140503-14050421160048.xlsx
1375-04,1375,4,monthly,total_cpi_index,1.317384179801933,index points,1400,,جدول 12,ts_urban_140503-14050421160048.xlsx
1375-05,1375,5,monthly,total_cpi_index,1.317384179801933,index points,1400,,جدول 12,ts_urban_140503-14050421160048.xlsx
1375-06,1375,6,monthly,total_cpi_index,1.317384179801933,index points,1400,,جدول 12,ts_urban_140503-14050421160048.xlsx
1375-07,1375,7,monthly,total_cpi_index,1.347324729342886,index points,1400,,جدول 12,ts_urban_140503-14050421160048.xlsx
1375-08,1375,8,monthly,total_cpi_index,1.377265278883839,index points,1400,,جدول 12,ts_urban_140503-14050421160048.xlsx
1375-09,1375,9,monthly,total_cpi_index,1.377265278883839,index points,1400,,جدول 12,ts_urban_140503-14050421160048.xlsx
1375-10,1375,10,monthly,total_cpi_index,1.4072058284247921,index points,1400,,جدول 12,ts_urban_140503-14050421160048.xlsx
1375-11,1375,11,monthly,total_cpi_index,1.437146377965745,index points,1400,,جدول 12,ts_urban_140503-14050421160048.xlsx
1375-12,1375,12,monthly,total_cpi_index,1.437146377965745,index points,1400,,جدول 12,ts_urban_140503-14050421160048.xlsx
1376-01,1376,1,monthly,total_cpi_index,1.497027477047651,index points,1400,,جدول 12,ts_urban_140503-14050421160048.xlsx
1376-02,1376,2,monthly,total_cpi_index,1.526968026588604,index points,1400,,جدول 12,ts_urban_140503-14050421160048.xlsx
1376-03,1376,3,monthly,total_cpi_index,1.526968026588604,index points,1400,,جدول 12,ts_urban_140503-14050421160048.xlsx
1376-04,1376,4,monthly,total_cpi_index,1.526968026588604,index points,1400,,جدول 12,ts_urban_140503-14050421160048.xlsx
1376-05,1376,5,monthly,total_cpi_index,1.5569085761295576,index points,1400,,جدول 12,ts_urban_140503-14050421160048.xlsx
1376-06,1376,6,monthly,total_cpi_index,1.5569085761295576,index points,1400,,جدول 12,ts_urban_140503-14050421160048.xlsx
1376-07,1376,7,monthly,total_cpi_index,1.5569085761295576,index points,1400,,جدول 12,ts_urban_140503-14050421160048.xlsx
1376-08,1376,8,monthly,total_cpi_index,1.5868491256705102,index points,1400,,جدول 12,ts_urban_140503-14050421160048.xlsx
1376-09,1376,9,monthly,total_cpi_index,1.6167896752114632,index points,1400,,جدول 12,ts_urban_140503-14050421160048.xlsx
1376-10,1376,10,monthly,total_cpi_index,1.646730224752416,index points,1400,,جدول 12,ts_urban_140503-14050421160048.xlsx
1376-11,1376,11,monthly,total_cpi_index,1.6766707742933689,index points,1400,,جدول 12,ts_urban_140503-14050421160048.xlsx
1376-12,1376,12,monthly,total_cpi_index,1.7066113238343221,index points,1400,,جدول 12,ts_urban_140503-14050421160048.xlsx
1377-01,1377,1,monthly,total_cpi_index,1.796432972457181,index points,1400,,جدول 12,ts_urban_140503-14050421160048.xlsx
1377-02,1377,2,monthly,total_cpi_index,1.796432972457181,index points,1400,,جدول 12,ts_urban_140503-14050421160048.xlsx
1377-03,1377,3,monthly,total_cpi_index,1.796432972457181,index points,1400,,جدول 12,ts_urban_140503-14050421160048.xlsx
1377-04,1377,4,monthly,total_cpi_index,1.796432972457181,index points,1400,,جدول 12,ts_urban_140503-14050421160048.xlsx
1377-05,1377,5,monthly,total_cpi_index,1.796432972457181,index points,1400,,جدول 12,ts_urban_140503-14050421160048.xlsx
1377-06,1377,6,monthly,total_cpi_index,1.8263735219981339,index points,1400,,جدول 12,ts_urban_140503-14050421160048.xlsx
1377-07,1377,7,monthly,total_cpi_index,1.856314071539087,index points,1400,,جدول 12,ts_urban_140503-14050421160048.xlsx
1377-08,1377,8,monthly,total_cpi_index,1.88625462108004,index points,1400,,جدول 12,ts_urban_140503-14050421160048.xlsx
1377-09,1377,9,monthly,total_cpi_index,1.9461357201619462,index points,1400,,جدول 12,ts_urban_140503-14050421160048.xlsx
1377-10,1377,10,monthly,total_cpi_index,1.9461357201619462,index points,1400,,جدول 12,ts_urban_140503-14050421160048.xlsx
1377-11,1377,11,monthly,total_cpi_index,2.0060168192438526,index points,1400,,جدول 12,ts_urban_140503-14050421160048.xlsx
1377-12,1377,12,monthly,total_cpi_index,2.0359573687848056,index points,1400,,جدول 12,ts_urban_140503-14050421160048.xlsx
1378-01,1378,1,monthly,total_cpi_index,2.1557195669486178,index points,1400,,جدول 12,ts_urban_140503-14050421160048.xlsx
1378-02,1378,2,monthly,total_cpi_index,2.185660116489571,index points,1400,,جدول 12,ts_urban_140503-14050421160048.xlsx
1378-03,1378,3,monthly,total_cpi_index,2.185660116489571,index points,1400,,جدول 12,ts_urban_140503-14050421160048.xlsx
1378-04,1378,4,monthly,total_cpi_index,2.185660116489571,index points,1400,,جدول 12,ts_urban_140503-14050421160048.xlsx
1378-05,1378,5,monthly,total_cpi_index,2.185660116489571,index points,1400,,جدول 12,ts_urban_140503-14050421160048.xlsx
1378-06,1378,6,monthly,total_cpi_index,2.215600666030524,index points,1400,,جدول 12,ts_urban_140503-14050421160048.xlsx
1378-07,1378,7,monthly,total_cpi_index,2.245541215571477,index points,1400,,جدول 12,ts_urban_140503-14050421160048.xlsx
1378-08,1378,8,monthly,total_cpi_index,2.245541215571477,index points,1400,,جدول 12,ts_urban_140503-14050421160048.xlsx
1378-09,1378,9,monthly,total_cpi_index,2.3054223146533825,index points,1400,,جدول 12,ts_urban_140503-14050421160048.xlsx
1378-10,1378,10,monthly,total_cpi_index,2.335362864194335,index points,1400,,جدول 12,ts_urban_140503-14050421160048.xlsx
1378-11,1378,11,monthly,total_cpi_index,2.3653034137352886,index points,1400,,جدول 12,ts_urban_140503-14050421160048.xlsx
1378-12,1378,12,monthly,total_cpi_index,2.4251845128171947,index points,1400,,جدول 12,ts_urban_140503-14050421160048.xlsx
1379-01,1379,1,monthly,total_cpi_index,2.4251845128171947,index points,1400,,جدول 12,ts_urban_140503-14050421160048.xlsx
1379-02,1379,2,monthly,total_cpi_index,2.4251845128171947,index points,1400,,جدول 12,ts_urban_140503-14050421160048.xlsx
1379-03,1379,3,monthly,total_cpi_index,2.485065611899101,index points,1400,,جدول 12,ts_urban_140503-14050421160048.xlsx
1379-04,1379,4,monthly,total_cpi_index,2.4551250623581473,index points,1400,,جدول 12,ts_urban_140503-14050421160048.xlsx
1379-05,1379,5,monthly,total_cpi_index,2.485065611899101,index points,1400,,جدول 12,ts_urban_140503-14050421160048.xlsx
1379-06,1379,6,monthly,total_cpi_index,2.485065611899101,index points,1400,,جدول 12,ts_urban_140503-14050421160048.xlsx
1379-07,1379,7,monthly,total_cpi_index,2.515006161440054,index points,1400,,جدول 12,ts_urban_140503-14050421160048.xlsx
1379-08,1379,8,monthly,total_cpi_index,2.544946710981007,index points,1400,,جدول 12,ts_urban_140503-14050421160048.xlsx
1379-09,1379,9,monthly,total_cpi_index,2.6048278100629125,index points,1400,,جدول 12,ts_urban_140503-14050421160048.xlsx
1379-10,1379,10,monthly,total_cpi_index,2.6048278100629125,index points,1400,,جدول 12,ts_urban_140503-14050421160048.xlsx
1379-11,1379,11,monthly,total_cpi_index,2.6347683596038656,index points,1400,,جدول 12,ts_urban_140503-14050421160048.xlsx
1379-12,1379,12,monthly,total_cpi_index,2.6946494586857717,index points,1400,,جدول 12,ts_urban_140503-14050421160048.xlsx
1380-01,1380,1,monthly,total_cpi_index,2.7245900082267247,index points,1400,,جدول 12,ts_urban_140503-14050421160048.xlsx
1380-02,1380,2,monthly,total_cpi_index,2.7245900082267247,index points,1400,,جدول 12,ts_urban_140503-14050421160048.xlsx
1380-03,1380,3,monthly,total_cpi_index,2.7545305577676777,index points,1400,,جدول 12,ts_urban_140503-14050421160048.xlsx
1380-04,1380,4,monthly,total_cpi_index,2.7545305577676777,index points,1400,,جدول 12,ts_urban_140503-14050421160048.xlsx
1380-05,1380,5,monthly,total_cpi_index,2.784471107308631,index points,1400,,جدول 12,ts_urban_140503-14050421160048.xlsx
1380-06,1380,6,monthly,total_cpi_index,2.784471107308631,index points,1400,,جدول 12,ts_urban_140503-14050421160048.xlsx
1380-07,1380,7,monthly,total_cpi_index,2.814411656849584,index points,1400,,جدول 12,ts_urban_140503-14050421160048.xlsx
1380-08,1380,8,monthly,total_cpi_index,2.814411656849584,index points,1400,,جدول 12,ts_urban_140503-14050421160048.xlsx
1380-09,1380,9,monthly,total_cpi_index,2.8742927559314895,index points,1400,,جدول 12,ts_urban_140503-14050421160048.xlsx
1380-10,1380,10,monthly,total_cpi_index,2.9042333054724425,index points,1400,,جدول 12,ts_urban_140503-14050421160048.xlsx
1380-11,1380,11,monthly,total_cpi_index,2.934173855013396,index points,1400,,جدول 12,ts_urban_140503-14050421160048.xlsx
1380-12,1380,12,monthly,total_cpi_index,2.994054954095302,index points,1400,,جدول 12,ts_urban_140503-14050421160048.xlsx
1381-01,1381,1,monthly,total_cpi_index,3.053936053177208,index points,1400,,جدول 12,ts_urban_140503-14050421160048.xlsx
1381-02,1381,2,monthly,total_cpi_index,3.0826104143250608,index points,1400,,جدول 12,ts_urban_140503-14050421160048.xlsx
1381-03,1381,3,monthly,total_cpi_index,3.099184284631427,index points,1400,,جدول 12,ts_urban_140503-14050421160048.xlsx
1381-04,1381,4,monthly,total_cpi_index,3.1530844119031816,index points,1400,,جدول 12,ts_urban_140503-14050421160048.xlsx
1381-05,1381,5,monthly,total_cpi_index,3.1655688858186424,index points,1400,,جدول 12,ts_urban_140503-14050421160048.xlsx
1381-06,1381,6,monthly,total_cpi_index,3.1673969762664136,index points,1400,,جدول 12,ts_urban_140503-14050421160048.xlsx
1381-07,1381,7,monthly,total_cpi_index,3.2051255397065526,index points,1400,,جدول 12,ts_urban_140503-14050421160048.xlsx
1381-08,1381,8,monthly,total_cpi_index,3.2187878275750865,index points,1400,,جدول 12,ts_urban_140503-14050421160048.xlsx
1381-09,1381,9,monthly,total_cpi_index,3.2525706473287115,index points,1400,,جدول 12,ts_urban_140503-14050421160048.xlsx
1381-10,1381,10,monthly,total_cpi_index,3.293553195217373,index points,1400,,جدول 12,ts_urban_140503-14050421160048.xlsx
1381-11,1381,11,monthly,total_cpi_index,3.320457736486691,index points,1400,,جدول 12,ts_urban_140503-14050421160048.xlsx
1381-12,1381,12,monthly,total_cpi_index,3.328996573967665,index points,1400,,جدول 12,ts_urban_140503-14050421160048.xlsx
1382-01,1382,1,monthly,total_cpi_index,3.4284740929665047,index points,1400,,جدول 12,ts_urban_140503-14050421160048.xlsx
1382-02,1382,2,monthly,total_cpi_index,3.4432082144062264,index points,1400,,جدول 12,ts_urban_140503-14050421160048.xlsx
1382-03,1382,3,monthly,total_cpi_index,3.493943732932167,index points,1400,,جدول 12,ts_urban_140503-14050421160048.xlsx
1382-04,1382,4,monthly,total_cpi_index,3.5870016739317205,index points,1400,,جدول 12,ts_urban_140503-14050421160048.xlsx
1382-05,1382,5,monthly,total_cpi_index,3.6041079717511724,index points,1400,,جدول 12,ts_urban_140503-14050421160048.xlsx
1382-06,1382,6,monthly,total_cpi_index,3.602292557072756,index points,1400,,جدول 12,ts_urban_140503-14050421160048.xlsx
1382-07,1382,7,monthly,total_cpi_index,3.6820801900076607,index points,1400,,جدول 12,ts_urban_140503-14050421160048.xlsx
1382-08,1382,8,monthly,total_cpi_index,3.719585884911248,index points,1400,,جدول 12,ts_urban_140503-14050421160048.xlsx
1382-09,1382,9,monthly,total_cpi_index,3.7473887099090013,index points,1400,,جدول 12,ts_urban_140503-14050421160048.xlsx
1382-10,1382,10,monthly,total_cpi_index,3.7881290505223824,index points,1400,,جدول 12,ts_urban_140503-14050421160048.xlsx
1382-11,1382,11,monthly,total_cpi_index,3.779234724949705,index points,1400,,جدول 12,ts_urban_140503-14050421160048.xlsx
1382-12,1382,12,monthly,total_cpi_index,3.7940066508363195,index points,1400,,جدول 12,ts_urban_140503-14050421160048.xlsx
1383-01,1383,1,monthly,total_cpi_index,3.9239745305791844,index points,1400,,جدول 12,ts_urban_140503-14050421160048.xlsx
1383-02,1383,2,monthly,total_cpi_index,3.947632921588863,index points,1400,,جدول 12,ts_urban_140503-14050421160048.xlsx
1383-03,1383,3,monthly,total_cpi_index,3.9743959479310047,index points,1400,,جدول 12,ts_urban_140503-14050421160048.xlsx
1383-04,1383,4,monthly,total_cpi_index,4.083139733935839,index points,1400,,جدول 12,ts_urban_140503-14050421160048.xlsx
1383-05,1383,5,monthly,total_cpi_index,4.117892550345374,index points,1400,,جدول 12,ts_urban_140503-14050421160048.xlsx
1383-06,1383,6,monthly,total_cpi_index,4.14699802547936,index points,1400,,جدول 12,ts_urban_140503-14050421160048.xlsx
1383-07,1383,7,monthly,total_cpi_index,4.234791790191301,index points,1400,,جدول 12,ts_urban_140503-14050421160048.xlsx
1383-08,1383,8,monthly,total_cpi_index,4.256718608747818,index points,1400,,جدول 12,ts_urban_140503-14050421160048.xlsx
1383-09,1383,9,monthly,total_cpi_index,4.284139658787867,index points,1400,,جدول 12,ts_urban_140503-14050421160048.xlsx
1383-10,1383,10,monthly,total_cpi_index,4.336000008279605,index points,1400,,جدول 12,ts_urban_140503-14050421160048.xlsx
1383-11,1383,11,monthly,total_cpi_index,4.355443295377976,index points,1400,,جدول 12,ts_urban_140503-14050421160048.xlsx
1383-12,1383,12,monthly,total_cpi_index,4.389088745535936,index points,1400,,جدول 12,ts_urban_140503-14050421160048.xlsx
1384-01,1384,1,monthly,total_cpi_index,4.5512164558103745,index points,1400,,جدول 12,ts_urban_140503-14050421160048.xlsx
1384-02,1384,2,monthly,total_cpi_index,4.497992376114812,index points,1400,,جدول 12,ts_urban_140503-14050421160048.xlsx
1384-03,1384,3,monthly,total_cpi_index,4.499308867988937,index points,1400,,جدول 12,ts_urban_140503-14050421160048.xlsx
1384-04,1384,4,monthly,total_cpi_index,4.562146178451186,index points,1400,,جدول 12,ts_urban_140503-14050421160048.xlsx
1384-05,1384,5,monthly,total_cpi_index,4.577319069640452,index points,1400,,جدول 12,ts_urban_140503-14050421160048.xlsx
1384-06,1384,6,monthly,total_cpi_index,4.58892733892295,index points,1400,,جدول 12,ts_urban_140503-14050421160048.xlsx
1384-07,1384,7,monthly,total_cpi_index,4.727583191642939,index points,1400,,جدول 12,ts_urban_140503-14050421160048.xlsx
1384-08,1384,8,monthly,total_cpi_index,4.7583567355302865,index points,1400,,جدول 12,ts_urban_140503-14050421160048.xlsx
1384-09,1384,9,monthly,total_cpi_index,4.786729266350829,index points,1400,,جدول 12,ts_urban_140503-14050421160048.xlsx
1384-10,1384,10,monthly,total_cpi_index,4.835053452820023,index points,1400,,جدول 12,ts_urban_140503-14050421160048.xlsx
1384-11,1384,11,monthly,total_cpi_index,4.8545882002573295,index points,1400,,جدول 12,ts_urban_140503-14050421160048.xlsx
1384-12,1384,12,monthly,total_cpi_index,4.870152703602575,index points,1400,,جدول 12,ts_urban_140503-14050421160048.xlsx
1385-01,1385,1,monthly,total_cpi_index,4.995159511974709,index points,1400,,جدول 12,ts_urban_140503-14050421160048.xlsx
1385-02,1385,2,monthly,total_cpi_index,5.011683617148516,index points,1400,,جدول 12,ts_urban_140503-14050421160048.xlsx
1385-03,1385,3,monthly,total_cpi_index,5.025229448713884,index points,1400,,جدول 12,ts_urban_140503-14050421160048.xlsx
1385-04,1385,4,monthly,total_cpi_index,5.1761392122816225,index points,1400,,جدول 12,ts_urban_140503-14050421160048.xlsx
1385-05,1385,5,monthly,total_cpi_index,5.199773884598816,index points,1400,,جدول 12,ts_urban_140503-14050421160048.xlsx
1385-06,1385,6,monthly,total_cpi_index,5.245379356641116,index points,1400,,جدول 12,ts_urban_140503-14050421160048.xlsx
1385-07,1385,7,monthly,total_cpi_index,5.380274283740172,index points,1400,,جدول 12,ts_urban_140503-14050421160048.xlsx
1385-08,1385,8,monthly,total_cpi_index,5.406259813231247,index points,1400,,جدول 12,ts_urban_140503-14050421160048.xlsx
1385-09,1385,9,monthly,total_cpi_index,5.494440573148202,index points,1400,,جدول 12,ts_urban_140503-14050421160048.xlsx
1385-10,1385,10,monthly,total_cpi_index,5.599598893127171,index points,1400,,جدول 12,ts_urban_140503-14050421160048.xlsx
1385-11,1385,11,monthly,total_cpi_index,5.626464811839962,index points,1400,,جدول 12,ts_urban_140503-14050421160048.xlsx
1385-12,1385,12,monthly,total_cpi_index,5.635361004520605,index points,1400,,جدول 12,ts_urban_140503-14050421160048.xlsx
1386-01,1386,1,monthly,total_cpi_index,5.783790086578004,index points,1400,,جدول 12,ts_urban_140503-14050421160048.xlsx
1386-02,1386,2,monthly,total_cpi_index,5.778003437596224,index points,1400,,جدول 12,ts_urban_140503-14050421160048.xlsx
1386-03,1386,3,monthly,total_cpi_index,5.82843408343971,index points,1400,,جدول 12,ts_urban_140503-14050421160048.xlsx
1386-04,1386,4,monthly,total_cpi_index,6.016515036707315,index points,1400,,جدول 12,ts_urban_140503-14050421160048.xlsx
1386-05,1386,5,monthly,total_cpi_index,6.0352785972835585,index points,1400,,جدول 12,ts_urban_140503-14050421160048.xlsx
1386-06,1386,6,monthly,total_cpi_index,6.074684918598694,index points,1400,,جدول 12,ts_urban_140503-14050421160048.xlsx
1386-07,1386,7,monthly,total_cpi_index,6.323638255857275,index points,1400,,جدول 12,ts_urban_140503-14050421160048.xlsx
1386-08,1386,8,monthly,total_cpi_index,6.403919979516707,index points,1400,,جدول 12,ts_urban_140503-14050421160048.xlsx
1386-09,1386,9,monthly,total_cpi_index,6.4724876317412985,index points,1400,,جدول 12,ts_urban_140503-14050421160048.xlsx
1386-10,1386,10,monthly,total_cpi_index,6.6178354954361795,index points,1400,,جدول 12,ts_urban_140503-14050421160048.xlsx
1386-11,1386,11,monthly,total_cpi_index,6.675333440997117,index points,1400,,جدول 12,ts_urban_140503-14050421160048.xlsx
1386-12,1386,12,monthly,total_cpi_index,6.777314238661669,index points,1400,,جدول 12,ts_urban_140503-14050421160048.xlsx
1387-01,1387,1,monthly,total_cpi_index,7.045269926750511,index points,1400,,جدول 12,ts_urban_140503-14050421160048.xlsx
1387-02,1387,2,monthly,total_cpi_index,7.198662082938135,index points,1400,,جدول 12,ts_urban_140503-14050421160048.xlsx
1387-03,1387,3,monthly,total_cpi_index,7.36331418539631,index points,1400,,جدول 12,ts_urban_140503-14050421160048.xlsx
1387-04,1387,4,monthly,total_cpi_index,7.531655099051532,index points,1400,,جدول 12,ts_urban_140503-14050421160048.xlsx
1387-05,1387,5,monthly,total_cpi_index,7.674828028054006,index points,1400,,جدول 12,ts_urban_140503-14050421160048.xlsx
1387-06,1387,6,monthly,total_cpi_index,7.8847886460910495,index points,1400,,جدول 12,ts_urban_140503-14050421160048.xlsx
1387-07,1387,7,monthly,total_cpi_index,8.067892386973211,index points,1400,,جدول 12,ts_urban_140503-14050421160048.xlsx
1387-08,1387,8,monthly,total_cpi_index,8.1795809840468,index points,1400,,جدول 12,ts_urban_140503-14050421160048.xlsx
1387-09,1387,9,monthly,total_cpi_index,8.268577514445301,index points,1400,,جدول 12,ts_urban_140503-14050421160048.xlsx
1387-10,1387,10,monthly,total_cpi_index,8.25323647881822,index points,1400,,جدول 12,ts_urban_140503-14050421160048.xlsx
1387-11,1387,11,monthly,total_cpi_index,8.208289625278663,index points,1400,,جدول 12,ts_urban_140503-14050421160048.xlsx
1387-12,1387,12,monthly,total_cpi_index,8.217871827701442,index points,1400,,جدول 12,ts_urban_140503-14050421160048.xlsx
1388-01,1388,1,monthly,total_cpi_index,8.317724523480766,index points,1400,,جدول 12,ts_urban_140503-14050421160048.xlsx
1388-02,1388,2,monthly,total_cpi_index,8.30535367282053,index points,1400,,جدول 12,ts_urban_140503-14050421160048.xlsx
1388-03,1388,3,monthly,total_cpi_index,8.353434696371963,index points,1400,,جدول 12,ts_urban_140503-14050421160048.xlsx
1388-04,1388,4,monthly,total_cpi_index,8.402390391262264,index points,1400,,جدول 12,ts_urban_140503-14050421160048.xlsx
1388-05,1388,5,monthly,total_cpi_index,8.482953304609797,index points,1400,,جدول 12,ts_urban_140503-14050421160048.xlsx
1388-06,1388,6,monthly,total_cpi_index,8.504797471744075,index points,1400,,جدول 12,ts_urban_140503-14050421160048.xlsx
1388-07,1388,7,monthly,total_cpi_index,8.559903814148582,index points,1400,,جدول 12,ts_urban_140503-14050421160048.xlsx
1388-08,1388,8,monthly,total_cpi_index,8.663187363113247,index points,1400,,جدول 12,ts_urban_140503-14050421160048.xlsx
1388-09,1388,9,monthly,total_cpi_index,8.767410760869778,index points,1400,,جدول 12,ts_urban_140503-14050421160048.xlsx
1388-10,1388,10,monthly,total_cpi_index,8.781252868380314,index points,1400,,جدول 12,ts_urban_140503-14050421160048.xlsx
1388-11,1388,11,monthly,total_cpi_index,8.779510830903913,index points,1400,,جدول 12,ts_urban_140503-14050421160048.xlsx
1388-12,1388,12,monthly,total_cpi_index,8.86381709989977,index points,1400,,جدول 12,ts_urban_140503-14050421160048.xlsx
1389-01,1389,1,monthly,total_cpi_index,9.026746460476522,index points,1400,,جدول 12,ts_urban_140503-14050421160048.xlsx
1389-02,1389,2,monthly,total_cpi_index,9.067953472126053,index points,1400,,جدول 12,ts_urban_140503-14050421160048.xlsx
1389-03,1389,3,monthly,total_cpi_index,9.120318298388852,index points,1400,,جدول 12,ts_urban_140503-14050421160048.xlsx
1389-04,1389,4,monthly,total_cpi_index,9.214347305752728,index points,1400,,جدول 12,ts_urban_140503-14050421160048.xlsx
1389-05,1389,5,monthly,total_cpi_index,9.379610761921626,index points,1400,,جدول 12,ts_urban_140503-14050421160048.xlsx
1389-06,1389,6,monthly,total_cpi_index,9.487057500008202,index points,1400,,جدول 12,ts_urban_140503-14050421160048.xlsx
1389-07,1389,7,monthly,total_cpi_index,9.697505432246633,index points,1400,,جدول 12,ts_urban_140503-14050421160048.xlsx
1389-08,1389,8,monthly,total_cpi_index,9.843226332249413,index points,1400,,جدول 12,ts_urban_140503-14050421160048.xlsx
1389-09,1389,9,monthly,total_cpi_index,10.059494306785792,index points,1400,,جدول 12,ts_urban_140503-14050421160048.xlsx
1389-10,1389,10,monthly,total_cpi_index,10.437538114782217,index points,1400,,جدول 12,ts_urban_140503-14050421160048.xlsx
1389-11,1389,11,monthly,total_cpi_index,10.80416062694344,index points,1400,,جدول 12,ts_urban_140503-14050421160048.xlsx
1389-12,1389,12,monthly,total_cpi_index,10.952144064361791,index points,1400,,جدول 12,ts_urban_140503-14050421160048.xlsx
1390-01,1390,1,monthly,total_cpi_index,11.04266314061374,index points,1400,,جدول 12,ts_urban_140503-14050421160048.xlsx
1390-02,1390,2,monthly,total_cpi_index,11.362926465959253,index points,1400,,جدول 12,ts_urban_140503-14050421160048.xlsx
1390-03,1390,3,monthly,total_cpi_index,11.571898862605495,index points,1400,,جدول 12,ts_urban_140503-14050421160048.xlsx
1390-04,1390,4,monthly,total_cpi_index,11.811492094194941,index points,1400,,جدول 12,ts_urban_140503-14050421160048.xlsx
1390-05,1390,5,monthly,total_cpi_index,12.096400689822413,index points,1400,,جدول 12,ts_urban_140503-14050421160048.xlsx
1390-06,1390,6,monthly,total_cpi_index,12.293817239041879,index points,1400,,جدول 12,ts_urban_140503-14050421160048.xlsx
1390-07,1390,7,monthly,total_cpi_index,12.500541948156826,index points,1400,,جدول 12,ts_urban_140503-14050421160048.xlsx
1390-08,1390,8,monthly,total_cpi_index,12.638080316380629,index points,1400,,جدول 12,ts_urban_140503-14050421160048.xlsx
1390-09,1390,9,monthly,total_cpi_index,12.819179910409996,index points,1400,,جدول 12,ts_urban_140503-14050421160048.xlsx
1390-10,1390,10,monthly,total_cpi_index,13.002507869276856,index points,1400,,جدول 12,ts_urban_140503-14050421160048.xlsx
1390-11,1390,11,monthly,total_cpi_index,13.26801699043497,index points,1400,,جدول 12,ts_urban_140503-14050421160048.xlsx
1390-12,1390,12,monthly,total_cpi_index,13.552657814314209,index points,1400,,جدول 12,ts_urban_140503-14050421160048.xlsx
1391-01,1391,1,monthly,total_cpi_index,13.781151271852263,index points,1400,,جدول 12,ts_urban_140503-14050421160048.xlsx
1391-02,1391,2,monthly,total_cpi_index,13.980810074714565,index points,1400,,جدول 12,ts_urban_140503-14050421160048.xlsx
1391-03,1391,3,monthly,total_cpi_index,14.0929565601028,index points,1400,,جدول 12,ts_urban_140503-14050421160048.xlsx
1391-04,1391,4,monthly,total_cpi_index,14.638849246009562,index points,1400,,جدول 12,ts_urban_140503-14050421160048.xlsx
1391-05,1391,5,monthly,total_cpi_index,14.978850366542085,index points,1400,,جدول 12,ts_urban_140503-14050421160048.xlsx
1391-06,1391,6,monthly,total_cpi_index,15.30884662759199,index points,1400,,جدول 12,ts_urban_140503-14050421160048.xlsx
1391-07,1391,7,monthly,total_cpi_index,16.087541814020828,index points,1400,,جدول 12,ts_urban_140503-14050421160048.xlsx
1391-08,1391,8,monthly,total_cpi_index,16.654038794604972,index points,1400,,جدول 12,ts_urban_140503-14050421160048.xlsx
1391-09,1391,9,monthly,total_cpi_index,16.883557355760964,index points,1400,,جدول 12,ts_urban_140503-14050421160048.xlsx
1391-10,1391,10,monthly,total_cpi_index,17.247902859414555,index points,1400,,جدول 12,ts_urban_140503-14050421160048.xlsx
1391-11,1391,11,monthly,total_cpi_index,18.036381895053303,index points,1400,,جدول 12,ts_urban_140503-14050421160048.xlsx
1391-12,1391,12,monthly,total_cpi_index,18.524029724133747,index points,1400,,جدول 12,ts_urban_140503-14050421160048.xlsx
1392-01,1392,1,monthly,total_cpi_index,19.121084374257546,index points,1400,,جدول 12,ts_urban_140503-14050421160048.xlsx
1392-02,1392,2,monthly,total_cpi_index,19.31971676740467,index points,1400,,جدول 12,ts_urban_140503-14050421160048.xlsx
1392-03,1392,3,monthly,total_cpi_index,19.89872004608756,index points,1400,,جدول 12,ts_urban_140503-14050421160048.xlsx
1392-04,1392,4,monthly,total_cpi_index,20.36573385607395,index points,1400,,جدول 12,ts_urban_140503-14050421160048.xlsx
1392-05,1392,5,monthly,total_cpi_index,20.732715181533628,index points,1400,,جدول 12,ts_urban_140503-14050421160048.xlsx
1392-06,1392,6,monthly,total_cpi_index,20.97879913497552,index points,1400,,جدول 12,ts_urban_140503-14050421160048.xlsx
1392-07,1392,7,monthly,total_cpi_index,21.28072479297857,index points,1400,,جدول 12,ts_urban_140503-14050421160048.xlsx
1392-08,1392,8,monthly,total_cpi_index,21.624156536204797,index points,1400,,جدول 12,ts_urban_140503-14050421160048.xlsx
1392-09,1392,9,monthly,total_cpi_index,21.739142603083568,index points,1400,,جدول 12,ts_urban_140503-14050421160048.xlsx
1392-10,1392,10,monthly,total_cpi_index,21.992365364036967,index points,1400,,جدول 12,ts_urban_140503-14050421160048.xlsx
1392-11,1392,11,monthly,total_cpi_index,22.005388074109675,index points,1400,,جدول 12,ts_urban_140503-14050421160048.xlsx
1392-12,1392,12,monthly,total_cpi_index,22.16390380105483,index points,1400,,جدول 12,ts_urban_140503-14050421160048.xlsx
1393-01,1393,1,monthly,total_cpi_index,22.48275042196415,index points,1400,,جدول 12,ts_urban_140503-14050421160048.xlsx
1393-02,1393,2,monthly,total_cpi_index,22.639360425843225,index points,1400,,جدول 12,ts_urban_140503-14050421160048.xlsx
1393-03,1393,3,monthly,total_cpi_index,22.816826055584762,index points,1400,,جدول 12,ts_urban_140503-14050421160048.xlsx
1393-04,1393,4,monthly,total_cpi_index,23.3895510568349,index points,1400,,جدول 12,ts_urban_140503-14050421160048.xlsx
1393-05,1393,5,monthly,total_cpi_index,23.77348798334556,index points,1400,,جدول 12,ts_urban_140503-14050421160048.xlsx
1393-06,1393,6,monthly,total_cpi_index,23.95741700195762,index points,1400,,جدول 12,ts_urban_140503-14050421160048.xlsx
1393-07,1393,7,monthly,total_cpi_index,24.293226865592317,index points,1400,,جدول 12,ts_urban_140503-14050421160048.xlsx
1393-08,1393,8,monthly,total_cpi_index,24.487424670606543,index points,1400,,جدول 12,ts_urban_140503-14050421160048.xlsx
1393-09,1393,9,monthly,total_cpi_index,24.97423855410139,index points,1400,,جدول 12,ts_urban_140503-14050421160048.xlsx
1393-10,1393,10,monthly,total_cpi_index,25.16696961264172,index points,1400,,جدول 12,ts_urban_140503-14050421160048.xlsx
1393-11,1393,11,monthly,total_cpi_index,25.171958090203905,index points,1400,,جدول 12,ts_urban_140503-14050421160048.xlsx
1393-12,1393,12,monthly,total_cpi_index,25.314591775205226,index points,1400,,جدول 12,ts_urban_140503-14050421160048.xlsx
1394-01,1394,1,monthly,total_cpi_index,25.62948245418302,index points,1400,,جدول 12,ts_urban_140503-14050421160048.xlsx
1394-02,1394,2,monthly,total_cpi_index,25.74525495434525,index points,1400,,جدول 12,ts_urban_140503-14050421160048.xlsx
1394-03,1394,3,monthly,total_cpi_index,26.057894710483843,index points,1400,,جدول 12,ts_urban_140503-14050421160048.xlsx
1394-04,1394,4,monthly,total_cpi_index,26.376511589490203,index points,1400,,جدول 12,ts_urban_140503-14050421160048.xlsx
1394-05,1394,5,monthly,total_cpi_index,26.50475504123295,index points,1400,,جدول 12,ts_urban_140503-14050421160048.xlsx
1394-06,1394,6,monthly,total_cpi_index,26.73247406148909,index points,1400,,جدول 12,ts_urban_140503-14050421160048.xlsx
1394-07,1394,7,monthly,total_cpi_index,26.93777430761583,index points,1400,,جدول 12,ts_urban_140503-14050421160048.xlsx
1394-08,1394,8,monthly,total_cpi_index,27.139531778851975,index points,1400,,جدول 12,ts_urban_140503-14050421160048.xlsx
1394-09,1394,9,monthly,total_cpi_index,27.468090506394365,index points,1400,,جدول 12,ts_urban_140503-14050421160048.xlsx
1394-10,1394,10,monthly,total_cpi_index,27.541017163013574,index points,1400,,جدول 12,ts_urban_140503-14050421160048.xlsx
1394-11,1394,11,monthly,total_cpi_index,27.424216583955296,index points,1400,,جدول 12,ts_urban_140503-14050421160048.xlsx
1394-12,1394,12,monthly,total_cpi_index,27.470618809441916,index points,1400,,جدول 12,ts_urban_140503-14050421160048.xlsx
1395-01,1395,1,monthly,total_cpi_index,27.66423489630727,index points,1400,,جدول 12,ts_urban_140503-14050421160048.xlsx
1395-02,1395,2,monthly,total_cpi_index,27.696720413631326,index points,1400,,جدول 12,ts_urban_140503-14050421160048.xlsx
1395-03,1395,3,monthly,total_cpi_index,27.871305427000834,index points,1400,,جدول 12,ts_urban_140503-14050421160048.xlsx
1395-04,1395,4,monthly,total_cpi_index,28.14721809561272,index points,1400,,جدول 12,ts_urban_140503-14050421160048.xlsx
1395-05,1395,5,monthly,total_cpi_index,28.41363320979977,index points,1400,,جدول 12,ts_urban_140503-14050421160048.xlsx
1395-06,1395,6,monthly,total_cpi_index,28.509511778918448,index points,1400,,جدول 12,ts_urban_140503-14050421160048.xlsx
1395-07,1395,7,monthly,total_cpi_index,28.657460027770767,index points,1400,,جدول 12,ts_urban_140503-14050421160048.xlsx
1395-08,1395,8,monthly,total_cpi_index,28.721741399461372,index points,1400,,جدول 12,ts_urban_140503-14050421160048.xlsx
1395-09,1395,9,monthly,total_cpi_index,28.92470202555624,index points,1400,,جدول 12,ts_urban_140503-14050421160048.xlsx
1395-10,1395,10,monthly,total_cpi_index,29.16212253669927,index points,1400,,جدول 12,ts_urban_140503-14050421160048.xlsx
1395-11,1395,11,monthly,total_cpi_index,29.296612093669296,index points,1400,,جدول 12,ts_urban_140503-14050421160048.xlsx
1395-12,1395,12,monthly,total_cpi_index,29.635656041889913,index points,1400,,جدول 12,ts_urban_140503-14050421160048.xlsx
1396-01,1396,1,monthly,total_cpi_index,30.028832041568535,index points,1400,,جدول 12,ts_urban_140503-14050421160048.xlsx
1396-02,1396,2,monthly,total_cpi_index,30.004596293138942,index points,1400,,جدول 12,ts_urban_140503-14050421160048.xlsx
1396-03,1396,3,monthly,total_cpi_index,30.08151893098222,index points,1400,,جدول 12,ts_urban_140503-14050421160048.xlsx
1396-04,1396,4,monthly,total_cpi_index,30.414334122957342,index points,1400,,جدول 12,ts_urban_140503-14050421160048.xlsx
1396-05,1396,5,monthly,total_cpi_index,30.52726390360684,index points,1400,,جدول 12,ts_urban_140503-14050421160048.xlsx
1396-06,1396,6,monthly,total_cpi_index,30.54703007935825,index points,1400,,جدول 12,ts_urban_140503-14050421160048.xlsx
1396-07,1396,7,monthly,total_cpi_index,30.97219777673671,index points,1400,,جدول 12,ts_urban_140503-14050421160048.xlsx
1396-08,1396,8,monthly,total_cpi_index,31.280240990920564,index points,1400,,جدول 12,ts_urban_140503-14050421160048.xlsx
1396-09,1396,9,monthly,total_cpi_index,31.49707547902967,index points,1400,,جدول 12,ts_urban_140503-14050421160048.xlsx
1396-10,1396,10,monthly,total_cpi_index,31.648613375181878,index points,1400,,جدول 12,ts_urban_140503-14050421160048.xlsx
1396-11,1396,11,monthly,total_cpi_index,31.749627877085718,index points,1400,,جدول 12,ts_urban_140503-14050421160048.xlsx
1396-12,1396,12,monthly,total_cpi_index,31.807852489212717,index points,1400,,جدول 12,ts_urban_140503-14050421160048.xlsx
1397-01,1397,1,monthly,total_cpi_index,32.233473510608356,index points,1400,,جدول 12,ts_urban_140503-14050421160048.xlsx
1397-02,1397,2,monthly,total_cpi_index,32.591179335183206,index points,1400,,جدول 12,ts_urban_140503-14050421160048.xlsx
1397-03,1397,3,monthly,total_cpi_index,33.14764731111594,index points,1400,,جدول 12,ts_urban_140503-14050421160048.xlsx
1397-04,1397,4,monthly,total_cpi_index,34.685394054604494,index points,1400,,جدول 12,ts_urban_140503-14050421160048.xlsx
1397-05,1397,5,monthly,total_cpi_index,36.45287439977975,index points,1400,,جدول 12,ts_urban_140503-14050421160048.xlsx
1397-06,1397,6,monthly,total_cpi_index,38.38919979107823,index points,1400,,جدول 12,ts_urban_140503-14050421160048.xlsx
1397-07,1397,7,monthly,total_cpi_index,41.00607355506522,index points,1400,,جدول 12,ts_urban_140503-14050421160048.xlsx
1397-08,1397,8,monthly,total_cpi_index,42.0711631551587,index points,1400,,جدول 12,ts_urban_140503-14050421160048.xlsx
1397-09,1397,9,monthly,total_cpi_index,43.12759921437484,index points,1400,,جدول 12,ts_urban_140503-14050421160048.xlsx
1397-10,1397,10,monthly,total_cpi_index,43.999648776301214,index points,1400,,جدول 12,ts_urban_140503-14050421160048.xlsx
1397-11,1397,11,monthly,total_cpi_index,44.91293553983998,index points,1400,,جدول 12,ts_urban_140503-14050421160048.xlsx
1397-12,1397,12,monthly,total_cpi_index,46.6275543897907,index points,1400,,جدول 12,ts_urban_140503-14050421160048.xlsx
1398-01,1398,1,monthly,total_cpi_index,48.33674311248193,index points,1400,,جدول 12,ts_urban_140503-14050421160048.xlsx
1398-02,1398,2,monthly,total_cpi_index,49.11864098887871,index points,1400,,جدول 12,ts_urban_140503-14050421160048.xlsx
1398-03,1398,3,monthly,total_cpi_index,49.50524505097236,index points,1400,,جدول 12,ts_urban_140503-14050421160048.xlsx
1398-04,1398,4,monthly,total_cpi_index,50.95713366393399,index points,1400,,جدول 12,ts_urban_140503-14050421160048.xlsx
1398-05,1398,5,monthly,total_cpi_index,51.319513708716634,index points,1400,,جدول 12,ts_urban_140503-14050421160048.xlsx
1398-06,1398,6,monthly,total_cpi_index,51.62680903912586,index points,1400,,جدول 12,ts_urban_140503-14050421160048.xlsx
1398-07,1398,7,monthly,total_cpi_index,52.613748628829576,index points,1400,,جدول 12,ts_urban_140503-14050421160048.xlsx
1398-08,1398,8,monthly,total_cpi_index,53.41449389181327,index points,1400,,جدول 12,ts_urban_140503-14050421160048.xlsx
1398-09,1398,9,monthly,total_cpi_index,55.01606764861444,index points,1400,,جدول 12,ts_urban_140503-14050421160048.xlsx
1398-10,1398,10,monthly,total_cpi_index,55.51732384105199,index points,1400,,جدول 12,ts_urban_140503-14050421160048.xlsx
1398-11,1398,11,monthly,total_cpi_index,56.16976048697131,index points,1400,,جدول 12,ts_urban_140503-14050421160048.xlsx
1398-12,1398,12,monthly,total_cpi_index,56.95997349595404,index points,1400,,جدول 12,ts_urban_140503-14050421160048.xlsx
1399-01,1399,1,monthly,total_cpi_index,58.0802160998016,index points,1400,,جدول 12,ts_urban_140503-14050421160048.xlsx
1399-02,1399,2,monthly,total_cpi_index,59.602111655868995,index points,1400,,جدول 12,ts_urban_140503-14050421160048.xlsx
1399-03,1399,3,monthly,total_cpi_index,60.76457951611777,index points,1400,,جدول 12,ts_urban_140503-14050421160048.xlsx
1399-04,1399,4,monthly,total_cpi_index,64.73086059803512,index points,1400,,جدول 12,ts_urban_140503-14050421160048.xlsx
1399-05,1399,5,monthly,total_cpi_index,67.01586837457114,index points,1400,,جدول 12,ts_urban_140503-14050421160048.xlsx
1399-06,1399,6,monthly,total_cpi_index,69.43480587349289,index points,1400,,جدول 12,ts_urban_140503-14050421160048.xlsx
1399-07,1399,7,monthly,total_cpi_index,74.34794767744035,index points,1400,,جدول 12,ts_urban_140503-14050421160048.xlsx
1399-08,1399,8,monthly,total_cpi_index,77.83951616907252,index points,1400,,جدول 12,ts_urban_140503-14050421160048.xlsx
1399-09,1399,9,monthly,total_cpi_index,79.31708939480997,index points,1400,,جدول 12,ts_urban_140503-14050421160048.xlsx
1399-10,1399,10,monthly,total_cpi_index,80.78495207809675,index points,1400,,جدول 12,ts_urban_140503-14050421160048.xlsx
1399-11,1399,11,monthly,total_cpi_index,82.68697548852822,index points,1400,,جدول 12,ts_urban_140503-14050421160048.xlsx
1399-12,1399,12,monthly,total_cpi_index,84.21132471858759,index points,1400,,جدول 12,ts_urban_140503-14050421160048.xlsx
1400-01,1400,1,monthly,total_cpi_index,87.41137022664931,index points,1400,,جدول 12,ts_urban_140503-14050421160048.xlsx
1400-02,1400,2,monthly,total_cpi_index,88.19021601426516,index points,1400,,جدول 12,ts_urban_140503-14050421160048.xlsx
1400-03,1400,3,monthly,total_cpi_index,89.95289523814084,index points,1400,,جدول 12,ts_urban_140503-14050421160048.xlsx
1400-04,1400,4,monthly,total_cpi_index,92.91804365401659,index points,1400,,جدول 12,ts_urban_140503-14050421160048.xlsx
1400-05,1400,5,monthly,total_cpi_index,95.72377290189117,index points,1400,,جدول 12,ts_urban_140503-14050421160048.xlsx
1400-06,1400,6,monthly,total_cpi_index,99.33248614400883,index points,1400,,جدول 12,ts_urban_140503-14050421160048.xlsx
1400-07,1400,7,monthly,total_cpi_index,102.46280988364822,index points,1400,,جدول 12,ts_urban_140503-14050421160048.xlsx
1400-08,1400,8,monthly,total_cpi_index,104.50769177096817,index points,1400,,جدول 12,ts_urban_140503-14050421160048.xlsx
1400-09,1400,9,monthly,total_cpi_index,106.2515573791587,index points,1400,,جدول 12,ts_urban_140503-14050421160048.xlsx
1400-10,1400,10,monthly,total_cpi_index,109.12390360331507,index points,1400,,جدول 12,ts_urban_140503-14050421160048.xlsx
1400-11,1400,11,monthly,total_cpi_index,111.21161839627116,index points,1400,,جدول 12,ts_urban_140503-14050421160048.xlsx
1400-12,1400,12,monthly,total_cpi_index,112.91363478766647,index points,1400,,جدول 12,ts_urban_140503-14050421160048.xlsx
1401-01,1401,1,monthly,total_cpi_index,115.87237783691624,index points,1400,,جدول 12,ts_urban_140503-14050421160048.xlsx
1401-02,1401,2,monthly,total_cpi_index,119.80613235600781,index points,1400,,جدول 12,ts_urban_140503-14050421160048.xlsx
1401-03,1401,3,monthly,total_cpi_index,131.81957407245653,index points,1400,,جدول 12,ts_urban_140503-14050421160048.xlsx
1401-04,1401,4,monthly,total_cpi_index,137.45137152234136,index points,1400,,جدول 12,ts_urban_140503-14050421160048.xlsx
1401-05,1401,5,monthly,total_cpi_index,140.53354357772568,index points,1400,,جدول 12,ts_urban_140503-14050421160048.xlsx
1401-06,1401,6,monthly,total_cpi_index,143.65244157799216,index points,1400,,جدول 12,ts_urban_140503-14050421160048.xlsx
1401-07,1401,7,monthly,total_cpi_index,147.44471972198215,index points,1400,,جدول 12,ts_urban_140503-14050421160048.xlsx
1401-08,1401,8,monthly,total_cpi_index,150.6666308877318,index points,1400,,جدول 12,ts_urban_140503-14050421160048.xlsx
1401-09,1401,9,monthly,total_cpi_index,154.1292029361609,index points,1400,,جدول 12,ts_urban_140503-14050421160048.xlsx
1401-10,1401,10,monthly,total_cpi_index,159.9397850618028,index points,1400,,جدول 12,ts_urban_140503-14050421160048.xlsx
1401-11,1401,11,monthly,total_cpi_index,165.2857533625884,index points,1400,,جدول 12,ts_urban_140503-14050421160048.xlsx
1401-12,1401,12,monthly,total_cpi_index,172.89154385979705,index points,1400,,جدول 12,ts_urban_140503-14050421160048.xlsx
1402-01,1402,1,monthly,total_cpi_index,179.06902068788858,index points,1400,,جدول 12,ts_urban_140503-14050421160048.xlsx
1402-02,1402,2,monthly,total_cpi_index,184.05546036703237,index points,1400,,جدول 12,ts_urban_140503-14050421160048.xlsx
1402-03,1402,3,monthly,total_cpi_index,187.85381492549865,index points,1400,,جدول 12,ts_urban_140503-14050421160048.xlsx
1402-04,1402,4,monthly,total_cpi_index,191.6388037967166,index points,1400,,جدول 12,ts_urban_140503-14050421160048.xlsx
1402-05,1402,5,monthly,total_cpi_index,196.46720453194794,index points,1400,,جدول 12,ts_urban_140503-14050421160048.xlsx
1402-06,1402,6,monthly,total_cpi_index,200.59749195404098,index points,1400,,جدول 12,ts_urban_140503-14050421160048.xlsx
1402-07,1402,7,monthly,total_cpi_index,205.40558001013366,index points,1400,,جدول 12,ts_urban_140503-14050421160048.xlsx
1402-08,1402,8,monthly,total_cpi_index,209.93768427854133,index points,1400,,جدول 12,ts_urban_140503-14050421160048.xlsx
1402-09,1402,9,monthly,total_cpi_index,215.9918557018737,index points,1400,,جدول 12,ts_urban_140503-14050421160048.xlsx
1402-10,1402,10,monthly,total_cpi_index,221.80740396253142,index points,1400,,جدول 12,ts_urban_140503-14050421160048.xlsx
1402-11,1402,11,monthly,total_cpi_index,225.0651705091362,index points,1400,,جدول 12,ts_urban_140503-14050421160048.xlsx
1402-12,1402,12,monthly,total_cpi_index,229.63385266475655,index points,1400,,جدول 12,ts_urban_140503-14050421160048.xlsx
1403-01,1403,1,monthly,total_cpi_index,235.47957468518246,index points,1400,,جدول 12,ts_urban_140503-14050421160048.xlsx
1403-02,1403,2,monthly,total_cpi_index,242.17723473676892,index points,1400,,جدول 12,ts_urban_140503-14050421160048.xlsx
1403-03,1403,3,monthly,total_cpi_index,248.87977139021214,index points,1400,,جدول 12,ts_urban_140503-14050421160048.xlsx
1403-04,1403,4,monthly,total_cpi_index,254.4476153325625,index points,1400,,جدول 12,ts_urban_140503-14050421160048.xlsx
1403-05,1403,5,monthly,total_cpi_index,259.5093040433052,index points,1400,,جدول 12,ts_urban_140503-14050421160048.xlsx
1403-06,1403,6,monthly,total_cpi_index,264.1296766393167,index points,1400,,جدول 12,ts_urban_140503-14050421160048.xlsx
1403-07,1403,7,monthly,total_cpi_index,271.1879307802189,index points,1400,,جدول 12,ts_urban_140503-14050421160048.xlsx
1403-08,1403,8,monthly,total_cpi_index,278.75670672192507,index points,1400,,جدول 12,ts_urban_140503-14050421160048.xlsx
1403-09,1403,9,monthly,total_cpi_index,284.4185940995183,index points,1400,,جدول 12,ts_urban_140503-14050421160048.xlsx
1403-10,1403,10,monthly,total_cpi_index,292.52977618065853,index points,1400,,جدول 12,ts_urban_140503-14050421160048.xlsx
1403-11,1403,11,monthly,total_cpi_index,304.3734981298289,index points,1400,,جدول 12,ts_urban_140503-14050421160048.xlsx
1403-12,1403,12,monthly,total_cpi_index,314.143930530849,index points,1400,,جدول 12,ts_urban_140503-14050421160048.xlsx
1404-01,1404,1,monthly,total_cpi_index,326.0775385620973,index points,1400,,جدول 12,ts_urban_140503-14050421160048.xlsx
1404-02,1404,2,monthly,total_cpi_index,335.1433305622232,index points,1400,,جدول 12,ts_urban_140503-14050421160048.xlsx
1404-03,1404,3,monthly,total_cpi_index,346.17202538304855,index points,1400,,جدول 12,ts_urban_140503-14050421160048.xlsx
1404-04,1404,4,monthly,total_cpi_index,358.02301522936375,index points,1400,,جدول 12,ts_urban_140503-14050421160048.xlsx
1404-05,1404,5,monthly,total_cpi_index,368.3344189225101,index points,1400,,جدول 12,ts_urban_140503-14050421160048.xlsx
1404-06,1404,6,monthly,total_cpi_index,381.9793822842851,index points,1400,,جدول 12,ts_urban_140503-14050421160048.xlsx
1404-07,1404,7,monthly,total_cpi_index,400.69879570522903,index points,1400,,جدول 12,ts_urban_140503-14050421160048.xlsx
1404-08,1404,8,monthly,total_cpi_index,414.14516499304597,index points,1400,,جدول 12,ts_urban_140503-14050421160048.xlsx
1404-09,1404,9,monthly,total_cpi_index,430.98694333901005,index points,1400,,جدول 12,ts_urban_140503-14050421160048.xlsx
1404-10,1404,10,monthly,total_cpi_index,462.39956862308327,index points,1400,,جدول 12,ts_urban_140503-14050421160048.xlsx
1404-11,1404,11,monthly,total_cpi_index,505.24873088616255,index points,1400,,جدول 12,ts_urban_140503-14050421160048.xlsx
1404-12,1404,12,monthly,total_cpi_index,531.7728198952841,index points,1400,,جدول 12,ts_urban_140503-14050421160048.xlsx
1405-01,1405,1,monthly,total_cpi_index,557.6408012603233,index points,1400,,جدول 12,ts_urban_140503-14050421160048.xlsx
1405-02,1405,2,monthly,total_cpi_index,605.976946557021,index points,1400,,جدول 12,ts_urban_140503-14050421160048.xlsx
1405-03,1405,3,monthly,total_cpi_index,641.2204474530402,index points,1400,,جدول 12,ts_urban_140503-14050421160048.xlsx
1405-04,1405,4,monthly,total_cpi_index,,index points,1400,blank,جدول 12,ts_urban_140503-14050421160048.xlsx
1405-05,1405,5,monthly,total_cpi_index,,index points,1400,blank,جدول 12,ts_urban_140503-14050421160048.xlsx
1405-06,1405,6,monthly,total_cpi_index,,index points,1400,blank,جدول 12,ts_urban_140503-14050421160048.xlsx
1405-07,1405,7,monthly,total_cpi_index,,index points,1400,blank,جدول 12,ts_urban_140503-14050421160048.xlsx
1405-08,1405,8,monthly,total_cpi_index,,index points,1400,blank,جدول 12,ts_urban_140503-14050421160048.xlsx
1405-09,1405,9,monthly,total_cpi_index,,index points,1400,blank,جدول 12,ts_urban_140503-14050421160048.xlsx
1405-10,1405,10,monthly,total_cpi_index,,index points,1400,blank,جدول 12,ts_urban_140503-14050421160048.xlsx
1405-11,1405,11,monthly,total_cpi_index,,index points,1400,blank,جدول 12,ts_urban_140503-14050421160048.xlsx
1405-12,1405,12,monthly,total_cpi_index,,index points,1400,blank,جدول 12,ts_urban_140503-14050421160048.xlsx
