solar_hijri_period,solar_hijri_year,solar_hijri_month,liquidity_thousand_billion_rials,money_thousand_billion_rials,quasi_money_thousand_billion_rials,source_unit,source_format,source_file,source_location,extraction_method,accounting_identity_difference,validation_status,source_sha256
1385-01,1385,1,916.958,294.147,622.811,billion_rials,pdf,data/raw/macroeconomic_environment/liquidity/cbi_selected_economic_indicators_monetary_credit_monthly/1385/cbi_selected_economic_indicators_monetary_banking_1385_01.pdf,page:7,pdf_coordinate_extraction,0.0,passed_liquidity_equals_money_plus_quasi_money,197f589d01e1cd24073ddc7863e97390bbb008757fe3dd02e51c333552ba4e2e
1385-02,1385,2,921.027,287.499,633.528,billion_rials,pdf,data/raw/macroeconomic_environment/liquidity/cbi_selected_economic_indicators_monetary_credit_monthly/1385/cbi_selected_economic_indicators_monetary_banking_1385_02.pdf,page:5,pdf_coordinate_extraction,0.0,passed_liquidity_equals_money_plus_quasi_money,4d0843f36f7d0af7d412d8aad2112187f5ebd0f230eb3bf52e9916c9bfd7ca4c
1385-03,1385,3,961.139,310.376,650.763,billion_rials,pdf,data/raw/macroeconomic_environment/liquidity/cbi_selected_economic_indicators_monetary_credit_monthly/1385/cbi_selected_economic_indicators_monetary_banking_1385_03.pdf,page:5,pdf_coordinate_extraction,0.0,passed_liquidity_equals_money_plus_quasi_money,711e6e394fb5c41dac30cbbc922a18283c03ab304b7b3b42e2911760eb9c6b21
1385-04,1385,4,994.407,320.996,673.411,billion_rials,pdf,data/raw/macroeconomic_environment/liquidity/cbi_selected_economic_indicators_monetary_credit_monthly/1385/cbi_selected_economic_indicators_monetary_banking_1385_04.pdf,page:1,pdf_coordinate_extraction,-0.0,passed_liquidity_equals_money_plus_quasi_money,1f59ca544e3b1d2c2a34b14b770d555fd416bc3176983fc17718c80f2b8ded88
1385-05,1385,5,1034.798,331.41,703.388,billion_rials,pdf,data/raw/macroeconomic_environment/liquidity/cbi_selected_economic_indicators_monetary_credit_monthly/1385/cbi_selected_economic_indicators_monetary_banking_1385_05.pdf,page:1,pdf_coordinate_extraction,-0.0,passed_liquidity_equals_money_plus_quasi_money,63594da89cb5884a70bb2f6ac13b53816f5a5aedfe9b24823595886c4e3de7f0
1385-06,1385,6,1059.966,340.187,719.779,billion_rials,pdf,data/raw/macroeconomic_environment/liquidity/cbi_selected_economic_indicators_monetary_credit_monthly/1385/cbi_selected_economic_indicators_monetary_banking_1385_06.pdf,page:1,pdf_coordinate_extraction,-0.0,passed_liquidity_equals_money_plus_quasi_money,2b5446e71f2b8e63fa1acb3ea218239c31f11dea06cd25ff1a3b52cc5ed32631
1385-07,1385,7,1078.833,337.091,741.742,billion_rials,pdf,data/raw/macroeconomic_environment/liquidity/cbi_selected_economic_indicators_monetary_credit_monthly/1385/cbi_selected_economic_indicators_monetary_banking_1385_07.pdf,page:1,pdf_coordinate_extraction,0.0,passed_liquidity_equals_money_plus_quasi_money,3181c353395d037ca7aa743e21b8554d788053f89b902bf2e1ef0583b059b625
1385-08,1385,8,921.019,317.919,603.1,billion_rials,pdf,data/raw/macroeconomic_environment/liquidity/cbi_selected_economic_indicators_monetary_credit_monthly/1385/cbi_selected_economic_indicators_monetary_banking_1385_08.pdf,page:1,pdf_coordinate_extraction,0.0,passed_liquidity_equals_money_plus_quasi_money,747a2de508e89ea77d445e24111f24640763a07038d5ba70647b9174a57a3dcd
1385-09,1385,9,1137.398,349.885,787.513,billion_rials,pdf,data/raw/macroeconomic_environment/liquidity/cbi_selected_economic_indicators_monetary_credit_monthly/1385/cbi_selected_economic_indicators_monetary_banking_1385_09.pdf,page:1,pdf_coordinate_extraction,-0.0,passed_liquidity_equals_money_plus_quasi_money,29f8b07b415066088e6719d1637410b68f09b111e47b411d040743a51f8a3c1b
1385-10,1385,10,1169.496,360.824,808.672,billion_rials,pdf,data/raw/macroeconomic_environment/liquidity/cbi_selected_economic_indicators_monetary_credit_monthly/1385/cbi_selected_economic_indicators_monetary_banking_1385_10.pdf,page:1,pdf_coordinate_extraction,0.0,passed_liquidity_equals_money_plus_quasi_money,20c0a74d946bbfd214b5e981285a783beec78a90813d81b03a749d0b5e101f9a
1385-11,1385,11,1209.09,377.384,831.706,billion_rials,pdf,data/raw/macroeconomic_environment/liquidity/cbi_selected_economic_indicators_monetary_credit_monthly/1385/cbi_selected_economic_indicators_monetary_banking_1385_11.pdf,page:1,pdf_coordinate_extraction,0.0,passed_liquidity_equals_money_plus_quasi_money,7d04fb801316ecbd8e7e65d09650c62f1dec1d4270a967d8d75a2b9c852d306d
1385-12,1385,12,1284.199,414.545,869.654,billion_rials,pdf,data/raw/macroeconomic_environment/liquidity/cbi_selected_economic_indicators_monetary_credit_monthly/1385/cbi_selected_economic_indicators_monetary_banking_1385_12.pdf,page:1,pdf_coordinate_extraction,-0.0,passed_liquidity_equals_money_plus_quasi_money,ed51464e2e977637ca685091bf51423007b8aa28ef5519619b475c0cee538a5e
1386-01,1386,1,1276.489,370.627,905.862,billion_rials,pdf,data/raw/macroeconomic_environment/liquidity/cbi_selected_economic_indicators_monetary_credit_monthly/1386/cbi_selected_economic_indicators_monetary_banking_1386_01.pdf,page:1,pdf_coordinate_extraction,0.0,passed_liquidity_equals_money_plus_quasi_money,e7a93c6dcc758f84276103f11403690900a5a35014adb67d1a5dec7c7d0c7838
1386-02,1386,2,1314.978,390.298,924.679,billion_rials,pdf,data/raw/macroeconomic_environment/liquidity/cbi_selected_economic_indicators_monetary_credit_monthly/1386/cbi_selected_economic_indicators_monetary_banking_1386_02.pdf,page:1,pdf_coordinate_extraction,0.0,passed_liquidity_equals_money_plus_quasi_money,150cd1a7c75955ad227dfce94f82da6362ab03a4226afaae3965490aed9d83c6
1386-03,1386,3,1341.073,403.475,937.598,billion_rials,pdf,data/raw/macroeconomic_environment/liquidity/cbi_selected_economic_indicators_monetary_credit_monthly/1386/cbi_selected_economic_indicators_monetary_banking_1386_03.pdf,page:1,pdf_coordinate_extraction,0.0,passed_liquidity_equals_money_plus_quasi_money,586bda25fef18f73ed2bb75b057fadcb13eb2fa6dc92d4ca35d6eb5dd44670aa
1386-04,1386,4,1393.18,433.951,959.229,billion_rials,pdf,data/raw/macroeconomic_environment/liquidity/cbi_selected_economic_indicators_monetary_credit_monthly/1386/cbi_selected_economic_indicators_monetary_banking_1386_04.pdf,page:1,pdf_coordinate_extraction,0.0,passed_liquidity_equals_money_plus_quasi_money,34411a23968cf556a24c6db026dc7b2d2e078959fc68272a7c1a01abda351de8
1386-05,1386,5,1422.068,438.265,983.803,billion_rials,pdf,data/raw/macroeconomic_environment/liquidity/cbi_selected_economic_indicators_monetary_credit_monthly/1386/cbi_selected_economic_indicators_monetary_banking_1386_05.pdf,page:1,pdf_coordinate_extraction,0.0,passed_liquidity_equals_money_plus_quasi_money,e067ff3bfb58675c04d24c4591fccf6422e1c4f0148fbb6971dceaf63ad432a1
1386-06,1386,6,1451.176,451.002,1000.174,billion_rials,pdf,data/raw/macroeconomic_environment/liquidity/cbi_selected_economic_indicators_monetary_credit_monthly/1386/cbi_selected_economic_indicators_monetary_banking_1386_06.pdf,page:1,pdf_coordinate_extraction,0.0,passed_liquidity_equals_money_plus_quasi_money,3cba2d08887c7e57802dc1f210932d1d12cf9f745ea8f3f660dddf2c24e9053e
1386-07,1386,7,1481.101,457.403,1023.698,billion_rials,pdf,data/raw/macroeconomic_environment/liquidity/cbi_selected_economic_indicators_monetary_credit_monthly/1386/cbi_selected_economic_indicators_monetary_banking_1386_07.pdf,page:1,pdf_coordinate_extraction,0.0,passed_liquidity_equals_money_plus_quasi_money,41821f374c4c2fc13d89a411792d46b140748fd8b2d977a99336686b7d70534b
1386-08,1386,8,1511.544,467.46,1044.084,billion_rials,pdf,data/raw/macroeconomic_environment/liquidity/cbi_selected_economic_indicators_monetary_credit_monthly/1386/cbi_selected_economic_indicators_monetary_banking_1386_08.pdf,page:1,pdf_coordinate_extraction,0.0,passed_liquidity_equals_money_plus_quasi_money,6f80ead4169572847459c436e29897e3bbbb054ef3073c28885eafea35c604b6
1386-09,1386,9,1523.167,461.158,1062.009,billion_rials,pdf,data/raw/macroeconomic_environment/liquidity/cbi_selected_economic_indicators_monetary_credit_monthly/1386/cbi_selected_economic_indicators_monetary_banking_1386_09.pdf,page:1,pdf_coordinate_extraction,0.0,passed_liquidity_equals_money_plus_quasi_money,1bddb6670f74c6494958cb3c8e11e96ade4e8e4644e4e0e61dfc5e55d0dda7ca
1386-10,1386,10,1537.545,456.689,1080.856,billion_rials,pdf,data/raw/macroeconomic_environment/liquidity/cbi_selected_economic_indicators_monetary_credit_monthly/1386/cbi_selected_economic_indicators_monetary_banking_1386_10.pdf,page:1,pdf_coordinate_extraction,0.0,passed_liquidity_equals_money_plus_quasi_money,2bf1586c8d39673428546cc5e7e0815014e97b2db89296e0c5c28af0e007b9da
1386-11,1386,11,1566.169,476.641,1089.528,billion_rials,pdf,data/raw/macroeconomic_environment/liquidity/cbi_selected_economic_indicators_monetary_credit_monthly/1386/cbi_selected_economic_indicators_monetary_banking_1386_11.pdf,page:1,pdf_coordinate_extraction,0.0,passed_liquidity_equals_money_plus_quasi_money,888759cc44d24d989c19ce70315c2a82fbc9556e17fecaab21e9b75ae993fd75
1386-12,1386,12,1640.293,535.707,1104.586,billion_rials,pdf,data/raw/macroeconomic_environment/liquidity/cbi_selected_economic_indicators_monetary_credit_monthly/1386/cbi_selected_economic_indicators_monetary_banking_1386_12.pdf,page:1,pdf_coordinate_extraction,0.0,passed_liquidity_equals_money_plus_quasi_money,3e4baa41bcfca01f74b25f9cfc6fd4e9398dff8b8a0b8d0e0a51d2d32081bf56
1387-01,1387,1,1595.703,469.872,1125.83,billion_rials,pdf,data/raw/macroeconomic_environment/liquidity/cbi_selected_economic_indicators_monetary_credit_monthly/1387/cbi_selected_economic_indicators_monetary_banking_1387_01.pdf,page:1,pdf_coordinate_extraction,0.0,passed_liquidity_equals_money_plus_quasi_money,9954f51372341ad7a81fc1646b1f8f90f51aecec9161731979d42a3ac29d38ac
1387-02,1387,2,1614.411,476.804,1137.607,billion_rials,pdf,data/raw/macroeconomic_environment/liquidity/cbi_selected_economic_indicators_monetary_credit_monthly/1387/cbi_selected_economic_indicators_monetary_banking_1387_02.pdf,page:1,pdf_coordinate_extraction,0.0,passed_liquidity_equals_money_plus_quasi_money,00f0b227966e72533b0bbf1d47ed3585de91c831821aae87793309756ac65eaa
1387-03,1387,3,1622.664,478.146,1144.518,billion_rials,pdf,data/raw/macroeconomic_environment/liquidity/cbi_selected_economic_indicators_monetary_credit_monthly/1387/cbi_selected_economic_indicators_monetary_banking_1387_03.pdf,page:1,pdf_coordinate_extraction,0.0,passed_liquidity_equals_money_plus_quasi_money,441177c22cc310a6960a1c08d4deb96f4dd83cc9024f07b2d473797b3d16eb74
1387-04,1387,4,1645.278,499.728,1145.55,billion_rials,pdf,data/raw/macroeconomic_environment/liquidity/cbi_selected_economic_indicators_monetary_credit_monthly/1387/cbi_selected_economic_indicators_monetary_banking_1387_04.pdf,page:1,pdf_coordinate_extraction,-0.0,passed_liquidity_equals_money_plus_quasi_money,7d00303b470b68faea31315202420d9e024f067e9b3041ee74a30c4634fa7242
1387-05,1387,5,1654.762,492.445,1162.317,billion_rials,pdf,data/raw/macroeconomic_environment/liquidity/cbi_selected_economic_indicators_monetary_credit_monthly/1387/cbi_selected_economic_indicators_monetary_banking_1387_05.pdf,page:1,pdf_coordinate_extraction,-0.0,passed_liquidity_equals_money_plus_quasi_money,5f7f0bbc88b33fe7bdf8e5614eb30954869647c71425b16e2f55f341bb6b9c19
1387-06,1387,6,1670.609,493.072,1177.538,billion_rials,pdf,data/raw/macroeconomic_environment/liquidity/cbi_selected_economic_indicators_monetary_credit_monthly/1387/cbi_selected_economic_indicators_monetary_banking_1387_06.pdf,page:1,pdf_coordinate_extraction,0.0,passed_liquidity_equals_money_plus_quasi_money,14bdb0282100bee4cfd19e370e86a6423bad0bd02c2fd8ab65d26b37e9fd17cc
1387-07,1387,7,1694.22,491.449,1202.771,billion_rials,pdf,data/raw/macroeconomic_environment/liquidity/cbi_selected_economic_indicators_monetary_credit_monthly/1387/cbi_selected_economic_indicators_monetary_banking_1387_07.pdf,page:1,pdf_coordinate_extraction,-0.0,passed_liquidity_equals_money_plus_quasi_money,435e4bfc1d8626bd34466baab064fd3aa14895043e831d9e0dbfbc39f4a9b693
1387-08,1387,8,1705.345,485.034,1220.311,billion_rials,pdf,data/raw/macroeconomic_environment/liquidity/cbi_selected_economic_indicators_monetary_credit_monthly/1387/cbi_selected_economic_indicators_monetary_banking_1387_08.pdf,page:1,pdf_coordinate_extraction,0.0,passed_liquidity_equals_money_plus_quasi_money,f59f6151e82e339235826cff1727c6d2648c4c8f6537a762c6dfa82adafea2af
1387-09,1387,9,1704.944,470.495,1234.449,billion_rials,pdf,data/raw/macroeconomic_environment/liquidity/cbi_selected_economic_indicators_monetary_credit_monthly/1387/cbi_selected_economic_indicators_monetary_banking_1387_09.pdf,page:1,pdf_coordinate_extraction,0.0,passed_liquidity_equals_money_plus_quasi_money,fb71cdcba86ae43f6cf157bdd98a3397c921a87ccc8c2fde0c3226706d609ac5
1387-10,1387,10,1734.079,459.119,1274.959,billion_rials,pdf,data/raw/macroeconomic_environment/liquidity/cbi_selected_economic_indicators_monetary_credit_monthly/1387/cbi_selected_economic_indicators_monetary_banking_1387_10.pdf,page:1,pdf_coordinate_extraction,0.0,passed_liquidity_equals_money_plus_quasi_money,dc7df4ae26f8ad157f2da06312efc90479bc1f78fa8bbbc1045675db62d6e2e6
1387-11,1387,11,1774.584,462.704,1311.88,billion_rials,pdf,data/raw/macroeconomic_environment/liquidity/cbi_selected_economic_indicators_monetary_credit_monthly/1387/cbi_selected_economic_indicators_monetary_banking_1387_11.pdf,page:1,pdf_coordinate_extraction,-0.0,passed_liquidity_equals_money_plus_quasi_money,54de28079e82f31cf55ae35c151f4296c4ab067cf7f40a1ffbf7b33e89f6c955
1387-12,1387,12,1901.366,525.482,1375.883,billion_rials,pdf,data/raw/macroeconomic_environment/liquidity/cbi_selected_economic_indicators_monetary_credit_monthly/1387/cbi_selected_economic_indicators_monetary_banking_1387_12.pdf,page:1,pdf_coordinate_extraction,0.0,passed_liquidity_equals_money_plus_quasi_money,e1cdd4f45426d521efdae68ff4414ce8efcdbc8dfca1ee055ba1f787479df254
1388-01,1388,1,1880.889,462.668,1418.221,billion_rials,pdf,data/raw/macroeconomic_environment/liquidity/cbi_selected_economic_indicators_monetary_credit_monthly/1388/cbi_selected_economic_indicators_monetary_banking_1388_01.pdf,page:1,pdf_coordinate_extraction,0.0,passed_liquidity_equals_money_plus_quasi_money,7dfbfcc9025c930268fcee656de1ba8461aa30436cba0f259ed396d0b9b1f482
1388-02,1388,2,1902.747,448.992,1453.755,billion_rials,pdf,data/raw/macroeconomic_environment/liquidity/cbi_selected_economic_indicators_monetary_credit_monthly/1388/cbi_selected_economic_indicators_monetary_banking_1388_02.pdf,page:1,pdf_coordinate_extraction,0.0,passed_liquidity_equals_money_plus_quasi_money,e82c0d75bbb9c97c9b9247313a6fa2232ce41882e781c674b2d57666f159ccbe
1388-03,1388,3,1970.485,486.347,1484.139,billion_rials,pdf,data/raw/macroeconomic_environment/liquidity/cbi_selected_economic_indicators_monetary_credit_monthly/1388/cbi_selected_economic_indicators_monetary_banking_1388_03.pdf,page:1,pdf_coordinate_extraction,0.0,passed_liquidity_equals_money_plus_quasi_money,18bec9e207e7ed84a22d5f0eaa6d78ae32ab14c1926168de735a481373e0da60
1388-04,1388,4,2024.153,503.112,1521.041,billion_rials,pdf,data/raw/macroeconomic_environment/liquidity/cbi_selected_economic_indicators_monetary_credit_monthly/1388/cbi_selected_economic_indicators_monetary_banking_1388_04.pdf,page:1,pdf_coordinate_extraction,-0.0,passed_liquidity_equals_money_plus_quasi_money,7dda2e917423a1aea2096930050e6bbc97352652307eaa39c1c8a607d3fa2860
1388-05,1388,5,2064.08,499.543,1564.537,billion_rials,pdf,data/raw/macroeconomic_environment/liquidity/cbi_selected_economic_indicators_monetary_credit_monthly/1388/cbi_selected_economic_indicators_monetary_banking_1388_05.pdf,page:1,pdf_coordinate_extraction,0.0,passed_liquidity_equals_money_plus_quasi_money,05d9769f5e2066812d7a114a1d424131b315c20b1bf76d7dc8eb434203293eca
1388-06,1388,6,2116.614,515.762,1600.852,billion_rials,pdf,data/raw/macroeconomic_environment/liquidity/cbi_selected_economic_indicators_monetary_credit_monthly/1388/cbi_selected_economic_indicators_monetary_banking_1388_06.pdf,page:1,pdf_coordinate_extraction,-0.0,passed_liquidity_equals_money_plus_quasi_money,0a3ded4f5faaee82d80334fd1b36686753c3aed0ac2895f53728dab5ad32e25b
1388-07,1388,7,2120.457,500.982,1619.475,billion_rials,pdf,data/raw/macroeconomic_environment/liquidity/cbi_selected_economic_indicators_monetary_credit_monthly/1388/cbi_selected_economic_indicators_monetary_banking_1388_07.pdf,page:1,pdf_coordinate_extraction,0.0,passed_liquidity_equals_money_plus_quasi_money,1239b635625f63ab6c8defc6585aa53bf50804873295ce2deea11198c85663ca
1388-08,1388,8,2136.026,502.819,1633.207,billion_rials,pdf,data/raw/macroeconomic_environment/liquidity/cbi_selected_economic_indicators_monetary_credit_monthly/1388/cbi_selected_economic_indicators_monetary_banking_1388_08.pdf,page:1,pdf_coordinate_extraction,0.0,passed_liquidity_equals_money_plus_quasi_money,1add2905a68a763d9828dd4c223fd469fcc49161c6029293dd25b392aa6f9d09
1388-09,1388,9,2171.923,507.316,1664.607,billion_rials,pdf,data/raw/macroeconomic_environment/liquidity/cbi_selected_economic_indicators_monetary_credit_monthly/1388/cbi_selected_economic_indicators_monetary_banking_1388_09.pdf,page:1,pdf_coordinate_extraction,-0.0,passed_liquidity_equals_money_plus_quasi_money,4a6197484e479bddf4b8ed75408d3389a246fa8a25b28920da4541ba7172d9e5
1388-10,1388,10,2202.739,494.748,1707.991,billion_rials,pdf,data/raw/macroeconomic_environment/liquidity/cbi_selected_economic_indicators_monetary_credit_monthly/1388/cbi_selected_economic_indicators_monetary_banking_1388_10.pdf,page:1,pdf_coordinate_extraction,-0.0,passed_liquidity_equals_money_plus_quasi_money,c9e43937297d488b10a5861f31f9ac0f5b0b696a5719fb3bba7ea18fccb8fafd
1388-11,1388,11,2241.401,529.231,1712.17,billion_rials,pdf,data/raw/macroeconomic_environment/liquidity/cbi_selected_economic_indicators_monetary_credit_monthly/1388/cbi_selected_economic_indicators_monetary_banking_1388_11.pdf,page:1,pdf_coordinate_extraction,0.0,passed_liquidity_equals_money_plus_quasi_money,ecba60a13b8e39338a40091ac72479470dce8382c3fd406f6c71cd1db5b1c348
1388-12,1388,12,2355.889,601.697,1754.192,billion_rials,pdf,data/raw/macroeconomic_environment/liquidity/cbi_selected_economic_indicators_monetary_credit_monthly/1388/cbi_selected_economic_indicators_monetary_banking_1388_12.pdf,page:1,pdf_coordinate_extraction,-0.0,passed_liquidity_equals_money_plus_quasi_money,860a74c6a85ed52ff18cbe71b1010f5255a89d9f29c0794d1e6baa07fe7124a4
1389-01,1389,1,2400.647,561.972,1838.675,billion_rials,pdf,data/raw/macroeconomic_environment/liquidity/cbi_selected_economic_indicators_monetary_credit_monthly/1389/cbi_selected_economic_indicators_monetary_banking_1389_01.pdf,page:1,pdf_coordinate_extraction,0.0,passed_liquidity_equals_money_plus_quasi_money,ee552505cac211cbe831af33ac7f76598966d11f44be0e7d7db64396d0b946a0
1389-02,1389,2,2406.68,549.847,1856.833,billion_rials,pdf,data/raw/macroeconomic_environment/liquidity/cbi_selected_economic_indicators_monetary_credit_monthly/1389/cbi_selected_economic_indicators_monetary_banking_1389_02.pdf,page:1,pdf_coordinate_extraction,0.0,passed_liquidity_equals_money_plus_quasi_money,64b122bbda7428af0a800dd5d8f800a2b1f7d972babd77892146a19c50446762
1389-03,1389,3,2466.278,576.369,1889.909,billion_rials,pdf,data/raw/macroeconomic_environment/liquidity/cbi_selected_economic_indicators_monetary_credit_monthly/1389/cbi_selected_economic_indicators_monetary_banking_1389_03.pdf,page:1,pdf_coordinate_extraction,0.0,passed_liquidity_equals_money_plus_quasi_money,4275a3a27c90e0d849dd6ed045517d0de366e1b2ffe6a91af57a31b13fa95740
1389-04,1389,4,2512.617,590.193,1922.424,billion_rials,pdf,data/raw/macroeconomic_environment/liquidity/cbi_selected_economic_indicators_monetary_credit_monthly/1389/cbi_selected_economic_indicators_monetary_banking_1389_04.pdf,page:1,pdf_coordinate_extraction,0.0,passed_liquidity_equals_money_plus_quasi_money,ecebb0ca5a45cf1b9b1be6784ab5ae353ee84995d271bc37be15e72db4e74207
1389-05,1389,5,2569.389,603.259,1966.13,billion_rials,pdf,data/raw/macroeconomic_environment/liquidity/cbi_selected_economic_indicators_monetary_credit_monthly/1389/cbi_selected_economic_indicators_monetary_banking_1389_05.pdf,page:1,pdf_coordinate_extraction,0.0,passed_liquidity_equals_money_plus_quasi_money,9a9ea16fe163041785761876aa1b27437db8a05fcf7c1db1379f7d2e9e5ec819
1389-06,1389,6,2612.714,624.08,1988.634,billion_rials,pdf,data/raw/macroeconomic_environment/liquidity/cbi_selected_economic_indicators_monetary_credit_monthly/1389/cbi_selected_economic_indicators_monetary_banking_1389_06.pdf,page:1,pdf_coordinate_extraction,0.0,passed_liquidity_equals_money_plus_quasi_money,bf4e948017d363f7f1761c9ef668ebca586a6b66c7f0c7fbf545439632fa7978
1389-07,1389,7,2620.434,625.05,1995.383,billion_rials,pdf,data/raw/macroeconomic_environment/liquidity/cbi_selected_economic_indicators_monetary_credit_monthly/1389/cbi_selected_economic_indicators_monetary_banking_1389_07.pdf,page:1,pdf_coordinate_extraction,0.0,passed_liquidity_equals_money_plus_quasi_money,4ea0777e99d87a149d3857beb7908688ab3b2fa11a144fbf82bd8b8ab46d197d
1389-08,1389,8,2668.639,632.165,2036.474,billion_rials,pdf,data/raw/macroeconomic_environment/liquidity/cbi_selected_economic_indicators_monetary_credit_monthly/1389/cbi_selected_economic_indicators_monetary_banking_1389_08.pdf,page:1,pdf_coordinate_extraction,0.0,passed_liquidity_equals_money_plus_quasi_money,f5c69bb13e2268ea0869cc238d3278202958790d1b3ac87f9da47a8ae045f4b9
1389-09,1389,9,2706.761,644.809,2061.952,billion_rials,pdf,data/raw/macroeconomic_environment/liquidity/cbi_selected_economic_indicators_monetary_credit_monthly/1389/cbi_selected_economic_indicators_monetary_banking_1389_09.pdf,page:1,pdf_coordinate_extraction,0.0,passed_liquidity_equals_money_plus_quasi_money,b7c086b6fc3ee610dc69aaf13ab2cf4fd3c0db78cc3d4350dd41cc9cf5781777
1389-10,1389,10,2762.698,641.641,2121.057,billion_rials,pdf,data/raw/macroeconomic_environment/liquidity/cbi_selected_economic_indicators_monetary_credit_monthly/1389/cbi_selected_economic_indicators_monetary_banking_1389_10.pdf,page:1,pdf_coordinate_extraction,0.0,passed_liquidity_equals_money_plus_quasi_money,5775ebd6b8e7a6ca269819aa6b625eb313dfdb435a2d3df9a39554d6dd13ac1b
1389-11,1389,11,2861.095,676.109,2184.986,billion_rials,pdf,data/raw/macroeconomic_environment/liquidity/cbi_selected_economic_indicators_monetary_credit_monthly/1389/cbi_selected_economic_indicators_monetary_banking_1389_11.pdf,page:1,pdf_coordinate_extraction,0.0,passed_liquidity_equals_money_plus_quasi_money,4280cdd60564aa92d9bcc30e841d2600e47baeb2bc9aa5595f06c7cf89aca6b4
1389-12,1389,12,2948.874,758.717,2190.158,billion_rials,pdf,data/raw/macroeconomic_environment/liquidity/cbi_selected_economic_indicators_monetary_credit_monthly/1389/cbi_selected_economic_indicators_monetary_banking_1389_12.pdf,page:1,pdf_coordinate_extraction,0.0,passed_liquidity_equals_money_plus_quasi_money,f54b6ed7b9efe83256ea627caab8740da8de271fd77d3b8446341f0430bac39f
1390-01,1390,1,2957.162,709.098,2248.064,billion_rials,pdf,data/raw/macroeconomic_environment/liquidity/cbi_selected_economic_indicators_monetary_credit_monthly/1390/cbi_selected_economic_indicators_monetary_banking_1390_01.pdf,page:1,pdf_coordinate_extraction,0.0,passed_liquidity_equals_money_plus_quasi_money,6e720a9a2d188867a4e5b70fe7e2857ae1c3c8772b434da37a4b71fa09f024dd
1390-02,1390,2,3018.724,729.432,2289.291,billion_rials,pdf,data/raw/macroeconomic_environment/liquidity/cbi_selected_economic_indicators_monetary_credit_monthly/1390/cbi_selected_economic_indicators_monetary_banking_1390_02.pdf,page:1,pdf_coordinate_extraction,0.0,passed_liquidity_equals_money_plus_quasi_money,9acf704de2e458cb4355636aab0516cf64ca50b838ee24fa8db26418c14e22a9
1390-03,1390,3,3024.739,742.411,2282.328,billion_rials,pdf,data/raw/macroeconomic_environment/liquidity/cbi_selected_economic_indicators_monetary_credit_monthly/1390/cbi_selected_economic_indicators_monetary_banking_1390_03.pdf,page:1,pdf_coordinate_extraction,0.0,passed_liquidity_equals_money_plus_quasi_money,e1a185fb545b18357253909901a142440b062372ec10329fb4c314ba5f2d471c
1390-04,1390,4,3036.251,732.66,2303.591,billion_rials,pdf,data/raw/macroeconomic_environment/liquidity/cbi_selected_economic_indicators_monetary_credit_monthly/1390/cbi_selected_economic_indicators_monetary_banking_1390_04.pdf,page:1,pdf_coordinate_extraction,0.0,passed_liquidity_equals_money_plus_quasi_money,6ab25a17a13ed1df53f727f44ee9be799babc00406c06faede1f537ac674d28e
1390-05,1390,5,3120.919,748.322,2372.597,billion_rials,pdf,data/raw/macroeconomic_environment/liquidity/cbi_selected_economic_indicators_monetary_credit_monthly/1390/cbi_selected_economic_indicators_monetary_banking_1390_05.pdf,page:1,pdf_coordinate_extraction,0.0,passed_liquidity_equals_money_plus_quasi_money,24cf516ef7c6b538f920d6fac6e0731caaf9e36f7eedc693be7346546b53bdc8
1390-06,1390,6,3182.474,755.946,2426.528,billion_rials,pdf,data/raw/macroeconomic_environment/liquidity/cbi_selected_economic_indicators_monetary_credit_monthly/1390/cbi_selected_economic_indicators_monetary_banking_1390_06.pdf,page:1,pdf_coordinate_extraction,0.0,passed_liquidity_equals_money_plus_quasi_money,5987b74ae300590bf097ba9b9438104f0d912d711289db7a049ed5dce63f815b
1390-07,1390,7,3200.602,755.593,2445.008,billion_rials,pdf,data/raw/macroeconomic_environment/liquidity/cbi_selected_economic_indicators_monetary_credit_monthly/1390/cbi_selected_economic_indicators_monetary_banking_1390_07.pdf,page:1,pdf_coordinate_extraction,0.0,passed_liquidity_equals_money_plus_quasi_money,9fc7d6b563e1129fcd5c4435dd91f014dffadbf857f97a7eed4a191d465fb337
1390-08,1390,8,3245.579,765.697,2479.882,billion_rials,pdf,data/raw/macroeconomic_environment/liquidity/cbi_selected_economic_indicators_monetary_credit_monthly/1390/cbi_selected_economic_indicators_monetary_banking_1390_08.pdf,page:1,pdf_coordinate_extraction,-0.0,passed_liquidity_equals_money_plus_quasi_money,d386a35d2bf59319187e058b0bfc814342789fa2ecd1f03786104434411e48db
1390-09,1390,9,3257.389,770.651,2486.737,billion_rials,pdf,data/raw/macroeconomic_environment/liquidity/cbi_selected_economic_indicators_monetary_credit_monthly/1390/cbi_selected_economic_indicators_monetary_banking_1390_09.pdf,page:1,pdf_coordinate_extraction,0.0,passed_liquidity_equals_money_plus_quasi_money,56883d5fff6705a4fdc6dde43c72eb79991b44ffb6cf8823189bb77d04a5c5f6
1390-10,1390,10,3276.953,779.74,2497.213,billion_rials,pdf,data/raw/macroeconomic_environment/liquidity/cbi_selected_economic_indicators_monetary_credit_monthly/1390/cbi_selected_economic_indicators_monetary_banking_1390_10.pdf,page:1,pdf_coordinate_extraction,-0.0,passed_liquidity_equals_money_plus_quasi_money,fe265a06b93010bf11f57617129473723bf143772dd6d772cff023a61e9b66f8
1390-11,1390,11,3390.528,835.487,2555.041,billion_rials,pdf,data/raw/macroeconomic_environment/liquidity/cbi_selected_economic_indicators_monetary_credit_monthly/1390/cbi_selected_economic_indicators_monetary_banking_1390_11.pdf,page:1,pdf_coordinate_extraction,0.0,passed_liquidity_equals_money_plus_quasi_money,49e6ec3b7039c2516d501b87670f6370006f709230a1ff079ee1b076717fd338
1390-12,1390,12,3542.552,897.572,2644.979,billion_rials,pdf,data/raw/macroeconomic_environment/liquidity/cbi_selected_economic_indicators_monetary_credit_monthly/1390/cbi_selected_economic_indicators_monetary_banking_1390_12.pdf,page:1,pdf_coordinate_extraction,0.0,passed_liquidity_equals_money_plus_quasi_money,bf44a846bf466fce820ed97974d897b05b40876c66ada297f9600277b8d10fb3
1391-01,1391,1,3587.966,849.046,2738.92,billion_rials,pdf,data/raw/macroeconomic_environment/liquidity/cbi_selected_economic_indicators_monetary_credit_monthly/1391/cbi_selected_economic_indicators_monetary_banking_1391_01.pdf,page:1,pdf_coordinate_extraction,0.0,passed_liquidity_equals_money_plus_quasi_money,429385b9cf8000753c1ada32a5d939d9c602f4fb58b7b4b9561d5d3f73352703
1391-02,1391,2,3709.046,868.645,2840.401,billion_rials,pdf,data/raw/macroeconomic_environment/liquidity/cbi_selected_economic_indicators_monetary_credit_monthly/1391/cbi_selected_economic_indicators_monetary_banking_1391_02.pdf,page:1,pdf_coordinate_extraction,-0.0,passed_liquidity_equals_money_plus_quasi_money,b33f56f0a4d8877d8bce1fa0913b35a7436244e0ce7196dec77941c4f2c2d528
1391-03,1391,3,3767.343,879.321,2888.022,billion_rials,pdf,data/raw/macroeconomic_environment/liquidity/cbi_selected_economic_indicators_monetary_credit_monthly/1391/cbi_selected_economic_indicators_monetary_banking_1391_03.pdf,page:1,pdf_coordinate_extraction,-0.0,passed_liquidity_equals_money_plus_quasi_money,35ebc18279779fab6d0ba21b8a7dfc0642dcff3e08f7496abfca5926070bf4fb
1391-04,1391,4,3875.932,921.942,2953.99,billion_rials,pdf,data/raw/macroeconomic_environment/liquidity/cbi_selected_economic_indicators_monetary_credit_monthly/1391/cbi_selected_economic_indicators_monetary_banking_1391_04.pdf,page:1,pdf_coordinate_extraction,0.0,passed_liquidity_equals_money_plus_quasi_money,52429f31f929577e86f5f89202f718401c58fb7c7370818adaf423562add81bf
1391-05,1391,5,3928.511,892.196,3036.315,billion_rials,pdf,data/raw/macroeconomic_environment/liquidity/cbi_selected_economic_indicators_monetary_credit_monthly/1391/cbi_selected_economic_indicators_monetary_banking_1391_05.pdf,page:1,pdf_coordinate_extraction,-0.0,passed_liquidity_equals_money_plus_quasi_money,66c44e68e950d9840573866bfc033e6d0f999917c6a0a639e842edf455200f4b
1391-06,1391,6,4023.7,915.389,3108.311,billion_rials,pdf,data/raw/macroeconomic_environment/liquidity/cbi_selected_economic_indicators_monetary_credit_monthly/1391/cbi_selected_economic_indicators_monetary_banking_1391_06.pdf,page:1,pdf_coordinate_extraction,0.0,passed_liquidity_equals_money_plus_quasi_money,04a410790274792ae94db3ea18486c64861af071e0eec585f0fe856a64c281c3
1391-07,1391,7,4129.796,971.611,3158.185,billion_rials,pdf,data/raw/macroeconomic_environment/liquidity/cbi_selected_economic_indicators_monetary_credit_monthly/1391/cbi_selected_economic_indicators_monetary_banking_1391_07.pdf,page:1,pdf_coordinate_extraction,0.0,passed_liquidity_equals_money_plus_quasi_money,88c6a16bae4b59baeefd58b55deeb069d34d2f52d87489e3c80902a7a4f7f642
1391-08,1391,8,4242.909,982.356,3260.552,billion_rials,pdf,data/raw/macroeconomic_environment/liquidity/cbi_selected_economic_indicators_monetary_credit_monthly/1391/cbi_selected_economic_indicators_monetary_banking_1391_08.pdf,page:1,pdf_coordinate_extraction,0.0,passed_liquidity_equals_money_plus_quasi_money,270d50274dd76bc7042f927a6956a053ad35b15866175693bb719fc7317aa334
1391-09,1391,9,4300.474,976.406,3324.068,billion_rials,pdf,data/raw/macroeconomic_environment/liquidity/cbi_selected_economic_indicators_monetary_credit_monthly/1391/cbi_selected_economic_indicators_monetary_banking_1391_09.pdf,page:1,pdf_coordinate_extraction,-0.0,passed_liquidity_equals_money_plus_quasi_money,a63e1ef3040afd3b8c1b8f977a68656daf0190328e389faeb022c5439c6cc306
1391-10,1391,10,4382.052,1053.848,3328.204,billion_rials,pdf,data/raw/macroeconomic_environment/liquidity/cbi_selected_economic_indicators_monetary_credit_monthly/1391/cbi_selected_economic_indicators_monetary_banking_1391_10.pdf,page:1,pdf_coordinate_extraction,-0.0,passed_liquidity_equals_money_plus_quasi_money,b0b741c7a1ed0e2ea357c88a3176eebab7e777e20ea9a3f0305498e855a29d6f
1391-11,1391,11,4482.33,1107.682,3374.648,billion_rials,pdf,data/raw/macroeconomic_environment/liquidity/cbi_selected_economic_indicators_monetary_credit_monthly/1391/cbi_selected_economic_indicators_monetary_banking_1391_11.pdf,page:1,pdf_coordinate_extraction,-0.0,passed_liquidity_equals_money_plus_quasi_money,a09a9700f474a06363af593aaf6c6e89c53fb41e2835d4d8b5d3f8c1fc2b4e3b
1391-12,1391,12,4606.936,1136.718,3470.218,billion_rials,pdf,data/raw/macroeconomic_environment/liquidity/cbi_selected_economic_indicators_monetary_credit_monthly/1391/cbi_selected_economic_indicators_monetary_banking_1391_12.pdf,page:1,pdf_coordinate_extraction,0.0,passed_liquidity_equals_money_plus_quasi_money,b7fb94bef1e0cdcc127cfb5788e61f2f5af2f97c626e5e1d44a63e5c70582fad
1392-01,1392,1,4604.983,1067.685,3537.298,billion_rials,pdf,data/raw/macroeconomic_environment/liquidity/cbi_selected_economic_indicators_monetary_credit_monthly/1392/cbi_selected_economic_indicators_monetary_banking_1392_01.pdf,page:1,pdf_coordinate_extraction,0.0,passed_liquidity_equals_money_plus_quasi_money,375a8e935d22ced1842b615ccc0699e690dbd2357d1ee0cff7bfad38000ca222
1392-02,1392,2,4669.791,1091.167,3578.624,billion_rials,pdf,data/raw/macroeconomic_environment/liquidity/cbi_selected_economic_indicators_monetary_credit_monthly/1392/cbi_selected_economic_indicators_monetary_banking_1392_02.pdf,page:1,pdf_coordinate_extraction,0.0,passed_liquidity_equals_money_plus_quasi_money,a306952870f2ff2b2651b31f9504e9f4bd9dfa0744a4f5dc39b3b7ce500b1134
1392-03,1392,3,4729.53,1071.249,3658.282,billion_rials,pdf,data/raw/macroeconomic_environment/liquidity/cbi_selected_economic_indicators_monetary_credit_monthly/1392/cbi_selected_economic_indicators_monetary_banking_1392_03.pdf,page:1,pdf_coordinate_extraction,0.0,passed_liquidity_equals_money_plus_quasi_money,d53ee2aeafbdf62ca8e731eeeffad670dd691b27c9cfa2ed26aec84b17e58a03
1392-04,1392,4,4796.739,1077.072,3719.667,billion_rials,pdf,data/raw/macroeconomic_environment/liquidity/cbi_selected_economic_indicators_monetary_credit_monthly/1392/cbi_selected_economic_indicators_monetary_banking_1392_04.pdf,page:1,pdf_coordinate_extraction,0.0,passed_liquidity_equals_money_plus_quasi_money,65c310c4a76bbf51a11594a0efc7bb1c388e2f20e9d56d374c25cb772133f973
1392-05,1392,5,4918.242,1062.79,3855.452,billion_rials,pdf,data/raw/macroeconomic_environment/liquidity/cbi_selected_economic_indicators_monetary_credit_monthly/1392/cbi_selected_economic_indicators_monetary_banking_1392_05.pdf,page:1,pdf_coordinate_extraction,0.0,passed_liquidity_equals_money_plus_quasi_money,99e4c7c02f197e6f40da5c8e125b694d2e63713896348acbff07ea8bb2f302e4
1392-06,1392,6,5063.965,1101.524,3962.441,billion_rials,pdf,data/raw/macroeconomic_environment/liquidity/cbi_selected_economic_indicators_monetary_credit_monthly/1392/cbi_selected_economic_indicators_monetary_banking_1392_06.pdf,page:1,pdf_coordinate_extraction,0.0,passed_liquidity_equals_money_plus_quasi_money,f5270bd27a38fb7789b8462ece00425e202bcbc0642e7c2a8a309fc73b8854d9
1392-07,1392,7,5137.798,1072.84,4064.958,billion_rials,pdf,data/raw/macroeconomic_environment/liquidity/cbi_selected_economic_indicators_monetary_credit_monthly/1392/cbi_selected_economic_indicators_monetary_banking_1392_07.pdf,page:1,pdf_coordinate_extraction,-0.0,passed_liquidity_equals_money_plus_quasi_money,648cb75e8a30f0e0c9cb0dfc3410d4c270369a267fca8836e0834897f5a85da3
1392-08,1392,8,5307.126,1050.526,4256.6,billion_rials,pdf,data/raw/macroeconomic_environment/liquidity/cbi_selected_economic_indicators_monetary_credit_monthly/1392/cbi_selected_economic_indicators_monetary_banking_1392_08.pdf,page:1,pdf_coordinate_extraction,0.0,passed_liquidity_equals_money_plus_quasi_money,0a4a6121ab70c1261dbbc3c75de80b8eb2ef1f4cdb2427c3990406ecf2a2ae1d
1392-09,1392,9,5507.693,1079.369,4428.324,billion_rials,pdf,data/raw/macroeconomic_environment/liquidity/cbi_selected_economic_indicators_monetary_credit_monthly/1392/cbi_selected_economic_indicators_monetary_banking_1392_09.pdf,page:1,pdf_coordinate_extraction,0.0,passed_liquidity_equals_money_plus_quasi_money,565ee311466e0a3089ace033a572522728abf9e1d96e87bcad205bd5e44eca78
1392-10,1392,10,5605.715,1094.439,4511.276,billion_rials,pdf,data/raw/macroeconomic_environment/liquidity/cbi_selected_economic_indicators_monetary_credit_monthly/1392/cbi_selected_economic_indicators_monetary_banking_1392_10.pdf,page:1,pdf_coordinate_extraction,0.0,passed_liquidity_equals_money_plus_quasi_money,85219d32bfc74e31a42ae030e143bc9e72bc8ff1c489daf7ca3b4e9b96ad6b5f
1392-11,1392,11,5752.841,1121.293,4631.548,billion_rials,pdf,data/raw/macroeconomic_environment/liquidity/cbi_selected_economic_indicators_monetary_credit_monthly/1392/cbi_selected_economic_indicators_monetary_banking_1392_11.pdf,page:1,pdf_coordinate_extraction,0.0,passed_liquidity_equals_money_plus_quasi_money,1282ceb8ebb3b6661a6f4c7da1bd89bbefeaf8d28161fd28c236491a4a339bf0
1392-12,1392,12,6395.505,1196.028,5199.477,billion_rials,pdf,data/raw/macroeconomic_environment/liquidity/cbi_selected_economic_indicators_monetary_credit_monthly/1392/cbi_selected_economic_indicators_monetary_banking_1392_12.pdf,page:1,pdf_coordinate_extraction,0.0,passed_liquidity_equals_money_plus_quasi_money,4c526c0a959702f74adc597b691c10db4b589c93617044f6d44243624e11a4c1
1393-01,1393,1,6487.52,1157.145,5330.375,billion_rials,pdf,data/raw/macroeconomic_environment/liquidity/cbi_selected_economic_indicators_monetary_credit_monthly/1393/cbi_selected_economic_indicators_monetary_banking_1393_01.pdf,page:1,pdf_coordinate_extraction,0.0,passed_liquidity_equals_money_plus_quasi_money,2914bcedbe523844f97c0cee4d8f9cd7d654b220bbe626d0f58443cf4e4ea3ba
1393-02,1393,2,6499.722,1132.616,5367.106,billion_rials,pdf,data/raw/macroeconomic_environment/liquidity/cbi_selected_economic_indicators_monetary_credit_monthly/1393/cbi_selected_economic_indicators_monetary_banking_1393_02.pdf,page:1,pdf_coordinate_extraction,0.0,passed_liquidity_equals_money_plus_quasi_money,7470dc0858c179cd7c4635c2e630ce8bd3aa3c194deb157d13833346db5c5e77
1393-03,1393,3,6653.867,1146.844,5507.023,billion_rials,pdf,data/raw/macroeconomic_environment/liquidity/cbi_selected_economic_indicators_monetary_credit_monthly/1393/cbi_selected_economic_indicators_monetary_banking_1393_03.pdf,page:1,pdf_coordinate_extraction,0.0,passed_liquidity_equals_money_plus_quasi_money,c89cfed8fbd77d211f3a8a40af3824d7bdf3430980b85ab90ea546c616bbfb23
1393-04,1393,4,4606.936,1136.718,3470.218,billion_rials,pdf,data/raw/macroeconomic_environment/liquidity/cbi_selected_economic_indicators_monetary_credit_monthly/1393/cbi_selected_economic_indicators_monetary_banking_1393_04.pdf,page:1,pdf_coordinate_extraction,0.0,passed_liquidity_equals_money_plus_quasi_money,eb1fd38586b0330bed8e48e29ee62fa7967076eebee135f362fc94000185f1f9
1393-05,1393,5,6911.782,1170.931,5740.85,billion_rials,pdf,data/raw/macroeconomic_environment/liquidity/cbi_selected_economic_indicators_monetary_credit_monthly/1393/cbi_selected_economic_indicators_monetary_banking_1393_05.pdf,page:1,pdf_coordinate_extraction,0.0,passed_liquidity_equals_money_plus_quasi_money,c71543c7765eefc6971b5df3ddf1897cd719b5dfa725a5c72bc7cecaa523d930
1393-06,1393,6,7065.812,1200.596,5865.215,billion_rials,pdf,data/raw/macroeconomic_environment/liquidity/cbi_selected_economic_indicators_monetary_credit_monthly/1393/cbi_selected_economic_indicators_monetary_banking_1393_06.pdf,page:1,pdf_coordinate_extraction,0.0,passed_liquidity_equals_money_plus_quasi_money,f30260f2459242397edd9f794b7b7c99abafeac9ea5d0559ed8676465fd9d918
1393-07,1393,7,7164.923,1178.725,5986.199,billion_rials,pdf,data/raw/macroeconomic_environment/liquidity/cbi_selected_economic_indicators_monetary_credit_monthly/1393/cbi_selected_economic_indicators_monetary_banking_1393_07.pdf,page:1,pdf_coordinate_extraction,0.0,passed_liquidity_equals_money_plus_quasi_money,5d2eae1317e2a468de54bbddff1ca3fb392b5f9a38bdc1b21f8bd9b1c5cdd72e
1393-08,1393,8,7274.791,1154.365,6120.426,billion_rials,pdf,data/raw/macroeconomic_environment/liquidity/cbi_selected_economic_indicators_monetary_credit_monthly/1393/cbi_selected_economic_indicators_monetary_banking_1393_08.pdf,page:1,pdf_coordinate_extraction,0.0,passed_liquidity_equals_money_plus_quasi_money,2062f555e20a1e45e322c0bcee4ed7f4d0bf9f96da8a37fb5cff38bb2ee08927
1393-09,1393,9,7423.797,1155.776,6268.022,billion_rials,pdf,data/raw/macroeconomic_environment/liquidity/cbi_selected_economic_indicators_monetary_credit_monthly/1393/cbi_selected_economic_indicators_monetary_banking_1393_09.pdf,page:1,pdf_coordinate_extraction,0.0,passed_liquidity_equals_money_plus_quasi_money,579ea44d4390e5daa88e8b019b6dfe41127c5ffe5b143de4715b0245bff6b22e
1393-10,1393,10,7461.418,1099.954,6361.464,billion_rials,pdf,data/raw/macroeconomic_environment/liquidity/cbi_selected_economic_indicators_monetary_credit_monthly/1393/cbi_selected_economic_indicators_monetary_banking_1393_10.pdf,page:1,pdf_coordinate_extraction,0.0,passed_liquidity_equals_money_plus_quasi_money,e8e2a0b1e672994feb68fdebfd60127f3bfdc0d9944f6fc866d6f1a4b6850854
1393-11,1393,11,7581.039,1118.573,6462.466,billion_rials,pdf,data/raw/macroeconomic_environment/liquidity/cbi_selected_economic_indicators_monetary_credit_monthly/1393/cbi_selected_economic_indicators_monetary_banking_1393_11.pdf,page:1,pdf_coordinate_extraction,0.0,passed_liquidity_equals_money_plus_quasi_money,7514ed48101d4694e5c0e693db74c317f9ada8326e5ded8b6c756857a4619ec0
1393-12,1393,12,7823.848,1207.559,6616.289,billion_rials,pdf,data/raw/macroeconomic_environment/liquidity/cbi_selected_economic_indicators_monetary_credit_monthly/1393/cbi_selected_economic_indicators_monetary_banking_1393_12.pdf,page:1,pdf_coordinate_extraction,0.0,passed_liquidity_equals_money_plus_quasi_money,4b8587f7507abf36697a714a5912e57da5dbf2dcde0da065526e59b5241d6b35
1394-01,1394,1,7887.583,1138.431,6749.152,billion_rials,pdf,data/raw/macroeconomic_environment/liquidity/cbi_selected_economic_indicators_monetary_credit_monthly/1394/cbi_selected_economic_indicators_monetary_banking_1394_01.pdf,page:1,pdf_coordinate_extraction,0.0,passed_liquidity_equals_money_plus_quasi_money,2a35585c4582b348c57af007afdead1753a80bb07e356efdcba98aad04b2eb22
1394-02,1394,2,8004.47,1111.665,6892.805,billion_rials,pdf,data/raw/macroeconomic_environment/liquidity/cbi_selected_economic_indicators_monetary_credit_monthly/1394/cbi_selected_economic_indicators_monetary_banking_1394_02.pdf,page:1,pdf_coordinate_extraction,0.0,passed_liquidity_equals_money_plus_quasi_money,efb81836c1f957b5515c54a7ff933a81b0d329a1e10020435bb92ca9961e889a
1394-03,1394,3,8166.676,1123.765,7042.911,billion_rials,pdf,data/raw/macroeconomic_environment/liquidity/cbi_selected_economic_indicators_monetary_credit_monthly/1394/cbi_selected_economic_indicators_monetary_banking_1394_03.pdf,page:1,pdf_coordinate_extraction,0.0,passed_liquidity_equals_money_plus_quasi_money,f7ae1bdd997a5c048098ed54bf3d0dd27fe37ff9c248d577f2fe5530a74bfb8d
1394-04,1394,4,8323.78,1122.498,7201.282,billion_rials,pdf,data/raw/macroeconomic_environment/liquidity/cbi_selected_economic_indicators_monetary_credit_monthly/1394/cbi_selected_economic_indicators_monetary_banking_1394_04.pdf,page:1,pdf_coordinate_extraction,-0.0,passed_liquidity_equals_money_plus_quasi_money,0c7ecec5e1173940dc3fa081c6623198fc41196f2e7723e0829eec9ff77f84ea
1394-05,1394,5,8508.0,1137.0,7371.0,thousand_billion_rials,pdf,data/raw/macroeconomic_environment/liquidity/cbi_selected_economic_indicators_monetary_credit_monthly/1394/cbi_selected_economic_indicators_monetary_banking_1394_05.pdf,page:1,pdf_coordinate_extraction,0.0,passed_liquidity_equals_money_plus_quasi_money,b52ba21fff4da4dc45c2f845790f49a931020950d0b9ff8da09a91e1fa8143ff
1394-06,1394,6,8727.5,1180.2,7547.3,thousand_billion_rials,pdf,data/raw/macroeconomic_environment/liquidity/cbi_selected_economic_indicators_monetary_credit_monthly/1394/cbi_selected_economic_indicators_monetary_banking_1394_06.pdf,page:1,pdf_coordinate_extraction,0.0,passed_liquidity_equals_money_plus_quasi_money,5e4b4d1f8ffcf8f0c8826060353d01a06a3baceb87595615cf86f5ef7fbf1a77
1394-07,1394,7,8868.9,1151.9,7717.0,thousand_billion_rials,pdf,data/raw/macroeconomic_environment/liquidity/cbi_selected_economic_indicators_monetary_credit_monthly/1394/cbi_selected_economic_indicators_monetary_banking_1394_07.pdf,page:1,pdf_coordinate_extraction,0.0,passed_liquidity_equals_money_plus_quasi_money,8549ebd469f262ed6af6fb0f10e02bc985bec2ed904925bcbde37e183b9de266
1394-08,1394,8,9073.6,1173.0,7900.6,thousand_billion_rials,pdf,data/raw/macroeconomic_environment/liquidity/cbi_selected_economic_indicators_monetary_credit_monthly/1394/cbi_selected_economic_indicators_monetary_banking_1394_08.pdf,page:1,pdf_coordinate_extraction,0.0,passed_liquidity_equals_money_plus_quasi_money,b092a4c23c0afaec02d9a96a9a8094135b047921f60a27fcad900fa50d024cd0
1394-09,1394,9,9251.7,1158.1,8093.6,thousand_billion_rials,pdf,data/raw/macroeconomic_environment/liquidity/cbi_selected_economic_indicators_monetary_credit_monthly/1394/cbi_selected_economic_indicators_monetary_banking_1394_09.pdf,page:1,pdf_coordinate_extraction,0.0,passed_liquidity_equals_money_plus_quasi_money,a4f831599adf27dd260305a9b5c0bb041962c9a3b248cb1825fe80cadc70d1e5
1394-10,1394,10,9493.9,1181.1,8312.8,thousand_billion_rials,pdf,data/raw/macroeconomic_environment/liquidity/cbi_selected_economic_indicators_monetary_credit_monthly/1394/cbi_selected_economic_indicators_monetary_banking_1394_10.pdf,page:1,pdf_coordinate_extraction,0.0,passed_liquidity_equals_money_plus_quasi_money,e8da17ac18c40f1dec68907eec9de1bde4f9bc4414612f47d4843d10b063fa27
1394-11,1394,11,9759.4,1234.9,8524.5,thousand_billion_rials,pdf,data/raw/macroeconomic_environment/liquidity/cbi_selected_economic_indicators_monetary_credit_monthly/1394/cbi_selected_economic_indicators_monetary_banking_1394_11.pdf,page:1,pdf_coordinate_extraction,0.0,passed_liquidity_equals_money_plus_quasi_money,d87ded8a740be4046b455fc568c392c48d247efaf71b635fd79e3c87982977b0
1394-12,1394,12,10172.8,1367.0,8805.8,thousand_billion_rials,pdf,data/raw/macroeconomic_environment/liquidity/cbi_selected_economic_indicators_monetary_credit_monthly/1394/cbi_selected_economic_indicators_monetary_banking_1394_12.pdf,page:1,pdf_coordinate_extraction,0.0,passed_liquidity_equals_money_plus_quasi_money,4161a8decdebaf982a37d26b61f5fd52a6ba68f66d07833ce291f30a20124717
1395-01,1395,1,10218.5,1277.0,8941.5,thousand_billion_rials,pdf,data/raw/macroeconomic_environment/liquidity/cbi_selected_economic_indicators_monetary_credit_monthly/1395/cbi_selected_economic_indicators_monetary_banking_1395_01.pdf,page:1,pdf_coordinate_extraction,0.0,passed_liquidity_equals_money_plus_quasi_money,e593bcfa44997b26a5f73be3bb53faede368ac14b20d485a16ac4b609af54f49
1395-02,1395,2,10385.2,1275.9,9109.3,thousand_billion_rials,pdf,data/raw/macroeconomic_environment/liquidity/cbi_selected_economic_indicators_monetary_credit_monthly/1395/cbi_selected_economic_indicators_monetary_banking_1395_02.pdf,page:1,pdf_coordinate_extraction,0.0,passed_liquidity_equals_money_plus_quasi_money,006ef953bc80ff6ba97502a959ec29c0bf272f81a043e1392bda1a48e67a6ee3
1395-03,1395,3,10595.0,1364.4,9230.6,thousand_billion_rials,pdf,data/raw/macroeconomic_environment/liquidity/cbi_selected_economic_indicators_monetary_credit_monthly/1395/cbi_selected_economic_indicators_monetary_banking_1395_03.pdf,page:1,pdf_coordinate_extraction,0.0,passed_liquidity_equals_money_plus_quasi_money,41d87c29592ada5898d5a6c55553a9dc1bcbd623650518802f8c132f58efef95
1395-04,1395,4,10818.8,1394.5,9424.3,thousand_billion_rials,pdf,data/raw/macroeconomic_environment/liquidity/cbi_selected_economic_indicators_monetary_credit_monthly/1395/cbi_selected_economic_indicators_monetary_banking_1395_04.pdf,page:1,pdf_coordinate_extraction,0.0,passed_liquidity_equals_money_plus_quasi_money,d6fcea5a4a024e4c76488b96d64731c185a0d5799792c240b07c57f2464ea354
1395-05,1395,5,10992.0,1474.9,9517.1,thousand_billion_rials,pdf,data/raw/macroeconomic_environment/liquidity/cbi_selected_economic_indicators_monetary_credit_monthly/1395/cbi_selected_economic_indicators_monetary_banking_1395_05.pdf,page:1,pdf_coordinate_extraction,0.0,passed_liquidity_equals_money_plus_quasi_money,abdbde0abea8de0d16bed5cc6c0464f5a6706846b3212ec66286ab6e7f5ec2f1
1395-06,1395,6,11227.1,1480.3,9746.8,thousand_billion_rials,pdf,data/raw/macroeconomic_environment/liquidity/cbi_selected_economic_indicators_monetary_credit_monthly/1395/cbi_selected_economic_indicators_monetary_banking_1395_06.pdf,page:1,pdf_coordinate_extraction,0.0,passed_liquidity_equals_money_plus_quasi_money,846ef4b6c3fb4b533d3558b168a817be190005a02f2c35736b16efb6307390b4
1395-07,1395,7,11379.9,1450.0,9929.9,thousand_billion_rials,pdf,data/raw/macroeconomic_environment/liquidity/cbi_selected_economic_indicators_monetary_credit_monthly/1395/cbi_selected_economic_indicators_monetary_banking_1395_07.pdf,page:1,pdf_coordinate_extraction,0.0,passed_liquidity_equals_money_plus_quasi_money,397b68683df89aafb5a65ed33524797d3691bb1f070fc70932c98ca51676b66c
1395-08,1395,8,11618.2,1497.2,10121.0,thousand_billion_rials,pdf,data/raw/macroeconomic_environment/liquidity/cbi_selected_economic_indicators_monetary_credit_monthly/1395/cbi_selected_economic_indicators_monetary_banking_1395_08.pdf,page:1,pdf_coordinate_extraction,0.0,passed_liquidity_equals_money_plus_quasi_money,70dbd728d4d99bb58ae53a63b84e39f25ac01f10d1a10f7a065cfe924ca78cf0
1395-09,1395,9,11848.6,1540.7,10307.9,thousand_billion_rials,pdf,data/raw/macroeconomic_environment/liquidity/cbi_selected_economic_indicators_monetary_credit_monthly/1395/cbi_selected_economic_indicators_monetary_banking_1395_09.pdf,page:1,pdf_coordinate_extraction,0.0,passed_liquidity_equals_money_plus_quasi_money,2c676709ae28f2d9c8b5f6dc0e1c86c35d7e4ec7e791efd7e422dbd566d489ac
1395-10,1395,10,11966.0,1509.7,10456.3,thousand_billion_rials,pdf,data/raw/macroeconomic_environment/liquidity/cbi_selected_economic_indicators_monetary_credit_monthly/1395/cbi_selected_economic_indicators_monetary_banking_1395_10.pdf,page:1,pdf_coordinate_extraction,0.0,passed_liquidity_equals_money_plus_quasi_money,76b4e8390cbda0cded426accfc0fe022bafd6c950c25efbf7fe57f4966b7cede
1395-11,1395,11,12110.9,1522.6,10588.3,thousand_billion_rials,pdf,data/raw/macroeconomic_environment/liquidity/cbi_selected_economic_indicators_monetary_credit_monthly/1395/cbi_selected_economic_indicators_monetary_banking_1395_11.pdf,page:1,pdf_coordinate_extraction,0.0,passed_liquidity_equals_money_plus_quasi_money,03050ec0a598f567f7d499b7ac8bf3871b9480c7a9ade2d887c7294081766cbb
1395-12,1395,12,12533.9,1630.3,10903.6,thousand_billion_rials,pdf,data/raw/macroeconomic_environment/liquidity/cbi_selected_economic_indicators_monetary_credit_monthly/1395/cbi_selected_economic_indicators_monetary_banking_1395_12.pdf,page:1,pdf_coordinate_extraction,0.0,passed_liquidity_equals_money_plus_quasi_money,67e7fae1fc11b2321288e78bf82cf214f6ada2a3d4186c57d905a0d914446ccf
1396-01,1396,1,12641.1,1550.5,11090.6,thousand_billion_rials,pdf,data/raw/macroeconomic_environment/liquidity/cbi_selected_economic_indicators_monetary_credit_monthly/1396/cbi_selected_economic_indicators_monetary_banking_1396_01.pdf,page:1,pdf_coordinate_extraction,0.0,passed_liquidity_equals_money_plus_quasi_money,0964800436bea50afbfcbd0ec74f7a059169e7710b42c5ab2f83917c91849ca9
1396-02,1396,2,12890.9,1618.5,11272.4,thousand_billion_rials,pdf,data/raw/macroeconomic_environment/liquidity/cbi_selected_economic_indicators_monetary_credit_monthly/1396/cbi_selected_economic_indicators_monetary_banking_1396_02.pdf,page:1,pdf_coordinate_extraction,0.0,passed_liquidity_equals_money_plus_quasi_money,24225c9da04b035a1922dbb9b03d58cbafbd500897f27d251b6f2f1fc357d659
1396-03,1396,3,13149.1,1647.1,11502.0,thousand_billion_rials,pdf,data/raw/macroeconomic_environment/liquidity/cbi_selected_economic_indicators_monetary_credit_monthly/1396/cbi_selected_economic_indicators_monetary_banking_1396_03.pdf,page:1,pdf_coordinate_extraction,0.0,passed_liquidity_equals_money_plus_quasi_money,d5d12a722b25f609d5084147f0927eb40cd5e3d7bdc5861cab36af40fbee3a5f
1396-04,1396,4,13337.4,1595.1,11742.3,thousand_billion_rials,pdf,data/raw/macroeconomic_environment/liquidity/cbi_selected_economic_indicators_monetary_credit_monthly/1396/cbi_selected_economic_indicators_monetary_banking_1396_04.pdf,page:1,pdf_coordinate_extraction,0.0,passed_liquidity_equals_money_plus_quasi_money,cc84ca45f68d58f922cbcbc31295dba7bf75404899b1d784b56e792546c77bc2
1396-05,1396,5,13662.6,1657.8,12004.8,thousand_billion_rials,pdf,data/raw/macroeconomic_environment/liquidity/cbi_selected_economic_indicators_monetary_credit_monthly/1396/cbi_selected_economic_indicators_monetary_banking_1396_05.pdf,page:1,pdf_coordinate_extraction,0.0,passed_liquidity_equals_money_plus_quasi_money,21f1dcb9edbea854cd9f2a5e93c3d74da3704859cf43940cd26c6183d782fcb7
1396-06,1396,6,13899.5,1682.4,12217.1,thousand_billion_rials,pdf,data/raw/macroeconomic_environment/liquidity/cbi_selected_economic_indicators_monetary_credit_monthly/1396/cbi_selected_economic_indicators_monetary_banking_1396_06.pdf,page:1,pdf_coordinate_extraction,0.0,passed_liquidity_equals_money_plus_quasi_money,0db6225ce702d5b785b5df0637c298054806a76eb0ccc2341da544d1ebffcdce
1396-07,1396,7,14030.5,1638.0,12392.5,thousand_billion_rials,pdf,data/raw/macroeconomic_environment/liquidity/cbi_selected_economic_indicators_monetary_credit_monthly/1396/cbi_selected_economic_indicators_monetary_banking_1396_07.pdf,page:1,pdf_coordinate_extraction,0.0,passed_liquidity_equals_money_plus_quasi_money,5e75af57cb993ab9adcc7b3a39013f2d7b4f1ce0a5d33b537a5b1de826ed47d2
1396-08,1396,8,14244.7,1705.9,12538.8,thousand_billion_rials,pdf,data/raw/macroeconomic_environment/liquidity/cbi_selected_economic_indicators_monetary_credit_monthly/1396/cbi_selected_economic_indicators_monetary_banking_1396_08.pdf,page:1,pdf_coordinate_extraction,0.0,passed_liquidity_equals_money_plus_quasi_money,1fc839919826d675c237ebc3041930aaad3adbab876d4164e90299bc3611094b
1396-09,1396,9,14450.1,1734.4,12715.7,thousand_billion_rials,pdf,data/raw/macroeconomic_environment/liquidity/cbi_selected_economic_indicators_monetary_credit_monthly/1396/cbi_selected_economic_indicators_monetary_banking_1396_09.pdf,page:1,pdf_coordinate_extraction,0.0,passed_liquidity_equals_money_plus_quasi_money,11e57cfdf665df34792491af75b57066aa4e4bcae8531630fb552172b509f1bc
1396-10,1396,10,14631.2,1801.6,12829.6,thousand_billion_rials,pdf,data/raw/macroeconomic_environment/liquidity/cbi_selected_economic_indicators_monetary_credit_monthly/1396/cbi_selected_economic_indicators_monetary_banking_1396_10.pdf,page:1,pdf_coordinate_extraction,0.0,passed_liquidity_equals_money_plus_quasi_money,bc6656266d906ef211933e3152524b8f9fa41c1312bfd4d86be208c9be2d0797
1396-11,1396,11,14896.4,1853.1,13043.3,thousand_billion_rials,pdf,data/raw/macroeconomic_environment/liquidity/cbi_selected_economic_indicators_monetary_credit_monthly/1396/cbi_selected_economic_indicators_monetary_banking_1396_11.pdf,page:1,pdf_coordinate_extraction,0.0,passed_liquidity_equals_money_plus_quasi_money,e69798a9880bf8d0f7af66e01f6767b396523f438bc91f4b9d982af4b5fc9d38
1396-12,1396,12,15299.8,1946.7,13353.1,thousand_billion_rials,pdf,data/raw/macroeconomic_environment/liquidity/cbi_selected_economic_indicators_monetary_credit_monthly/1396/cbi_selected_economic_indicators_monetary_banking_1396_12.pdf,page:1,pdf_coordinate_extraction,-0.0,passed_liquidity_equals_money_plus_quasi_money,eec6cb5b6d5ac27984e416eb54eb153e3ed59647fd6c1a859f3d5c512c69c0d3
1397-01,1397,1,15372.6,1881.9,13490.7,thousand_billion_rials,pdf,data/raw/macroeconomic_environment/liquidity/cbi_selected_economic_indicators_monetary_credit_monthly/1397/cbi_selected_economic_indicators_monetary_banking_1397_01.pdf,page:1,pdf_coordinate_extraction,0.0,passed_liquidity_equals_money_plus_quasi_money,d9aeb7398659bdd7969731a55bb4b18c266d24706e62c7bd7477cbddd9c6e9c0
1397-02,1397,2,15513.5,1940.7,13572.8,thousand_billion_rials,pdf,data/raw/macroeconomic_environment/liquidity/cbi_selected_economic_indicators_monetary_credit_monthly/1397/cbi_selected_economic_indicators_monetary_banking_1397_02.pdf,page:1,pdf_coordinate_extraction,0.0,passed_liquidity_equals_money_plus_quasi_money,2b7bcb0ea7db80085c7614ed466bedfe22dde07720d2032375ca18728ed9d40c
1397-03,1397,3,15827.5,2059.5,13768.0,thousand_billion_rials,pdf,data/raw/macroeconomic_environment/liquidity/cbi_selected_economic_indicators_monetary_credit_monthly/1397/cbi_selected_economic_indicators_monetary_banking_1397_03.pdf,page:1,pdf_coordinate_extraction,0.0,passed_liquidity_equals_money_plus_quasi_money,ab60ad5c17f92f81da370ea88267f8440355f89d23267aac9b89f43a240fca6f
1397-04,1397,4,16022.5,2149.1,13873.4,thousand_billion_rials,pdf,data/raw/macroeconomic_environment/liquidity/cbi_selected_economic_indicators_monetary_credit_monthly/1397/cbi_selected_economic_indicators_monetary_banking_1397_04.pdf,page:1,pdf_coordinate_extraction,0.0,passed_liquidity_equals_money_plus_quasi_money,36777e2ecdcd7c4f642e909e4b9c5ddc5c6fb38cda5308c66182ad4ca800d637
1397-05,1397,5,16466.9,2315.9,14151.0,thousand_billion_rials,pdf,data/raw/macroeconomic_environment/liquidity/cbi_selected_economic_indicators_monetary_credit_monthly/1397/cbi_selected_economic_indicators_monetary_banking_1397_05.pdf,page:1,pdf_coordinate_extraction,0.0,passed_liquidity_equals_money_plus_quasi_money,deebb7ed0a032915b5ff92bccae0ef80f27792ab6d7b78a94cee395f1cd65a02
1397-06,1397,6,16723.7,2436.7,14287.0,thousand_billion_rials,pdf,data/raw/macroeconomic_environment/liquidity/cbi_selected_economic_indicators_monetary_credit_monthly/1397/cbi_selected_economic_indicators_monetary_banking_1397_06.pdf,page:1,pdf_coordinate_extraction,0.0,passed_liquidity_equals_money_plus_quasi_money,3a1880626b17812229984292909aa47cd1939d0e579b47765523333b8f679e81
1397-07,1397,7,16938.4,2420.1,14518.3,thousand_billion_rials,pdf,data/raw/macroeconomic_environment/liquidity/cbi_selected_economic_indicators_monetary_credit_monthly/1397/cbi_selected_economic_indicators_monetary_banking_1397_07.pdf,page:1,pdf_coordinate_extraction,0.0,passed_liquidity_equals_money_plus_quasi_money,c4dba5eca970a7d89617fef9d1edd024fa0caf11e1df6b5e2d8179e778c778b9
1397-08,1397,8,17252.0,2445.5,14806.5,thousand_billion_rials,pdf,data/raw/macroeconomic_environment/liquidity/cbi_selected_economic_indicators_monetary_credit_monthly/1397/cbi_selected_economic_indicators_monetary_banking_1397_08.pdf,page:1,pdf_coordinate_extraction,0.0,passed_liquidity_equals_money_plus_quasi_money,3d866bd276dd80a4463c8956bcd7c8983195f5f2b8f25639c7c0e2fccbcb519d
1397-09,1397,9,17645.8,2446.2,15199.6,thousand_billion_rials,pdf,data/raw/macroeconomic_environment/liquidity/cbi_selected_economic_indicators_monetary_credit_monthly/1397/cbi_selected_economic_indicators_monetary_banking_1397_09.pdf,page:1,pdf_coordinate_extraction,-0.0,passed_liquidity_equals_money_plus_quasi_money,14f0b089b7fd1ae3dd2c5c7c443146e6ee157d695abd01f0d9b7a71a9b8f26c2
1397-10,1397,10,17964.3,2488.4,15475.9,thousand_billion_rials,pdf,data/raw/macroeconomic_environment/liquidity/cbi_selected_economic_indicators_monetary_credit_monthly/1397/cbi_selected_economic_indicators_monetary_banking_1397_10.pdf,page:1,pdf_coordinate_extraction,0.0,passed_liquidity_equals_money_plus_quasi_money,047ae2c5d99dc92f764e23804b840e0e7a2ab6a78f79992993386e820dd6d5be
1397-11,1397,11,18306.5,2621.4,15685.1,thousand_billion_rials,pdf,data/raw/macroeconomic_environment/liquidity/cbi_selected_economic_indicators_monetary_credit_monthly/1397/cbi_selected_economic_indicators_monetary_banking_1397_11.pdf,page:1,pdf_coordinate_extraction,0.0,passed_liquidity_equals_money_plus_quasi_money,f04fbe207e0bc3c92d18416c98318717616623975c10b0cbe7cc5baf0cbc7668
1397-12,1397,12,18828.9,2852.3,15976.6,thousand_billion_rials,pdf,data/raw/macroeconomic_environment/liquidity/cbi_selected_economic_indicators_monetary_credit_monthly/1397/cbi_selected_economic_indicators_monetary_banking_1397_12.pdf,page:1,pdf_coordinate_extraction,0.0,passed_liquidity_equals_money_plus_quasi_money,4b6b0ec36d20d329f7fff5f4b1c238542d48d2861905f454b1509fb406a884b3
1398-01,1398,1,18904.9,2772.9,16132.0,thousand_billion_rials,pdf,data/raw/macroeconomic_environment/liquidity/cbi_selected_economic_indicators_monetary_credit_monthly/1398/cbi_selected_economic_indicators_monetary_banking_1398_01.pdf,page:1,pdf_coordinate_extraction,0.0,passed_liquidity_equals_money_plus_quasi_money,d931369ac9ebfbc06f035acbd1b8b80d8e0ed3c1309b373173b7882f7dd99fff
1398-02,1398,2,19419.9,3077.2,16342.7,thousand_billion_rials,pdf,data/raw/macroeconomic_environment/liquidity/cbi_selected_economic_indicators_monetary_credit_monthly/1398/cbi_selected_economic_indicators_monetary_banking_1398_02.pdf,page:1,pdf_coordinate_extraction,0.0,passed_liquidity_equals_money_plus_quasi_money,14bbfa435423c99b91a0288b0f5e5770186713ba3ad47fc59dec705f075f1908
1398-03,1398,3,19799.1,3108.7,16690.4,thousand_billion_rials,pdf,data/raw/macroeconomic_environment/liquidity/cbi_selected_economic_indicators_monetary_credit_monthly/1398/cbi_selected_economic_indicators_monetary_banking_1398_03.pdf,page:1,pdf_coordinate_extraction,-0.0,passed_liquidity_equals_money_plus_quasi_money,7f084ef1ea44a6cdc9bf2a191a0fe3fee8e6442a015ce490ab01a1c045a378d8
1398-04,1398,4,20237.0,3186.3,17050.7,thousand_billion_rials,pdf,data/raw/macroeconomic_environment/liquidity/cbi_selected_economic_indicators_monetary_credit_monthly/1398/cbi_selected_economic_indicators_monetary_banking_1398_04.pdf,page:1,pdf_coordinate_extraction,0.0,passed_liquidity_equals_money_plus_quasi_money,b73445988ff084d55a57f0340ffe42713cbf2a6c7a252ef8b23b2143d7f19a8b
1398-05,1398,5,20765.9,3264.5,17501.4,thousand_billion_rials,pdf,data/raw/macroeconomic_environment/liquidity/cbi_selected_economic_indicators_monetary_credit_monthly/1398/cbi_selected_economic_indicators_monetary_banking_1398_05.pdf,page:1,pdf_coordinate_extraction,0.0,passed_liquidity_equals_money_plus_quasi_money,720fe3091a0f16254025a7d8bcd997d0f87a9412a45f179294c0c377868a3578
1398-06,1398,6,21264.4,3333.5,17930.9,thousand_billion_rials,pdf,data/raw/macroeconomic_environment/liquidity/cbi_selected_economic_indicators_monetary_credit_monthly/1398/cbi_selected_economic_indicators_monetary_banking_1398_06.pdf,page:1,pdf_coordinate_extraction,0.0,passed_liquidity_equals_money_plus_quasi_money,51089bc3b8388d2d4e02f491a31062a5fccfb08e542d6be0ce6288833ebcf0be
1398-07,1398,7,21568.3,3257.6,18310.7,thousand_billion_rials,pdf,data/raw/macroeconomic_environment/liquidity/cbi_selected_economic_indicators_monetary_credit_monthly/1398/cbi_selected_economic_indicators_monetary_banking_1398_07.pdf,page:1,pdf_coordinate_extraction,0.0,passed_liquidity_equals_money_plus_quasi_money,e8647ab27ee810cedd07e88acd69244151ef3b4d275bb66a2b1c80a479732320
1398-08,1398,8,22113.0,3427.0,18686.0,thousand_billion_rials,pdf,data/raw/macroeconomic_environment/liquidity/cbi_selected_economic_indicators_monetary_credit_monthly/1398/cbi_selected_economic_indicators_monetary_banking_1398_08.pdf,page:1,pdf_coordinate_extraction,0.0,passed_liquidity_equals_money_plus_quasi_money,82253bc594bb87772750305777460a57de0b17bea08dc1b71be822881ea75ae8
1398-09,1398,9,22623.1,3634.8,18988.3,thousand_billion_rials,pdf,data/raw/macroeconomic_environment/liquidity/cbi_selected_economic_indicators_monetary_credit_monthly/1398/cbi_selected_economic_indicators_monetary_banking_1398_09.pdf,page:1,pdf_coordinate_extraction,0.0,passed_liquidity_equals_money_plus_quasi_money,b531dea79aa3b06025f40619375018d286f25377e6b3e1e20fc63285a02fe676
1398-10,1398,10,23122.9,3829.2,19293.7,thousand_billion_rials,pdf,data/raw/macroeconomic_environment/liquidity/cbi_selected_economic_indicators_monetary_credit_monthly/1398/cbi_selected_economic_indicators_monetary_banking_1398_10.pdf,page:1,pdf_coordinate_extraction,0.0,passed_liquidity_equals_money_plus_quasi_money,ac2ab37907d64f884f81f17b493f2ca245857f1a378126e57449740a92e9d6f1
1398-11,1398,11,23790.7,4156.6,19634.1,thousand_billion_rials,pdf,data/raw/macroeconomic_environment/liquidity/cbi_selected_economic_indicators_monetary_credit_monthly/1398/cbi_selected_economic_indicators_monetary_banking_1398_11.pdf,page:1,pdf_coordinate_extraction,0.0,passed_liquidity_equals_money_plus_quasi_money,605ad07c2f9aa98099b18b9b7c48b761b9f18b4b315e6f33915018ae72ac0387
1398-12,1398,12,24721.5,4273.0,20448.5,thousand_billion_rials,pdf,data/raw/macroeconomic_environment/liquidity/cbi_selected_economic_indicators_monetary_credit_monthly/1398/cbi_selected_economic_indicators_monetary_banking_1398_12.pdf,page:1,pdf_coordinate_extraction,0.0,passed_liquidity_equals_money_plus_quasi_money,50a8722e6c9f16de4cba67ed451fa6a84fb7bcb4342d92f9640d426b433de6ff
1399-01,1399,1,25140.8,4293.7,20847.1,thousand_billion_rials,pdf,data/raw/macroeconomic_environment/liquidity/cbi_selected_economic_indicators_monetary_credit_monthly/1399/cbi_selected_economic_indicators_monetary_banking_1399_01.pdf,page:1,pdf_coordinate_extraction,0.0,passed_liquidity_equals_money_plus_quasi_money,e0675b2c5cacd37a461a6513b4ebb840829ba54b8517c05258bdd7146cd2c68f
1399-02,1399,2,25948.3,4718.1,21230.2,thousand_billion_rials,pdf,data/raw/macroeconomic_environment/liquidity/cbi_selected_economic_indicators_monetary_credit_monthly/1399/cbi_selected_economic_indicators_monetary_banking_1399_02.pdf,page:1,pdf_coordinate_extraction,-0.0,passed_liquidity_equals_money_plus_quasi_money,ef40e8e8cd04a556cfcb9b431056307f7c175c916356ab38ee8abd87a308ca60
1399-03,1399,3,26571.7,5020.5,21551.2,thousand_billion_rials,pdf,data/raw/macroeconomic_environment/liquidity/cbi_selected_economic_indicators_monetary_credit_monthly/1399/cbi_selected_economic_indicators_monetary_banking_1399_03.pdf,page:1,pdf_coordinate_extraction,0.0,passed_liquidity_equals_money_plus_quasi_money,e3dfbbe0a605af66ac3c4cbb7f516dfcdb8b471f9bfdaf1ef2b22ce173388102
1399-04,1399,4,27397.8,5559.1,21838.7,thousand_billion_rials,pdf,data/raw/macroeconomic_environment/liquidity/cbi_selected_economic_indicators_monetary_credit_monthly/1399/cbi_selected_economic_indicators_monetary_banking_1399_04.pdf,page:2,pdf_coordinate_extraction,-0.0,passed_liquidity_equals_money_plus_quasi_money,18dd6e48bf9da58207a9d260612edce3986877d16905eea093f7a54798148bec
1399-05,1399,5,28199.3,5730.0,22469.3,thousand_billion_rials,pdf,data/raw/macroeconomic_environment/liquidity/cbi_selected_economic_indicators_monetary_credit_monthly/1399/cbi_selected_economic_indicators_monetary_banking_1399_05.pdf,page:1,pdf_coordinate_extraction,0.0,passed_liquidity_equals_money_plus_quasi_money,2f9a463c2436b8a7691441f23c3db64690d2a3d80a1f237ca747eee9c6dfdaf1
1399-06,1399,6,28958.9,6007.0,22951.9,thousand_billion_rials,pdf,data/raw/macroeconomic_environment/liquidity/cbi_selected_economic_indicators_monetary_credit_monthly/1399/cbi_selected_economic_indicators_monetary_banking_1399_06.pdf,page:1,pdf_coordinate_extraction,0.0,passed_liquidity_equals_money_plus_quasi_money,f76f6312f6183ddaef0739723628f5feee9a50f35717176bca75fe1ab5681571
1399-07,1399,7,29599.8,6143.3,23456.5,thousand_billion_rials,pdf,data/raw/macroeconomic_environment/liquidity/cbi_selected_economic_indicators_monetary_credit_monthly/1399/cbi_selected_economic_indicators_monetary_banking_1399_07.pdf,page:1,pdf_coordinate_extraction,0.0,passed_liquidity_equals_money_plus_quasi_money,20ca8bdf930197cf7ea022b10c05e3961ed9f3a1a45053934b50de18335bd2d3
1399-08,1399,8,30389.2,6168.1,24221.1,thousand_billion_rials,pdf,data/raw/macroeconomic_environment/liquidity/cbi_selected_economic_indicators_monetary_credit_monthly/1399/cbi_selected_economic_indicators_monetary_banking_1399_08.pdf,page:1,pdf_coordinate_extraction,0.0,passed_liquidity_equals_money_plus_quasi_money,1549382bb60cad4f432431f7aada5c0c1aa7d751abbd739da6c33d8fad4654c9
1399-09,1399,9,31300.2,6170.3,25129.9,thousand_billion_rials,pdf,data/raw/macroeconomic_environment/liquidity/cbi_selected_economic_indicators_monetary_credit_monthly/1399/cbi_selected_economic_indicators_monetary_banking_1399_09.pdf,page:1,pdf_coordinate_extraction,0.0,passed_liquidity_equals_money_plus_quasi_money,1b4facb2449aaa44fe11ccd91d4acdbd7e74ff47ec4467753ac343c2bd749487
1399-10,1399,10,32190.9,6272.5,25918.4,thousand_billion_rials,pdf,data/raw/macroeconomic_environment/liquidity/cbi_selected_economic_indicators_monetary_credit_monthly/1399/cbi_selected_economic_indicators_monetary_banking_1399_10.pdf,page:1,pdf_coordinate_extraction,0.0,passed_liquidity_equals_money_plus_quasi_money,adc44696573779427dcd5272d57183b421082ec9b79544cacb89b1a437ecbb07
1399-11,1399,11,33095.9,6522.0,26573.9,thousand_billion_rials,pdf,data/raw/macroeconomic_environment/liquidity/cbi_selected_economic_indicators_monetary_credit_monthly/1399/cbi_selected_economic_indicators_monetary_banking_1399_11.pdf,page:1,pdf_coordinate_extraction,0.0,passed_liquidity_equals_money_plus_quasi_money,51a634e33205a6b41d5a3d19853784b6cc20972d6bf7a01079d8a3c68ce5ee5c
1399-12,1399,12,34761.7,6909.6,27852.1,thousand_billion_rials,pdf,data/raw/macroeconomic_environment/liquidity/cbi_selected_economic_indicators_monetary_credit_monthly/1399/cbi_selected_economic_indicators_monetary_banking_1399_12.pdf,page:1,pdf_coordinate_extraction,0.0,passed_liquidity_equals_money_plus_quasi_money,d0dd94fd810d40f5c1957cb01ceace2d8157c94c1020781532ec7f8c1a778fd5
1400-01,1400,1,34900.7,6607.6,28293.1,thousand_billion_rials,xls,data/raw/macroeconomic_environment/liquidity/cbi_selected_economic_indicators_monetary_credit_monthly/1400/cbi_selected_economic_indicators_monetary_banking_1400_01.xls,sheet:major_monetary_variables,xls_cell_extraction,0.0,passed_liquidity_equals_money_plus_quasi_money,1afc9a6c79a43545c7a73d5d4e80e87e555c755bb2903e2407cc69bbdc38379e
1400-02,1400,2,36007.8,6942.3,29065.5,thousand_billion_rials,xls,data/raw/macroeconomic_environment/liquidity/cbi_selected_economic_indicators_monetary_credit_monthly/1400/cbi_selected_economic_indicators_monetary_banking_1400_02.xls,sheet:major_monetary_variables,xls_cell_extraction,0.0,passed_liquidity_equals_money_plus_quasi_money,a9550a4134c0f0fb1276c2498d433753d98eaaad6cdc7c4972fd19294b057d72
1400-03,1400,3,37054.0,7261.9,29792.1,thousand_billion_rials,xls,data/raw/macroeconomic_environment/liquidity/cbi_selected_economic_indicators_monetary_credit_monthly/1400/cbi_selected_economic_indicators_monetary_banking_1400_03.xls,sheet:major_monetary_variables,xls_cell_extraction,0.0,passed_liquidity_equals_money_plus_quasi_money,81481771ac019719b113864bc581bb7cf9e0d8e452bc802cdb64fdb0b10fc9e2
1400-04,1400,4,38199.8,7498.5,30701.3,thousand_billion_rials,xls,data/raw/macroeconomic_environment/liquidity/cbi_selected_economic_indicators_monetary_credit_monthly/1400/cbi_selected_economic_indicators_monetary_banking_1400_04.xls,sheet:major_monetary_variables,xls_cell_extraction,0.0,passed_liquidity_equals_money_plus_quasi_money,81779cbd4aa07ad48f91f2c36169b2f491e976a22c18757a0d1b536b1089bc96
1400-05,1400,5,39214.3,7815.7,31398.6,thousand_billion_rials,xls,data/raw/macroeconomic_environment/liquidity/cbi_selected_economic_indicators_monetary_credit_monthly/1400/cbi_selected_economic_indicators_monetary_banking_1400_05.xls,sheet:major_monetary_variables,xls_cell_extraction,0.0,passed_liquidity_equals_money_plus_quasi_money,55bf7efeae52886698a12cdbe4c98e0e26968773780399fbc4f5e3e1a499580d
1400-06,1400,6,40676.0,8164.9,32511.1,thousand_billion_rials,xls,data/raw/macroeconomic_environment/liquidity/cbi_selected_economic_indicators_monetary_credit_monthly/1400/cbi_selected_economic_indicators_monetary_banking_1400_06.xls,sheet:major_monetary_variables,xls_cell_extraction,0.0,passed_liquidity_equals_money_plus_quasi_money,110668b85523651bdf3a25d082e181d8c7a634f2466bdbe0120d0779229edac2
1400-07,1400,7,42274.2,8186.8,34087.4,thousand_billion_rials,xls,data/raw/macroeconomic_environment/liquidity/cbi_selected_economic_indicators_monetary_credit_monthly/1400/cbi_selected_economic_indicators_monetary_banking_1400_07.xls,sheet:major_monetary_variables,xls_cell_extraction,-0.0,passed_liquidity_equals_money_plus_quasi_money,4b8e044c99652fdf72ec3b3f023688c33d992437aeacb8cf22a3e104a56ad294
1400-08,1400,8,43159.0,8398.3,34760.7,thousand_billion_rials,xls,data/raw/macroeconomic_environment/liquidity/cbi_selected_economic_indicators_monetary_credit_monthly/1400/cbi_selected_economic_indicators_monetary_banking_1400_08.xls,sheet:major_monetary_variables,xls_cell_extraction,0.0,passed_liquidity_equals_money_plus_quasi_money,71d922e58dead08b08bd3c399c076ae5ee4891c71e8c97009d2cced726b7fea9
1400-09,1400,9,44269.9,8779.0,35490.9,thousand_billion_rials,xls,data/raw/macroeconomic_environment/liquidity/cbi_selected_economic_indicators_monetary_credit_monthly/1400/cbi_selected_economic_indicators_monetary_banking_1400_09.xls,sheet:major_monetary_variables,xls_cell_extraction,0.0,passed_liquidity_equals_money_plus_quasi_money,03d67154673ac264deed7923f0d022005c3fb7a7909da7aa70fb9113dce3ec08
1400-10,1400,10,45014.6,8733.8,36280.8,thousand_billion_rials,xls,data/raw/macroeconomic_environment/liquidity/cbi_selected_economic_indicators_monetary_credit_monthly/1400/cbi_selected_economic_indicators_monetary_banking_1400_10.xls,sheet:major_monetary_variables,xls_cell_extraction,0.0,passed_liquidity_equals_money_plus_quasi_money,78e78a43466c499e4b7d9512bd462906cbf9cb672fa66a520d56c098614ad2df
1400-11,1400,11,46240.3,9162.4,37077.9,thousand_billion_rials,xls,data/raw/macroeconomic_environment/liquidity/cbi_selected_economic_indicators_monetary_credit_monthly/1400/cbi_selected_economic_indicators_monetary_banking_1400_11.xls,sheet:major_monetary_variables,xls_cell_extraction,0.0,passed_liquidity_equals_money_plus_quasi_money,07461422492b8e22493f4d42cd20bb912dc8a4b943eb123d141f56097d509f6e
1400-12,1400,12,48324.4,9865.8,38458.6,thousand_billion_rials,xls,data/raw/macroeconomic_environment/liquidity/cbi_selected_economic_indicators_monetary_credit_monthly/1400/cbi_selected_economic_indicators_monetary_banking_1400_12.xls,sheet:major_monetary_variables,xls_cell_extraction,0.0,passed_liquidity_equals_money_plus_quasi_money,77230fff3f9b0d837d708c2aa7ddc9b3d20a890259f07583ff519f4ab8ae0eb7
1401-01,1401,1,48232.9,9519.8,38713.1,thousand_billion_rials,xls,data/raw/macroeconomic_environment/liquidity/cbi_selected_economic_indicators_monetary_credit_monthly/1401/cbi_selected_economic_indicators_monetary_banking_1401_01.xls,sheet:major_monetary_variables,xls_cell_extraction,0.0,passed_liquidity_equals_money_plus_quasi_money,4de9bfdb88be3ae81ce21054f5142f1dacef98b4d1763e65fbd5f3fcf63a96dd
1401-02,1401,2,49434.7,10094.7,39340.0,thousand_billion_rials,xls,data/raw/macroeconomic_environment/liquidity/cbi_selected_economic_indicators_monetary_credit_monthly/1401/cbi_selected_economic_indicators_monetary_banking_1401_02.xls,sheet:major_monetary_variables,xls_cell_extraction,0.0,passed_liquidity_equals_money_plus_quasi_money,d01d9aeefb508e1dd2d396b917b30e7c12ae8471db74db6e6bcb79d72f45470a
1401-03,1401,3,51049.6,11268.4,39781.2,thousand_billion_rials,xls,data/raw/macroeconomic_environment/liquidity/cbi_selected_economic_indicators_monetary_credit_monthly/1401/cbi_selected_economic_indicators_monetary_banking_1401_03.xls,sheet:major_monetary_variables,xls_cell_extraction,0.0,passed_liquidity_equals_money_plus_quasi_money,b2e4febfd2b72b920cfc89dfb6b799c93ead7b266e30498134012beec455801e
1401-04,1401,4,52501.4,11820.0,40681.4,thousand_billion_rials,xls,data/raw/macroeconomic_environment/liquidity/cbi_selected_economic_indicators_monetary_credit_monthly/1401/cbi_selected_economic_indicators_monetary_banking_1401_04.xls,sheet:major_monetary_variables,xls_cell_extraction,0.0,passed_liquidity_equals_money_plus_quasi_money,23cf64b0831a1b58b75c77047ce7ce30fadf62b17cd44e210cc50bf69cad7393
1401-05,1401,5,54017.9,12163.1,41854.8,thousand_billion_rials,xls,data/raw/macroeconomic_environment/liquidity/cbi_selected_economic_indicators_monetary_credit_monthly/1401/cbi_selected_economic_indicators_monetary_banking_1401_05.xls,sheet:major_monetary_variables,xls_cell_extraction,0.0,passed_liquidity_equals_money_plus_quasi_money,3dfc2d89ffc848d8521f940b171cd7e9423b1111dac1d9d9abaf4cbe5bea6dca
1401-06,1401,6,55949.3,12742.5,43206.8,thousand_billion_rials,xls,data/raw/macroeconomic_environment/liquidity/cbi_selected_economic_indicators_monetary_credit_monthly/1401/cbi_selected_economic_indicators_monetary_banking_1401_06.xls,sheet:major_monetary_variables,xls_cell_extraction,0.0,passed_liquidity_equals_money_plus_quasi_money,540b78cb26970d1b1ac012f88a84a10f0a7f52e715592a1be92cea39573a7883
1401-07,1401,7,56769.7,12798.7,43971.0,thousand_billion_rials,xls,data/raw/macroeconomic_environment/liquidity/cbi_selected_economic_indicators_monetary_credit_monthly/1401/cbi_selected_economic_indicators_monetary_banking_1401_07.xls,sheet:major_monetary_variables,xls_cell_extraction,0.0,passed_liquidity_equals_money_plus_quasi_money,20b27713cddc00d5db6cab575f7008b220da2fa06fa2c4c4123aadc7f28f88be
1401-08,1401,8,58068.4,13503.1,44565.3,thousand_billion_rials,xls,data/raw/macroeconomic_environment/liquidity/cbi_selected_economic_indicators_monetary_credit_monthly/1401/cbi_selected_economic_indicators_monetary_banking_1401_08.xls,sheet:major_monetary_variables,xls_cell_extraction,0.0,passed_liquidity_equals_money_plus_quasi_money,5365fafd0008f74a03ebcdd32a03fbd9fae35641d86919e683d488e36bc5d695
1401-09,1401,9,59056.1,13908.4,45147.7,thousand_billion_rials,xls,data/raw/macroeconomic_environment/liquidity/cbi_selected_economic_indicators_monetary_credit_monthly/1401/cbi_selected_economic_indicators_monetary_banking_1401_09.xls,sheet:major_monetary_variables,xls_cell_extraction,0.0,passed_liquidity_equals_money_plus_quasi_money,3b1d99769d91ab107dca0e4579cb382e490576d4f5b9fe27d78a9a1208928378
1401-10,1401,10,60376.1,14891.3,45484.8,thousand_billion_rials,xls,data/raw/macroeconomic_environment/liquidity/cbi_selected_economic_indicators_monetary_credit_monthly/1401/cbi_selected_economic_indicators_monetary_banking_1401_10.xls,sheet:major_monetary_variables,xls_cell_extraction,0.0,passed_liquidity_equals_money_plus_quasi_money,511fb28ae0cb89b1fa76e2938229fabc5283f2cb25828495533c0d6ab8b9b84c
1401-11,1401,11,61034.4,15457.5,45576.9,thousand_billion_rials,xls,data/raw/macroeconomic_environment/liquidity/cbi_selected_economic_indicators_monetary_credit_monthly/1401/cbi_selected_economic_indicators_monetary_banking_1401_11.xls,sheet:major_monetary_variables,xls_cell_extraction,0.0,passed_liquidity_equals_money_plus_quasi_money,d4a52fa026dc86078cc4d737a2b8cd95b99e349a3db8b8d5522c8566e66a8e86
1401-12,1401,12,63376.8,16296.9,47079.9,thousand_billion_rials,xls,data/raw/macroeconomic_environment/liquidity/cbi_selected_economic_indicators_monetary_credit_monthly/1401/cbi_selected_economic_indicators_monetary_banking_1401_12.xls,sheet:major_monetary_variables,xls_cell_extraction,0.0,passed_liquidity_equals_money_plus_quasi_money,7affc19650af218271c17056615080c4577ecb5dca8500e0755ba5add1cda1b4
1402-01,1402,1,64188.1,16671.7,47516.4,thousand_billion_rials,xls,data/raw/macroeconomic_environment/liquidity/cbi_selected_economic_indicators_monetary_credit_monthly/1402/cbi_selected_economic_indicators_monetary_banking_1402_01.xls,sheet:major_monetary_variables,xls_cell_extraction,-0.0,passed_liquidity_equals_money_plus_quasi_money,d2548a7df0e3ba3673194feaee67b826c413df939d868480de9ca28f36c84449
1402-02,1402,2,64714.9,16842.6,47872.3,thousand_billion_rials,xls,data/raw/macroeconomic_environment/liquidity/cbi_selected_economic_indicators_monetary_credit_monthly/1402/cbi_selected_economic_indicators_monetary_banking_1402_02.xls,sheet:major_monetary_variables,xls_cell_extraction,0.0,passed_liquidity_equals_money_plus_quasi_money,17bef2ccc40edcb7f341dd43eb7c1800da384accf79fd8ec757e827433ccbb97
1402-03,1402,3,65859.7,16947.2,48912.5,thousand_billion_rials,xls,data/raw/macroeconomic_environment/liquidity/cbi_selected_economic_indicators_monetary_credit_monthly/1402/cbi_selected_economic_indicators_monetary_banking_1402_03.xls,sheet:major_monetary_variables,xls_cell_extraction,0.0,passed_liquidity_equals_money_plus_quasi_money,fb18c9bf7583de2ad53c9c65ba08a69de4688a7eb78fa8cacbc60bbca011d6db
1402-04,1402,4,66940.5,16962.6,49977.9,thousand_billion_rials,xls,data/raw/macroeconomic_environment/liquidity/cbi_selected_economic_indicators_monetary_credit_monthly/1402/cbi_selected_economic_indicators_monetary_banking_1402_04.xls,sheet:major_monetary_variables,xls_cell_extraction,0.0,passed_liquidity_equals_money_plus_quasi_money,3bb2e264b49ac51192720d4743cf2f59b8ef526956a9b22932ac418ce6eb289d
1402-05,1402,5,68531.0,17187.2,51343.8,thousand_billion_rials,xls,data/raw/macroeconomic_environment/liquidity/cbi_selected_economic_indicators_monetary_credit_monthly/1402/cbi_selected_economic_indicators_monetary_banking_1402_05.xls,sheet:major_monetary_variables,xls_cell_extraction,0.0,passed_liquidity_equals_money_plus_quasi_money,0afa039e53b88c0e92b3e6a112186a0e5748c6bbb6bf56b2eb27cff0f7fd624d
1402-06,1402,6,70991.2,17913.2,53078.0,thousand_billion_rials,xls,data/raw/macroeconomic_environment/liquidity/cbi_selected_economic_indicators_monetary_credit_monthly/1402/cbi_selected_economic_indicators_monetary_banking_1402_06.xls,sheet:major_monetary_variables,xls_cell_extraction,0.0,passed_liquidity_equals_money_plus_quasi_money,d6f137472bd825cd7ae755b48484c6f6a75a22130b8a1c59605d31429860f6fb
1402-07,1402,7,71778.4,17456.9,54321.5,thousand_billion_rials,xls,data/raw/macroeconomic_environment/liquidity/cbi_selected_economic_indicators_monetary_credit_monthly/1402/cbi_selected_economic_indicators_monetary_banking_1402_07.xls,sheet:major_monetary_variables,xls_cell_extraction,-0.0,passed_liquidity_equals_money_plus_quasi_money,41e529e1c7b2e099dee31474d3a37c40eeeb34ad11d03da9eaf74ceef05e4f1a
1402-08,1402,8,73293.1,17633.0,55660.1,thousand_billion_rials,xls,data/raw/macroeconomic_environment/liquidity/cbi_selected_economic_indicators_monetary_credit_monthly/1402/cbi_selected_economic_indicators_monetary_banking_1402_08.xls,sheet:major_monetary_variables,xls_cell_extraction,0.0,passed_liquidity_equals_money_plus_quasi_money,686ae79bfb1dfa21b920c26a612908847b8230035ef376ef123263ea62f3892a
1402-09,1402,9,74980.0,18013.7,56966.3,thousand_billion_rials,xls,data/raw/macroeconomic_environment/liquidity/cbi_selected_economic_indicators_monetary_credit_monthly/1402/cbi_selected_economic_indicators_monetary_banking_1402_09.xls,sheet:major_monetary_variables,xls_cell_extraction,0.0,passed_liquidity_equals_money_plus_quasi_money,519955e6bd2f8d7bab8a063b1f1d35e57c5235c45ac3c96a34dadb338133ffac
1402-10,1402,10,75719.0,18433.0,57286.0,thousand_billion_rials,xls,data/raw/macroeconomic_environment/liquidity/cbi_selected_economic_indicators_monetary_credit_monthly/1402/cbi_selected_economic_indicators_monetary_banking_1402_10.xls,sheet:major_monetary_variables,xls_cell_extraction,0.0,passed_liquidity_equals_money_plus_quasi_money,219d5bf95882ce34675360c10590986d3c7b1382c96cef6981857d61b4665bcf
1402-11,1402,11,77795.9,19273.8,58522.1,thousand_billion_rials,xls,data/raw/macroeconomic_environment/liquidity/cbi_selected_economic_indicators_monetary_credit_monthly/1402/cbi_selected_economic_indicators_monetary_banking_1402_11.xls,sheet:major_monetary_variables,xls_cell_extraction,-0.0,passed_liquidity_equals_money_plus_quasi_money,3c8270b244430dd63043c6b7aa7aad461e1fc7d35826126185262cdd621593fb
1402-12,1402,12,78774.5,19146.4,59628.1,thousand_billion_rials,xls,data/raw/macroeconomic_environment/liquidity/cbi_selected_economic_indicators_monetary_credit_monthly/1402/cbi_selected_economic_indicators_monetary_banking_1402_12.xls,sheet:major_monetary_variables,xls_cell_extraction,0.0,passed_liquidity_equals_money_plus_quasi_money,8b11db6008ac97a82f69d5cf1844480e3247f02899f6244b2b60e625344740bb
1403-01,1403,1,79682.9,19281.1,60401.8,thousand_billion_rials,xls,data/raw/macroeconomic_environment/liquidity/cbi_selected_economic_indicators_monetary_credit_monthly/1403/cbi_selected_economic_indicators_monetary_banking_1403_01.xls,sheet:major_monetary_variables,xls_cell_extraction,-0.0,passed_liquidity_equals_money_plus_quasi_money,d941218e1aad515306d099fd177f96d1d650b089dff3c54d734b6d4e16b71807
1403-02,1403,2,81296.7,19542.1,61754.6,thousand_billion_rials,xls,data/raw/macroeconomic_environment/liquidity/cbi_selected_economic_indicators_monetary_credit_monthly/1403/cbi_selected_economic_indicators_monetary_banking_1403_02.xls,sheet:major_monetary_variables,xls_cell_extraction,0.0,passed_liquidity_equals_money_plus_quasi_money,ab537061a5761e5926c2b49dd53501d75db71181267ccbb7234ce5c911ca6761
1403-03,1403,3,83539.9,20536.6,63003.3,thousand_billion_rials,xls,data/raw/macroeconomic_environment/liquidity/cbi_selected_economic_indicators_monetary_credit_monthly/1403/cbi_selected_economic_indicators_monetary_banking_1403_03.xls,sheet:major_monetary_variables,xls_cell_extraction,-0.0,passed_liquidity_equals_money_plus_quasi_money,4f791e222d85f30b13ca35e9f5c8d9cd6636c699542a52d170d5d3ca9960c258
1403-04,1403,4,85491.5,20999.2,64492.3,thousand_billion_rials,xls,data/raw/macroeconomic_environment/liquidity/cbi_selected_economic_indicators_monetary_credit_monthly/1403/cbi_selected_economic_indicators_monetary_banking_1403_04.xls,sheet:major_monetary_variables,xls_cell_extraction,0.0,passed_liquidity_equals_money_plus_quasi_money,6688c0425a204013b7fab70a6ff90080c52e03d2caa7e5107c5dce43353eefbd
1403-05,1403,5,87978.9,21446.5,66532.4,thousand_billion_rials,xls,data/raw/macroeconomic_environment/liquidity/cbi_selected_economic_indicators_monetary_credit_monthly/1403/cbi_selected_economic_indicators_monetary_banking_1403_05.xls,sheet:major_monetary_variables,xls_cell_extraction,0.0,passed_liquidity_equals_money_plus_quasi_money,b5ade9940b82dd0fda60ecf1462f2d7ae2abdada149c35765d19ff73114c02df
1403-06,1403,6,90705.1,22350.5,68354.6,thousand_billion_rials,xls,data/raw/macroeconomic_environment/liquidity/cbi_selected_economic_indicators_monetary_credit_monthly/1403/cbi_selected_economic_indicators_monetary_banking_1403_06.xls,sheet:major_monetary_variables,xls_cell_extraction,0.0,passed_liquidity_equals_money_plus_quasi_money,a037a630cdab3ca4a5b65e9da9d812fc50b12e9406cd1b127f3b89802271e2a7
1403-07,1403,7,92334.5,22666.2,69668.3,thousand_billion_rials,xls,data/raw/macroeconomic_environment/liquidity/cbi_selected_economic_indicators_monetary_credit_monthly/1403/cbi_selected_economic_indicators_monetary_banking_1403_07.xls,sheet:major_monetary_variables,xls_cell_extraction,0.0,passed_liquidity_equals_money_plus_quasi_money,7e58bc071c1e5e163508e95b0a7a7989a4c7041af4acb592e236ea5e52968e9f
1403-08,1403,8,93922.1,22503.8,71418.3,thousand_billion_rials,xls,data/raw/macroeconomic_environment/liquidity/cbi_selected_economic_indicators_monetary_credit_monthly/1403/cbi_selected_economic_indicators_monetary_banking_1403_08.xls,sheet:major_monetary_variables,xls_cell_extraction,0.0,passed_liquidity_equals_money_plus_quasi_money,ecf035f242a9b5fdd503afcf1cad9b5032ac221a8adad0b992431a36e21446e9
1403-09,1403,9,96036.1,23443.4,72592.7,thousand_billion_rials,xls,data/raw/macroeconomic_environment/liquidity/cbi_selected_economic_indicators_monetary_credit_monthly/1403/cbi_selected_economic_indicators_monetary_banking_1403_09.xls,sheet:major_monetary_variables,xls_cell_extraction,0.0,passed_liquidity_equals_money_plus_quasi_money,732d6fc819346ecfcbbe927caf272b49c04e7981c9e5f2fd0df534df814b04d5
1403-10,1403,10,97233.3,23802.7,73430.6,thousand_billion_rials,xls,data/raw/macroeconomic_environment/liquidity/cbi_selected_economic_indicators_monetary_credit_monthly/1403/cbi_selected_economic_indicators_monetary_banking_1403_10.xls,sheet:major_monetary_variables,xls_cell_extraction,0.0,passed_liquidity_equals_money_plus_quasi_money,02d1ce8ab9ee6d92e767040c361ba0916d1202787b324222a9c0666e8c854003
1403-11,1403,11,99420.1,25072.0,74348.1,thousand_billion_rials,xls,data/raw/macroeconomic_environment/liquidity/cbi_selected_economic_indicators_monetary_credit_monthly/1403/cbi_selected_economic_indicators_monetary_banking_1403_11.xls,sheet:major_monetary_variables,xls_cell_extraction,0.0,passed_liquidity_equals_money_plus_quasi_money,12095bff63d2330860788afd30c05093bd538cd76959e245d6616b99a9ee9b6f
1403-12,1403,12,101659.5,26317.3,75342.2,thousand_billion_rials,xls,data/raw/macroeconomic_environment/liquidity/cbi_selected_economic_indicators_monetary_credit_monthly/1403/cbi_selected_economic_indicators_monetary_banking_1403_12.xls,sheet:major_monetary_variables,xls_cell_extraction,0.0,passed_liquidity_equals_money_plus_quasi_money,f7ebdb399304426dde5480661e30e9f7a3b92665133be3e918d4a07a00553055
1404-01,1404,1,105288.6,26570.3,78718.3,thousand_billion_rials,xls,data/raw/macroeconomic_environment/liquidity/cbi_selected_economic_indicators_monetary_credit_monthly/1404/cbi_selected_economic_indicators_monetary_banking_1404_01.xls,sheet:major_monetary_variables,xls_cell_extraction,0.0,passed_liquidity_equals_money_plus_quasi_money,64d8869c00b04a1c9f1d7a9e327106b61a35b2d11ef69833fd8d9ef386d87558
1404-02,1404,2,107392.6,25819.4,81573.2,thousand_billion_rials,xls,data/raw/macroeconomic_environment/liquidity/cbi_selected_economic_indicators_monetary_credit_monthly/1404/cbi_selected_economic_indicators_monetary_banking_1404_02.xls,sheet:major_monetary_variables,xls_cell_extraction,0.0,passed_liquidity_equals_money_plus_quasi_money,566aa00004abcd0f7de69fe755d4991b1d20a9a696e88b067228e06b931dbbf4
1404-03,1404,3,110588.0,26496.1,84091.9,thousand_billion_rials,xls,data/raw/macroeconomic_environment/liquidity/cbi_selected_economic_indicators_monetary_credit_monthly/1404/cbi_selected_economic_indicators_monetary_banking_1404_03.xls,sheet:major_monetary_variables,xls_cell_extraction,0.0,passed_liquidity_equals_money_plus_quasi_money,516405c0970876e122e5a5a6cbcfb89ce13cf17e401a43e631c60f56fd5ee571
1404-04,1404,4,115783.3,27703.9,88079.4,thousand_billion_rials,xls,data/raw/macroeconomic_environment/liquidity/cbi_selected_economic_indicators_monetary_credit_monthly/1404/cbi_selected_economic_indicators_monetary_banking_1404_04.xls,sheet:major_monetary_variables,xls_cell_extraction,0.0,passed_liquidity_equals_money_plus_quasi_money,e61fab71ffdf17fb485ce6e4929cae9ef56ac1e855e4391808ff09aee0722aa3
1404-05,1404,5,120149.3,28693.5,91455.8,thousand_billion_rials,xls,data/raw/macroeconomic_environment/liquidity/cbi_selected_economic_indicators_monetary_credit_monthly/1404/cbi_selected_economic_indicators_monetary_banking_1404_05.xls,sheet:major_monetary_variables,xls_cell_extraction,0.0,passed_liquidity_equals_money_plus_quasi_money,d8336ce019f10f8b0dc412f661cb410a268b9b86c502ab8ffe4824021d0555e3
1404-06,1404,6,124087.3,30302.9,93784.4,thousand_billion_rials,xls,data/raw/macroeconomic_environment/liquidity/cbi_selected_economic_indicators_monetary_credit_monthly/1404/cbi_selected_economic_indicators_monetary_banking_1404_06.xls,sheet:major_monetary_variables,xls_cell_extraction,0.0,passed_liquidity_equals_money_plus_quasi_money,70cdde085fe4cc00017784a27f3555ac01d14ab9ce9190bacde1bb9c94fecd07
1404-07,1404,7,128009.1,30537.4,97471.7,thousand_billion_rials,xls,data/raw/macroeconomic_environment/liquidity/cbi_selected_economic_indicators_monetary_credit_monthly/1404/cbi_selected_economic_indicators_monetary_banking_1404_07.xls,sheet:major_monetary_variables,xls_cell_extraction,0.0,passed_liquidity_equals_money_plus_quasi_money,e3eaf804b42e54453fa18053309a49903185448aca7f2b3342d350866f7f05d4
1404-08,1404,8,131845.3,31878.8,99966.5,thousand_billion_rials,xls,data/raw/macroeconomic_environment/liquidity/cbi_selected_economic_indicators_monetary_credit_monthly/1404/cbi_selected_economic_indicators_monetary_banking_1404_08.xls,sheet:major_monetary_variables,xls_cell_extraction,-0.0,passed_liquidity_equals_money_plus_quasi_money,3c219ebc3022562de16073f47e80f027bf1875d4019c9b506f5814a30b44e2d3
1404-09,1404,9,135344.6,33854.3,101490.3,thousand_billion_rials,xls,data/raw/macroeconomic_environment/liquidity/cbi_selected_economic_indicators_monetary_credit_monthly/1404/cbi_selected_economic_indicators_monetary_banking_1404_09.xls,sheet:major_monetary_variables,xls_cell_extraction,0.0,passed_liquidity_equals_money_plus_quasi_money,035b525af08018c171b1ffa91257534c7d08152f6bae38e7cc0cfce10dd8a3bd
1404-10,1404,10,141490.0,36275.1,105214.9,thousand_billion_rials,xls,data/raw/macroeconomic_environment/liquidity/cbi_selected_economic_indicators_monetary_credit_monthly/1404/cbi_selected_economic_indicators_monetary_banking_1404_10.xls,sheet:major_monetary_variables,xls_cell_extraction,0.0,passed_liquidity_equals_money_plus_quasi_money,5713169da27074dd1033536217d5821a56222460dab46ac5260d2f93cb7ec406
1404-11,1404,11,146400.3,38020.9,108379.4,thousand_billion_rials,xls,data/raw/macroeconomic_environment/liquidity/cbi_selected_economic_indicators_monetary_credit_monthly/1404/cbi_selected_economic_indicators_monetary_banking_1404_11.xls,sheet:major_monetary_variables,xls_cell_extraction,0.0,passed_liquidity_equals_money_plus_quasi_money,0ed0f005f6d749ac0c97429ca0bf46556c33258e8e6f517ef52a2cf17ae30fb4
1404-12,1404,12,155812.2,39948.4,115863.8,thousand_billion_rials,xls,data/raw/macroeconomic_environment/liquidity/cbi_selected_economic_indicators_monetary_credit_monthly/1404/cbi_selected_economic_indicators_monetary_banking_1404_12.xls,sheet:major_monetary_variables,xls_cell_extraction,0.0,passed_liquidity_equals_money_plus_quasi_money,648af2335b07d1b8a7f3531765e5dc0784071fd708ec64b3d9ab4cd4f6b0ea0f
